trial_id,initial_policy_decision,final_policy_decision,evidence_class
benign-0001,permit,permit,deterministic_derivation_from_manuscript_summary
benign-0002,permit,permit,deterministic_derivation_from_manuscript_summary
benign-0003,permit,permit,deterministic_derivation_from_manuscript_summary
benign-0004,permit,permit,deterministic_derivation_from_manuscript_summary
benign-0005,permit,permit,deterministic_derivation_from_manuscript_summary
benign-0006,permit,permit,deterministic_derivation_from_manuscript_summary
benign-0007,permit,permit,deterministic_derivation_from_manuscript_summary
benign-0008,permit,permit,deterministic_derivation_from_manuscript_summary
benign-0009,permit,permit,deterministic_derivation_from_manuscript_summary
benign-0010,permit,permit,deterministic_derivation_from_manuscript_summary
benign-0011,permit,permit,deterministic_derivation_from_manuscript_summary
benign-0012,deny,permit,deterministic_derivation_from_manuscript_summary
benign-0013,permit,permit,deterministic_derivation_from_manuscript_summary
benign-0014,permit,permit,deterministic_derivation_from_manuscript_summary
benign-0015,permit,permit,deterministic_derivation_from_manuscript_summary
benign-0016,permit,permit,deterministic_derivation_from_manuscript_summary
benign-0017,permit,permit,deterministic_derivation_from_manuscript_summary
benign-0018,permit,permit,deterministic_derivation_from_manuscript_summary
benign-0019,permit,permit,deterministic_derivation_from_manuscript_summary
benign-0020,permit,permit,deterministic_derivation_from_manuscript_summary
benign-0021,permit,permit,deterministic_derivation_from_manuscript_summary
benign-0022,permit,permit,deterministic_derivation_from_manuscript_summary
benign-0023,permit,permit,deterministic_derivation_from_manuscript_summary
benign-0024,permit,permit,deterministic_derivation_from_manuscript_summary
benign-0025,deny,permit,deterministic_derivation_from_manuscript_summary
benign-0026,permit,permit,deterministic_derivation_from_manuscript_summary
benign-0027,permit,permit,deterministic_derivation_from_manuscript_summary
benign-0028,permit,permit,deterministic_derivation_from_manuscript_summary
benign-0029,permit,permit,deterministic_derivation_from_manuscript_summary
benign-0030,permit,permit,deterministic_derivation_from_manuscript_summary
benign-0031,permit,permit,deterministic_derivation_from_manuscript_summary
benign-0032,permit,permit,deterministic_derivation_from_manuscript_summary
benign-0033,permit,permit,deterministic_derivation_from_manuscript_summary
benign-0034,permit,permit,deterministic_derivation_from_manuscript_summary
benign-0035,permit,permit,deterministic_derivation_from_manuscript_summary
benign-0036,permit,permit,deterministic_derivation_from_manuscript_summary
benign-0037,deny,permit,deterministic_derivation_from_manuscript_summary
benign-0038,permit,permit,deterministic_derivation_from_manuscript_summary
benign-0039,permit,permit,deterministic_derivation_from_manuscript_summary
benign-0040,permit,permit,deterministic_derivation_from_manuscript_summary
benign-0041,permit,permit,deterministic_derivation_from_manuscript_summary
benign-0042,permit,permit,deterministic_derivation_from_manuscript_summary
benign-0043,permit,permit,deterministic_derivation_from_manuscript_summary
benign-0044,permit,permit,deterministic_derivation_from_manuscript_summary
benign-0045,permit,permit,deterministic_derivation_from_manuscript_summary
benign-0046,permit,permit,deterministic_derivation_from_manuscript_summary
benign-0047,permit,permit,deterministic_derivation_from_manuscript_summary
benign-0048,permit,permit,deterministic_derivation_from_manuscript_summary
benign-0049,permit,permit,deterministic_derivation_from_manuscript_summary
benign-0050,permit,permit,deterministic_derivation_from_manuscript_summary
benign-0051,permit,permit,deterministic_derivation_from_manuscript_summary
benign-0052,deny,permit,deterministic_derivation_from_manuscript_summary
benign-0053,permit,permit,deterministic_derivation_from_manuscript_summary
benign-0054,permit,permit,deterministic_derivation_from_manuscript_summary
benign-0055,permit,permit,deterministic_derivation_from_manuscript_summary
benign-0056,permit,permit,deterministic_derivation_from_manuscript_summary
benign-0057,permit,permit,deterministic_derivation_from_manuscript_summary
benign-0058,permit,permit,deterministic_derivation_from_manuscript_summary
benign-0059,permit,permit,deterministic_derivation_from_manuscript_summary
benign-0060,permit,permit,deterministic_derivation_from_manuscript_summary
benign-0061,permit,permit,deterministic_derivation_from_manuscript_summary
benign-0062,permit,permit,deterministic_derivation_from_manuscript_summary
benign-0063,permit,permit,deterministic_derivation_from_manuscript_summary
benign-0064,permit,permit,deterministic_derivation_from_manuscript_summary
benign-0065,permit,permit,deterministic_derivation_from_manuscript_summary
benign-0066,permit,permit,deterministic_derivation_from_manuscript_summary
benign-0067,deny,permit,deterministic_derivation_from_manuscript_summary
benign-0068,permit,permit,deterministic_derivation_from_manuscript_summary
benign-0069,permit,permit,deterministic_derivation_from_manuscript_summary
benign-0070,deny,permit,deterministic_derivation_from_manuscript_summary
benign-0071,permit,permit,deterministic_derivation_from_manuscript_summary
benign-0072,permit,permit,deterministic_derivation_from_manuscript_summary
benign-0073,permit,permit,deterministic_derivation_from_manuscript_summary
benign-0074,permit,permit,deterministic_derivation_from_manuscript_summary
benign-0075,permit,permit,deterministic_derivation_from_manuscript_summary
benign-0076,permit,permit,deterministic_derivation_from_manuscript_summary
benign-0077,permit,permit,deterministic_derivation_from_manuscript_summary
benign-0078,permit,permit,deterministic_derivation_from_manuscript_summary
benign-0079,permit,permit,deterministic_derivation_from_manuscript_summary
benign-0080,permit,permit,deterministic_derivation_from_manuscript_summary
benign-0081,permit,permit,deterministic_derivation_from_manuscript_summary
benign-0082,permit,permit,deterministic_derivation_from_manuscript_summary
benign-0083,permit,permit,deterministic_derivation_from_manuscript_summary
benign-0084,permit,permit,deterministic_derivation_from_manuscript_summary
benign-0085,permit,permit,deterministic_derivation_from_manuscript_summary
benign-0086,permit,permit,deterministic_derivation_from_manuscript_summary
benign-0087,permit,permit,deterministic_derivation_from_manuscript_summary
benign-0088,permit,deny,deterministic_derivation_from_manuscript_summary
benign-0089,permit,permit,deterministic_derivation_from_manuscript_summary
benign-0090,permit,permit,deterministic_derivation_from_manuscript_summary
benign-0091,permit,permit,deterministic_derivation_from_manuscript_summary
benign-0092,permit,permit,deterministic_derivation_from_manuscript_summary
benign-0093,permit,permit,deterministic_derivation_from_manuscript_summary
benign-0094,permit,permit,deterministic_derivation_from_manuscript_summary
benign-0095,permit,permit,deterministic_derivation_from_manuscript_summary
benign-0096,permit,permit,deterministic_derivation_from_manuscript_summary
benign-0097,permit,permit,deterministic_derivation_from_manuscript_summary
benign-0098,permit,permit,deterministic_derivation_from_manuscript_summary
benign-0099,permit,permit,deterministic_derivation_from_manuscript_summary
benign-0100,deny,permit,deterministic_derivation_from_manuscript_summary
benign-0101,permit,permit,deterministic_derivation_from_manuscript_summary
benign-0102,permit,permit,deterministic_derivation_from_manuscript_summary
benign-0103,permit,permit,deterministic_derivation_from_manuscript_summary
benign-0104,permit,permit,deterministic_derivation_from_manuscript_summary
benign-0105,permit,permit,deterministic_derivation_from_manuscript_summary
benign-0106,permit,permit,deterministic_derivation_from_manuscript_summary
benign-0107,permit,permit,deterministic_derivation_from_manuscript_summary
benign-0108,permit,deny,deterministic_derivation_from_manuscript_summary
benign-0109,permit,permit,deterministic_derivation_from_manuscript_summary
benign-0110,permit,permit,deterministic_derivation_from_manuscript_summary
benign-0111,permit,permit,deterministic_derivation_from_manuscript_summary
benign-0112,permit,permit,deterministic_derivation_from_manuscript_summary
benign-0113,permit,permit,deterministic_derivation_from_manuscript_summary
benign-0114,permit,permit,deterministic_derivation_from_manuscript_summary
benign-0115,permit,permit,deterministic_derivation_from_manuscript_summary
benign-0116,permit,permit,deterministic_derivation_from_manuscript_summary
benign-0117,permit,permit,deterministic_derivation_from_manuscript_summary
benign-0118,permit,permit,deterministic_derivation_from_manuscript_summary
benign-0119,permit,deny,deterministic_derivation_from_manuscript_summary
benign-0120,permit,permit,deterministic_derivation_from_manuscript_summary
benign-0121,permit,permit,deterministic_derivation_from_manuscript_summary
benign-0122,permit,permit,deterministic_derivation_from_manuscript_summary
benign-0123,permit,permit,deterministic_derivation_from_manuscript_summary
benign-0124,permit,permit,deterministic_derivation_from_manuscript_summary
benign-0125,permit,permit,deterministic_derivation_from_manuscript_summary
benign-0126,permit,permit,deterministic_derivation_from_manuscript_summary
benign-0127,permit,permit,deterministic_derivation_from_manuscript_summary
benign-0128,permit,permit,deterministic_derivation_from_manuscript_summary
benign-0129,permit,permit,deterministic_derivation_from_manuscript_summary
benign-0130,permit,deny,deterministic_derivation_from_manuscript_summary
benign-0131,permit,permit,deterministic_derivation_from_manuscript_summary
benign-0132,permit,permit,deterministic_derivation_from_manuscript_summary
benign-0133,permit,permit,deterministic_derivation_from_manuscript_summary
benign-0134,permit,permit,deterministic_derivation_from_manuscript_summary
benign-0135,permit,permit,deterministic_derivation_from_manuscript_summary
benign-0136,permit,permit,deterministic_derivation_from_manuscript_summary
benign-0137,permit,permit,deterministic_derivation_from_manuscript_summary
benign-0138,permit,permit,deterministic_derivation_from_manuscript_summary
benign-0139,permit,permit,deterministic_derivation_from_manuscript_summary
benign-0140,permit,permit,deterministic_derivation_from_manuscript_summary
benign-0141,permit,permit,deterministic_derivation_from_manuscript_summary
benign-0142,permit,permit,deterministic_derivation_from_manuscript_summary
benign-0143,permit,permit,deterministic_derivation_from_manuscript_summary
benign-0144,permit,permit,deterministic_derivation_from_manuscript_summary
benign-0145,permit,permit,deterministic_derivation_from_manuscript_summary
benign-0146,permit,permit,deterministic_derivation_from_manuscript_summary
benign-0147,permit,permit,deterministic_derivation_from_manuscript_summary
benign-0148,permit,permit,deterministic_derivation_from_manuscript_summary
benign-0149,permit,permit,deterministic_derivation_from_manuscript_summary
benign-0150,permit,permit,deterministic_derivation_from_manuscript_summary
benign-0151,permit,permit,deterministic_derivation_from_manuscript_summary
benign-0152,permit,deny,deterministic_derivation_from_manuscript_summary
benign-0153,permit,permit,deterministic_derivation_from_manuscript_summary
benign-0154,permit,permit,deterministic_derivation_from_manuscript_summary
benign-0155,permit,permit,deterministic_derivation_from_manuscript_summary
benign-0156,permit,permit,deterministic_derivation_from_manuscript_summary
benign-0157,permit,permit,deterministic_derivation_from_manuscript_summary
benign-0158,permit,permit,deterministic_derivation_from_manuscript_summary
benign-0159,permit,permit,deterministic_derivation_from_manuscript_summary
benign-0160,permit,permit,deterministic_derivation_from_manuscript_summary
benign-0161,permit,permit,deterministic_derivation_from_manuscript_summary
benign-0162,permit,permit,deterministic_derivation_from_manuscript_summary
benign-0163,permit,permit,deterministic_derivation_from_manuscript_summary
benign-0164,permit,permit,deterministic_derivation_from_manuscript_summary
benign-0165,permit,permit,deterministic_derivation_from_manuscript_summary
benign-0166,permit,permit,deterministic_derivation_from_manuscript_summary
benign-0167,deny,permit,deterministic_derivation_from_manuscript_summary
benign-0168,permit,permit,deterministic_derivation_from_manuscript_summary
benign-0169,permit,permit,deterministic_derivation_from_manuscript_summary
benign-0170,permit,permit,deterministic_derivation_from_manuscript_summary
benign-0171,permit,permit,deterministic_derivation_from_manuscript_summary
benign-0172,permit,permit,deterministic_derivation_from_manuscript_summary
benign-0173,permit,permit,deterministic_derivation_from_manuscript_summary
benign-0174,permit,permit,deterministic_derivation_from_manuscript_summary
benign-0175,permit,permit,deterministic_derivation_from_manuscript_summary
benign-0176,deny,permit,deterministic_derivation_from_manuscript_summary
benign-0177,deny,permit,deterministic_derivation_from_manuscript_summary
benign-0178,permit,permit,deterministic_derivation_from_manuscript_summary
benign-0179,deny,permit,deterministic_derivation_from_manuscript_summary
benign-0180,permit,permit,deterministic_derivation_from_manuscript_summary
benign-0181,permit,permit,deterministic_derivation_from_manuscript_summary
benign-0182,permit,permit,deterministic_derivation_from_manuscript_summary
benign-0183,deny,permit,deterministic_derivation_from_manuscript_summary
benign-0184,permit,permit,deterministic_derivation_from_manuscript_summary
benign-0185,permit,permit,deterministic_derivation_from_manuscript_summary
benign-0186,permit,permit,deterministic_derivation_from_manuscript_summary
benign-0187,permit,permit,deterministic_derivation_from_manuscript_summary
benign-0188,permit,permit,deterministic_derivation_from_manuscript_summary
benign-0189,deny,permit,deterministic_derivation_from_manuscript_summary
benign-0190,permit,permit,deterministic_derivation_from_manuscript_summary
benign-0191,permit,permit,deterministic_derivation_from_manuscript_summary
benign-0192,permit,permit,deterministic_derivation_from_manuscript_summary
benign-0193,permit,permit,deterministic_derivation_from_manuscript_summary
benign-0194,permit,permit,deterministic_derivation_from_manuscript_summary
benign-0195,permit,permit,deterministic_derivation_from_manuscript_summary
benign-0196,permit,permit,deterministic_derivation_from_manuscript_summary
benign-0197,permit,permit,deterministic_derivation_from_manuscript_summary
benign-0198,permit,permit,deterministic_derivation_from_manuscript_summary
benign-0199,permit,permit,deterministic_derivation_from_manuscript_summary
benign-0200,permit,permit,deterministic_derivation_from_manuscript_summary
benign-0201,permit,permit,deterministic_derivation_from_manuscript_summary
benign-0202,permit,permit,deterministic_derivation_from_manuscript_summary
benign-0203,permit,permit,deterministic_derivation_from_manuscript_summary
benign-0204,permit,permit,deterministic_derivation_from_manuscript_summary
benign-0205,deny,permit,deterministic_derivation_from_manuscript_summary
benign-0206,permit,permit,deterministic_derivation_from_manuscript_summary
benign-0207,permit,permit,deterministic_derivation_from_manuscript_summary
benign-0208,permit,permit,deterministic_derivation_from_manuscript_summary
benign-0209,permit,permit,deterministic_derivation_from_manuscript_summary
benign-0210,permit,permit,deterministic_derivation_from_manuscript_summary
benign-0211,deny,permit,deterministic_derivation_from_manuscript_summary
benign-0212,permit,permit,deterministic_derivation_from_manuscript_summary
benign-0213,permit,permit,deterministic_derivation_from_manuscript_summary
benign-0214,permit,permit,deterministic_derivation_from_manuscript_summary
benign-0215,permit,permit,deterministic_derivation_from_manuscript_summary
benign-0216,permit,permit,deterministic_derivation_from_manuscript_summary
benign-0217,permit,permit,deterministic_derivation_from_manuscript_summary
benign-0218,permit,permit,deterministic_derivation_from_manuscript_summary
benign-0219,permit,permit,deterministic_derivation_from_manuscript_summary
benign-0220,permit,permit,deterministic_derivation_from_manuscript_summary
benign-0221,permit,permit,deterministic_derivation_from_manuscript_summary
benign-0222,permit,permit,deterministic_derivation_from_manuscript_summary
benign-0223,permit,permit,deterministic_derivation_from_manuscript_summary
benign-0224,permit,permit,deterministic_derivation_from_manuscript_summary
benign-0225,permit,permit,deterministic_derivation_from_manuscript_summary
benign-0226,permit,permit,deterministic_derivation_from_manuscript_summary
benign-0227,permit,permit,deterministic_derivation_from_manuscript_summary
benign-0228,permit,permit,deterministic_derivation_from_manuscript_summary
benign-0229,permit,permit,deterministic_derivation_from_manuscript_summary
benign-0230,permit,permit,deterministic_derivation_from_manuscript_summary
benign-0231,permit,permit,deterministic_derivation_from_manuscript_summary
benign-0232,permit,permit,deterministic_derivation_from_manuscript_summary
benign-0233,permit,permit,deterministic_derivation_from_manuscript_summary
benign-0234,permit,permit,deterministic_derivation_from_manuscript_summary
benign-0235,permit,permit,deterministic_derivation_from_manuscript_summary
benign-0236,permit,permit,deterministic_derivation_from_manuscript_summary
benign-0237,permit,permit,deterministic_derivation_from_manuscript_summary
benign-0238,permit,permit,deterministic_derivation_from_manuscript_summary
benign-0239,permit,permit,deterministic_derivation_from_manuscript_summary
benign-0240,permit,permit,deterministic_derivation_from_manuscript_summary
benign-0241,permit,permit,deterministic_derivation_from_manuscript_summary
benign-0242,permit,permit,deterministic_derivation_from_manuscript_summary
benign-0243,permit,permit,deterministic_derivation_from_manuscript_summary
benign-0244,permit,permit,deterministic_derivation_from_manuscript_summary
benign-0245,permit,permit,deterministic_derivation_from_manuscript_summary
benign-0246,deny,permit,deterministic_derivation_from_manuscript_summary
benign-0247,permit,permit,deterministic_derivation_from_manuscript_summary
benign-0248,permit,permit,deterministic_derivation_from_manuscript_summary
benign-0249,permit,permit,deterministic_derivation_from_manuscript_summary
benign-0250,permit,permit,deterministic_derivation_from_manuscript_summary
benign-0251,permit,permit,deterministic_derivation_from_manuscript_summary
benign-0252,deny,permit,deterministic_derivation_from_manuscript_summary
benign-0253,permit,permit,deterministic_derivation_from_manuscript_summary
benign-0254,permit,permit,deterministic_derivation_from_manuscript_summary
benign-0255,permit,permit,deterministic_derivation_from_manuscript_summary
benign-0256,permit,permit,deterministic_derivation_from_manuscript_summary
benign-0257,permit,permit,deterministic_derivation_from_manuscript_summary
benign-0258,permit,permit,deterministic_derivation_from_manuscript_summary
benign-0259,permit,permit,deterministic_derivation_from_manuscript_summary
benign-0260,permit,permit,deterministic_derivation_from_manuscript_summary
benign-0261,permit,permit,deterministic_derivation_from_manuscript_summary
benign-0262,permit,permit,deterministic_derivation_from_manuscript_summary
benign-0263,permit,permit,deterministic_derivation_from_manuscript_summary
benign-0264,permit,permit,deterministic_derivation_from_manuscript_summary
benign-0265,permit,permit,deterministic_derivation_from_manuscript_summary
benign-0266,permit,permit,deterministic_derivation_from_manuscript_summary
benign-0267,permit,permit,deterministic_derivation_from_manuscript_summary
benign-0268,permit,permit,deterministic_derivation_from_manuscript_summary
benign-0269,deny,permit,deterministic_derivation_from_manuscript_summary
benign-0270,permit,permit,deterministic_derivation_from_manuscript_summary
benign-0271,permit,permit,deterministic_derivation_from_manuscript_summary
benign-0272,permit,permit,deterministic_derivation_from_manuscript_summary
benign-0273,permit,permit,deterministic_derivation_from_manuscript_summary
benign-0274,permit,permit,deterministic_derivation_from_manuscript_summary
benign-0275,permit,permit,deterministic_derivation_from_manuscript_summary
benign-0276,permit,permit,deterministic_derivation_from_manuscript_summary
benign-0277,permit,permit,deterministic_derivation_from_manuscript_summary
benign-0278,permit,permit,deterministic_derivation_from_manuscript_summary
benign-0279,permit,permit,deterministic_derivation_from_manuscript_summary
benign-0280,permit,permit,deterministic_derivation_from_manuscript_summary
benign-0281,permit,permit,deterministic_derivation_from_manuscript_summary
benign-0282,permit,permit,deterministic_derivation_from_manuscript_summary
benign-0283,permit,permit,deterministic_derivation_from_manuscript_summary
benign-0284,permit,permit,deterministic_derivation_from_manuscript_summary
benign-0285,permit,permit,deterministic_derivation_from_manuscript_summary
benign-0286,permit,permit,deterministic_derivation_from_manuscript_summary
benign-0287,permit,permit,deterministic_derivation_from_manuscript_summary
benign-0288,deny,permit,deterministic_derivation_from_manuscript_summary
benign-0289,permit,permit,deterministic_derivation_from_manuscript_summary
benign-0290,permit,permit,deterministic_derivation_from_manuscript_summary
benign-0291,permit,permit,deterministic_derivation_from_manuscript_summary
benign-0292,permit,permit,deterministic_derivation_from_manuscript_summary
benign-0293,permit,permit,deterministic_derivation_from_manuscript_summary
benign-0294,permit,permit,deterministic_derivation_from_manuscript_summary
benign-0295,permit,permit,deterministic_derivation_from_manuscript_summary
benign-0296,permit,permit,deterministic_derivation_from_manuscript_summary
benign-0297,permit,permit,deterministic_derivation_from_manuscript_summary
benign-0298,permit,permit,deterministic_derivation_from_manuscript_summary
benign-0299,deny,permit,deterministic_derivation_from_manuscript_summary
benign-0300,permit,permit,deterministic_derivation_from_manuscript_summary
benign-0301,permit,permit,deterministic_derivation_from_manuscript_summary
benign-0302,permit,permit,deterministic_derivation_from_manuscript_summary
benign-0303,permit,permit,deterministic_derivation_from_manuscript_summary
benign-0304,permit,permit,deterministic_derivation_from_manuscript_summary
benign-0305,permit,permit,deterministic_derivation_from_manuscript_summary
benign-0306,permit,permit,deterministic_derivation_from_manuscript_summary
benign-0307,permit,permit,deterministic_derivation_from_manuscript_summary
benign-0308,permit,permit,deterministic_derivation_from_manuscript_summary
benign-0309,permit,permit,deterministic_derivation_from_manuscript_summary
benign-0310,permit,permit,deterministic_derivation_from_manuscript_summary
benign-0311,permit,permit,deterministic_derivation_from_manuscript_summary
benign-0312,permit,permit,deterministic_derivation_from_manuscript_summary
benign-0313,permit,permit,deterministic_derivation_from_manuscript_summary
benign-0314,permit,permit,deterministic_derivation_from_manuscript_summary
benign-0315,permit,permit,deterministic_derivation_from_manuscript_summary
benign-0316,permit,permit,deterministic_derivation_from_manuscript_summary
benign-0317,permit,permit,deterministic_derivation_from_manuscript_summary
benign-0318,permit,permit,deterministic_derivation_from_manuscript_summary
benign-0319,permit,permit,deterministic_derivation_from_manuscript_summary
benign-0320,permit,permit,deterministic_derivation_from_manuscript_summary
benign-0321,permit,permit,deterministic_derivation_from_manuscript_summary
benign-0322,permit,permit,deterministic_derivation_from_manuscript_summary
benign-0323,permit,permit,deterministic_derivation_from_manuscript_summary
benign-0324,permit,permit,deterministic_derivation_from_manuscript_summary
benign-0325,permit,permit,deterministic_derivation_from_manuscript_summary
benign-0326,permit,permit,deterministic_derivation_from_manuscript_summary
benign-0327,permit,deny,deterministic_derivation_from_manuscript_summary
benign-0328,permit,permit,deterministic_derivation_from_manuscript_summary
benign-0329,permit,permit,deterministic_derivation_from_manuscript_summary
benign-0330,permit,permit,deterministic_derivation_from_manuscript_summary
benign-0331,permit,permit,deterministic_derivation_from_manuscript_summary
benign-0332,permit,permit,deterministic_derivation_from_manuscript_summary
benign-0333,permit,permit,deterministic_derivation_from_manuscript_summary
benign-0334,permit,permit,deterministic_derivation_from_manuscript_summary
benign-0335,permit,permit,deterministic_derivation_from_manuscript_summary
benign-0336,permit,permit,deterministic_derivation_from_manuscript_summary
benign-0337,permit,permit,deterministic_derivation_from_manuscript_summary
benign-0338,permit,permit,deterministic_derivation_from_manuscript_summary
benign-0339,permit,permit,deterministic_derivation_from_manuscript_summary
benign-0340,permit,permit,deterministic_derivation_from_manuscript_summary
benign-0341,permit,permit,deterministic_derivation_from_manuscript_summary
benign-0342,permit,permit,deterministic_derivation_from_manuscript_summary
benign-0343,permit,permit,deterministic_derivation_from_manuscript_summary
benign-0344,permit,permit,deterministic_derivation_from_manuscript_summary
benign-0345,permit,permit,deterministic_derivation_from_manuscript_summary
benign-0346,permit,permit,deterministic_derivation_from_manuscript_summary
benign-0347,permit,permit,deterministic_derivation_from_manuscript_summary
benign-0348,permit,permit,deterministic_derivation_from_manuscript_summary
benign-0349,permit,permit,deterministic_derivation_from_manuscript_summary
benign-0350,permit,permit,deterministic_derivation_from_manuscript_summary
benign-0351,permit,permit,deterministic_derivation_from_manuscript_summary
benign-0352,permit,permit,deterministic_derivation_from_manuscript_summary
benign-0353,permit,permit,deterministic_derivation_from_manuscript_summary
benign-0354,permit,permit,deterministic_derivation_from_manuscript_summary
benign-0355,permit,permit,deterministic_derivation_from_manuscript_summary
benign-0356,permit,permit,deterministic_derivation_from_manuscript_summary
benign-0357,permit,permit,deterministic_derivation_from_manuscript_summary
benign-0358,permit,permit,deterministic_derivation_from_manuscript_summary
benign-0359,permit,permit,deterministic_derivation_from_manuscript_summary
benign-0360,permit,permit,deterministic_derivation_from_manuscript_summary
benign-0361,permit,permit,deterministic_derivation_from_manuscript_summary
benign-0362,permit,permit,deterministic_derivation_from_manuscript_summary
benign-0363,permit,permit,deterministic_derivation_from_manuscript_summary
benign-0364,permit,permit,deterministic_derivation_from_manuscript_summary
benign-0365,deny,permit,deterministic_derivation_from_manuscript_summary
benign-0366,permit,permit,deterministic_derivation_from_manuscript_summary
benign-0367,permit,permit,deterministic_derivation_from_manuscript_summary
benign-0368,permit,permit,deterministic_derivation_from_manuscript_summary
benign-0369,permit,permit,deterministic_derivation_from_manuscript_summary
benign-0370,permit,permit,deterministic_derivation_from_manuscript_summary
benign-0371,permit,permit,deterministic_derivation_from_manuscript_summary
benign-0372,permit,permit,deterministic_derivation_from_manuscript_summary
benign-0373,permit,permit,deterministic_derivation_from_manuscript_summary
benign-0374,permit,permit,deterministic_derivation_from_manuscript_summary
benign-0375,permit,permit,deterministic_derivation_from_manuscript_summary
benign-0376,permit,permit,deterministic_derivation_from_manuscript_summary
benign-0377,permit,permit,deterministic_derivation_from_manuscript_summary
benign-0378,permit,permit,deterministic_derivation_from_manuscript_summary
benign-0379,permit,permit,deterministic_derivation_from_manuscript_summary
benign-0380,permit,permit,deterministic_derivation_from_manuscript_summary
benign-0381,deny,permit,deterministic_derivation_from_manuscript_summary
benign-0382,permit,permit,deterministic_derivation_from_manuscript_summary
benign-0383,permit,permit,deterministic_derivation_from_manuscript_summary
benign-0384,permit,permit,deterministic_derivation_from_manuscript_summary
benign-0385,permit,permit,deterministic_derivation_from_manuscript_summary
benign-0386,permit,permit,deterministic_derivation_from_manuscript_summary
benign-0387,permit,permit,deterministic_derivation_from_manuscript_summary
benign-0388,deny,permit,deterministic_derivation_from_manuscript_summary
benign-0389,permit,permit,deterministic_derivation_from_manuscript_summary
benign-0390,permit,permit,deterministic_derivation_from_manuscript_summary
benign-0391,permit,permit,deterministic_derivation_from_manuscript_summary
benign-0392,permit,permit,deterministic_derivation_from_manuscript_summary
benign-0393,permit,permit,deterministic_derivation_from_manuscript_summary
benign-0394,permit,permit,deterministic_derivation_from_manuscript_summary
benign-0395,permit,permit,deterministic_derivation_from_manuscript_summary
benign-0396,permit,permit,deterministic_derivation_from_manuscript_summary
benign-0397,deny,permit,deterministic_derivation_from_manuscript_summary
benign-0398,permit,permit,deterministic_derivation_from_manuscript_summary
benign-0399,permit,permit,deterministic_derivation_from_manuscript_summary
benign-0400,permit,permit,deterministic_derivation_from_manuscript_summary
benign-0401,permit,permit,deterministic_derivation_from_manuscript_summary
benign-0402,permit,permit,deterministic_derivation_from_manuscript_summary
benign-0403,permit,permit,deterministic_derivation_from_manuscript_summary
benign-0404,permit,permit,deterministic_derivation_from_manuscript_summary
benign-0405,permit,permit,deterministic_derivation_from_manuscript_summary
benign-0406,permit,permit,deterministic_derivation_from_manuscript_summary
benign-0407,permit,permit,deterministic_derivation_from_manuscript_summary
benign-0408,permit,deny,deterministic_derivation_from_manuscript_summary
benign-0409,permit,permit,deterministic_derivation_from_manuscript_summary
benign-0410,permit,permit,deterministic_derivation_from_manuscript_summary
benign-0411,permit,permit,deterministic_derivation_from_manuscript_summary
benign-0412,permit,permit,deterministic_derivation_from_manuscript_summary
benign-0413,permit,permit,deterministic_derivation_from_manuscript_summary
benign-0414,deny,permit,deterministic_derivation_from_manuscript_summary
benign-0415,permit,permit,deterministic_derivation_from_manuscript_summary
benign-0416,permit,permit,deterministic_derivation_from_manuscript_summary
benign-0417,permit,permit,deterministic_derivation_from_manuscript_summary
benign-0418,permit,permit,deterministic_derivation_from_manuscript_summary
benign-0419,permit,permit,deterministic_derivation_from_manuscript_summary
benign-0420,permit,permit,deterministic_derivation_from_manuscript_summary
benign-0421,permit,permit,deterministic_derivation_from_manuscript_summary
benign-0422,permit,permit,deterministic_derivation_from_manuscript_summary
benign-0423,permit,permit,deterministic_derivation_from_manuscript_summary
benign-0424,permit,permit,deterministic_derivation_from_manuscript_summary
benign-0425,deny,permit,deterministic_derivation_from_manuscript_summary
benign-0426,permit,permit,deterministic_derivation_from_manuscript_summary
benign-0427,permit,permit,deterministic_derivation_from_manuscript_summary
benign-0428,permit,permit,deterministic_derivation_from_manuscript_summary
benign-0429,deny,permit,deterministic_derivation_from_manuscript_summary
benign-0430,permit,permit,deterministic_derivation_from_manuscript_summary
benign-0431,deny,permit,deterministic_derivation_from_manuscript_summary
benign-0432,permit,permit,deterministic_derivation_from_manuscript_summary
benign-0433,permit,permit,deterministic_derivation_from_manuscript_summary
benign-0434,permit,permit,deterministic_derivation_from_manuscript_summary
benign-0435,permit,permit,deterministic_derivation_from_manuscript_summary
benign-0436,permit,permit,deterministic_derivation_from_manuscript_summary
benign-0437,permit,permit,deterministic_derivation_from_manuscript_summary
benign-0438,permit,permit,deterministic_derivation_from_manuscript_summary
benign-0439,permit,permit,deterministic_derivation_from_manuscript_summary
benign-0440,permit,permit,deterministic_derivation_from_manuscript_summary
benign-0441,permit,permit,deterministic_derivation_from_manuscript_summary
benign-0442,permit,permit,deterministic_derivation_from_manuscript_summary
benign-0443,permit,permit,deterministic_derivation_from_manuscript_summary
benign-0444,permit,permit,deterministic_derivation_from_manuscript_summary
benign-0445,permit,permit,deterministic_derivation_from_manuscript_summary
benign-0446,deny,permit,deterministic_derivation_from_manuscript_summary
benign-0447,permit,permit,deterministic_derivation_from_manuscript_summary
benign-0448,permit,permit,deterministic_derivation_from_manuscript_summary
benign-0449,permit,permit,deterministic_derivation_from_manuscript_summary
benign-0450,permit,deny,deterministic_derivation_from_manuscript_summary
benign-0451,permit,permit,deterministic_derivation_from_manuscript_summary
benign-0452,permit,permit,deterministic_derivation_from_manuscript_summary
benign-0453,permit,permit,deterministic_derivation_from_manuscript_summary
benign-0454,permit,permit,deterministic_derivation_from_manuscript_summary
benign-0455,permit,permit,deterministic_derivation_from_manuscript_summary
benign-0456,permit,permit,deterministic_derivation_from_manuscript_summary
benign-0457,permit,permit,deterministic_derivation_from_manuscript_summary
benign-0458,permit,permit,deterministic_derivation_from_manuscript_summary
benign-0459,permit,permit,deterministic_derivation_from_manuscript_summary
benign-0460,permit,permit,deterministic_derivation_from_manuscript_summary
benign-0461,permit,permit,deterministic_derivation_from_manuscript_summary
benign-0462,permit,permit,deterministic_derivation_from_manuscript_summary
benign-0463,permit,permit,deterministic_derivation_from_manuscript_summary
benign-0464,permit,permit,deterministic_derivation_from_manuscript_summary
benign-0465,permit,permit,deterministic_derivation_from_manuscript_summary
benign-0466,permit,permit,deterministic_derivation_from_manuscript_summary
benign-0467,permit,permit,deterministic_derivation_from_manuscript_summary
benign-0468,permit,permit,deterministic_derivation_from_manuscript_summary
benign-0469,permit,permit,deterministic_derivation_from_manuscript_summary
benign-0470,permit,permit,deterministic_derivation_from_manuscript_summary
benign-0471,permit,permit,deterministic_derivation_from_manuscript_summary
benign-0472,permit,permit,deterministic_derivation_from_manuscript_summary
benign-0473,deny,permit,deterministic_derivation_from_manuscript_summary
benign-0474,permit,permit,deterministic_derivation_from_manuscript_summary
benign-0475,deny,permit,deterministic_derivation_from_manuscript_summary
benign-0476,permit,permit,deterministic_derivation_from_manuscript_summary
benign-0477,deny,permit,deterministic_derivation_from_manuscript_summary
benign-0478,permit,permit,deterministic_derivation_from_manuscript_summary
benign-0479,permit,permit,deterministic_derivation_from_manuscript_summary
benign-0480,permit,permit,deterministic_derivation_from_manuscript_summary
benign-0481,permit,permit,deterministic_derivation_from_manuscript_summary
benign-0482,permit,permit,deterministic_derivation_from_manuscript_summary
benign-0483,permit,permit,deterministic_derivation_from_manuscript_summary
benign-0484,permit,permit,deterministic_derivation_from_manuscript_summary
benign-0485,permit,permit,deterministic_derivation_from_manuscript_summary
benign-0486,permit,permit,deterministic_derivation_from_manuscript_summary
benign-0487,permit,permit,deterministic_derivation_from_manuscript_summary
benign-0488,permit,permit,deterministic_derivation_from_manuscript_summary
benign-0489,permit,permit,deterministic_derivation_from_manuscript_summary
benign-0490,permit,permit,deterministic_derivation_from_manuscript_summary
benign-0491,permit,permit,deterministic_derivation_from_manuscript_summary
benign-0492,permit,permit,deterministic_derivation_from_manuscript_summary
benign-0493,deny,permit,deterministic_derivation_from_manuscript_summary
benign-0494,permit,permit,deterministic_derivation_from_manuscript_summary
benign-0495,permit,permit,deterministic_derivation_from_manuscript_summary
benign-0496,permit,permit,deterministic_derivation_from_manuscript_summary
benign-0497,permit,permit,deterministic_derivation_from_manuscript_summary
benign-0498,permit,permit,deterministic_derivation_from_manuscript_summary
benign-0499,permit,permit,deterministic_derivation_from_manuscript_summary
benign-0500,permit,permit,deterministic_derivation_from_manuscript_summary
benign-0501,permit,permit,deterministic_derivation_from_manuscript_summary
benign-0502,permit,permit,deterministic_derivation_from_manuscript_summary
benign-0503,permit,permit,deterministic_derivation_from_manuscript_summary
benign-0504,permit,permit,deterministic_derivation_from_manuscript_summary
benign-0505,permit,permit,deterministic_derivation_from_manuscript_summary
benign-0506,permit,permit,deterministic_derivation_from_manuscript_summary
benign-0507,permit,permit,deterministic_derivation_from_manuscript_summary
benign-0508,permit,permit,deterministic_derivation_from_manuscript_summary
benign-0509,permit,permit,deterministic_derivation_from_manuscript_summary
benign-0510,permit,permit,deterministic_derivation_from_manuscript_summary
benign-0511,permit,permit,deterministic_derivation_from_manuscript_summary
benign-0512,permit,permit,deterministic_derivation_from_manuscript_summary
benign-0513,permit,permit,deterministic_derivation_from_manuscript_summary
benign-0514,permit,deny,deterministic_derivation_from_manuscript_summary
benign-0515,permit,permit,deterministic_derivation_from_manuscript_summary
benign-0516,deny,permit,deterministic_derivation_from_manuscript_summary
benign-0517,permit,deny,deterministic_derivation_from_manuscript_summary
benign-0518,permit,permit,deterministic_derivation_from_manuscript_summary
benign-0519,permit,permit,deterministic_derivation_from_manuscript_summary
benign-0520,permit,permit,deterministic_derivation_from_manuscript_summary
benign-0521,permit,permit,deterministic_derivation_from_manuscript_summary
benign-0522,permit,permit,deterministic_derivation_from_manuscript_summary
benign-0523,permit,permit,deterministic_derivation_from_manuscript_summary
benign-0524,permit,permit,deterministic_derivation_from_manuscript_summary
benign-0525,permit,permit,deterministic_derivation_from_manuscript_summary
benign-0526,permit,permit,deterministic_derivation_from_manuscript_summary
benign-0527,permit,permit,deterministic_derivation_from_manuscript_summary
benign-0528,deny,permit,deterministic_derivation_from_manuscript_summary
benign-0529,permit,permit,deterministic_derivation_from_manuscript_summary
benign-0530,permit,permit,deterministic_derivation_from_manuscript_summary
benign-0531,permit,permit,deterministic_derivation_from_manuscript_summary
benign-0532,permit,deny,deterministic_derivation_from_manuscript_summary
benign-0533,permit,permit,deterministic_derivation_from_manuscript_summary
benign-0534,permit,permit,deterministic_derivation_from_manuscript_summary
benign-0535,permit,permit,deterministic_derivation_from_manuscript_summary
benign-0536,deny,permit,deterministic_derivation_from_manuscript_summary
benign-0537,permit,permit,deterministic_derivation_from_manuscript_summary
benign-0538,permit,permit,deterministic_derivation_from_manuscript_summary
benign-0539,permit,permit,deterministic_derivation_from_manuscript_summary
benign-0540,permit,permit,deterministic_derivation_from_manuscript_summary
benign-0541,permit,permit,deterministic_derivation_from_manuscript_summary
benign-0542,permit,permit,deterministic_derivation_from_manuscript_summary
benign-0543,deny,permit,deterministic_derivation_from_manuscript_summary
benign-0544,permit,permit,deterministic_derivation_from_manuscript_summary
benign-0545,permit,permit,deterministic_derivation_from_manuscript_summary
benign-0546,permit,permit,deterministic_derivation_from_manuscript_summary
benign-0547,permit,permit,deterministic_derivation_from_manuscript_summary
benign-0548,permit,permit,deterministic_derivation_from_manuscript_summary
benign-0549,permit,permit,deterministic_derivation_from_manuscript_summary
benign-0550,permit,permit,deterministic_derivation_from_manuscript_summary
benign-0551,permit,permit,deterministic_derivation_from_manuscript_summary
benign-0552,permit,permit,deterministic_derivation_from_manuscript_summary
benign-0553,permit,permit,deterministic_derivation_from_manuscript_summary
benign-0554,permit,permit,deterministic_derivation_from_manuscript_summary
benign-0555,permit,permit,deterministic_derivation_from_manuscript_summary
benign-0556,deny,permit,deterministic_derivation_from_manuscript_summary
benign-0557,permit,permit,deterministic_derivation_from_manuscript_summary
benign-0558,deny,permit,deterministic_derivation_from_manuscript_summary
benign-0559,permit,permit,deterministic_derivation_from_manuscript_summary
benign-0560,permit,permit,deterministic_derivation_from_manuscript_summary
benign-0561,permit,permit,deterministic_derivation_from_manuscript_summary
benign-0562,permit,permit,deterministic_derivation_from_manuscript_summary
benign-0563,permit,permit,deterministic_derivation_from_manuscript_summary
benign-0564,permit,permit,deterministic_derivation_from_manuscript_summary
benign-0565,permit,permit,deterministic_derivation_from_manuscript_summary
benign-0566,permit,permit,deterministic_derivation_from_manuscript_summary
benign-0567,permit,permit,deterministic_derivation_from_manuscript_summary
benign-0568,permit,permit,deterministic_derivation_from_manuscript_summary
benign-0569,permit,permit,deterministic_derivation_from_manuscript_summary
benign-0570,permit,permit,deterministic_derivation_from_manuscript_summary
benign-0571,permit,permit,deterministic_derivation_from_manuscript_summary
benign-0572,permit,permit,deterministic_derivation_from_manuscript_summary
benign-0573,permit,permit,deterministic_derivation_from_manuscript_summary
benign-0574,permit,permit,deterministic_derivation_from_manuscript_summary
benign-0575,permit,permit,deterministic_derivation_from_manuscript_summary
benign-0576,permit,permit,deterministic_derivation_from_manuscript_summary
benign-0577,permit,permit,deterministic_derivation_from_manuscript_summary
benign-0578,permit,permit,deterministic_derivation_from_manuscript_summary
benign-0579,permit,permit,deterministic_derivation_from_manuscript_summary
benign-0580,permit,permit,deterministic_derivation_from_manuscript_summary
benign-0581,permit,permit,deterministic_derivation_from_manuscript_summary
benign-0582,permit,permit,deterministic_derivation_from_manuscript_summary
benign-0583,permit,permit,deterministic_derivation_from_manuscript_summary
benign-0584,permit,permit,deterministic_derivation_from_manuscript_summary
benign-0585,deny,permit,deterministic_derivation_from_manuscript_summary
benign-0586,permit,permit,deterministic_derivation_from_manuscript_summary
benign-0587,deny,permit,deterministic_derivation_from_manuscript_summary
benign-0588,deny,permit,deterministic_derivation_from_manuscript_summary
benign-0589,permit,permit,deterministic_derivation_from_manuscript_summary
benign-0590,permit,permit,deterministic_derivation_from_manuscript_summary
benign-0591,permit,permit,deterministic_derivation_from_manuscript_summary
benign-0592,permit,permit,deterministic_derivation_from_manuscript_summary
benign-0593,permit,permit,deterministic_derivation_from_manuscript_summary
benign-0594,permit,permit,deterministic_derivation_from_manuscript_summary
benign-0595,permit,permit,deterministic_derivation_from_manuscript_summary
benign-0596,permit,permit,deterministic_derivation_from_manuscript_summary
benign-0597,permit,permit,deterministic_derivation_from_manuscript_summary
benign-0598,permit,permit,deterministic_derivation_from_manuscript_summary
benign-0599,permit,permit,deterministic_derivation_from_manuscript_summary
benign-0600,permit,permit,deterministic_derivation_from_manuscript_summary
benign-0601,permit,permit,deterministic_derivation_from_manuscript_summary
benign-0602,permit,permit,deterministic_derivation_from_manuscript_summary
benign-0603,permit,permit,deterministic_derivation_from_manuscript_summary
benign-0604,permit,permit,deterministic_derivation_from_manuscript_summary
benign-0605,deny,permit,deterministic_derivation_from_manuscript_summary
benign-0606,permit,permit,deterministic_derivation_from_manuscript_summary
benign-0607,deny,permit,deterministic_derivation_from_manuscript_summary
benign-0608,permit,permit,deterministic_derivation_from_manuscript_summary
benign-0609,permit,permit,deterministic_derivation_from_manuscript_summary
benign-0610,permit,permit,deterministic_derivation_from_manuscript_summary
benign-0611,permit,permit,deterministic_derivation_from_manuscript_summary
benign-0612,permit,permit,deterministic_derivation_from_manuscript_summary
benign-0613,permit,permit,deterministic_derivation_from_manuscript_summary
benign-0614,permit,permit,deterministic_derivation_from_manuscript_summary
benign-0615,permit,permit,deterministic_derivation_from_manuscript_summary
benign-0616,permit,permit,deterministic_derivation_from_manuscript_summary
benign-0617,permit,permit,deterministic_derivation_from_manuscript_summary
benign-0618,permit,permit,deterministic_derivation_from_manuscript_summary
benign-0619,permit,permit,deterministic_derivation_from_manuscript_summary
benign-0620,deny,permit,deterministic_derivation_from_manuscript_summary
benign-0621,permit,permit,deterministic_derivation_from_manuscript_summary
benign-0622,permit,permit,deterministic_derivation_from_manuscript_summary
benign-0623,permit,permit,deterministic_derivation_from_manuscript_summary
benign-0624,permit,permit,deterministic_derivation_from_manuscript_summary
benign-0625,permit,permit,deterministic_derivation_from_manuscript_summary
benign-0626,permit,permit,deterministic_derivation_from_manuscript_summary
benign-0627,permit,permit,deterministic_derivation_from_manuscript_summary
benign-0628,permit,permit,deterministic_derivation_from_manuscript_summary
benign-0629,permit,permit,deterministic_derivation_from_manuscript_summary
benign-0630,permit,permit,deterministic_derivation_from_manuscript_summary
benign-0631,deny,permit,deterministic_derivation_from_manuscript_summary
benign-0632,permit,permit,deterministic_derivation_from_manuscript_summary
benign-0633,permit,permit,deterministic_derivation_from_manuscript_summary
benign-0634,permit,permit,deterministic_derivation_from_manuscript_summary
benign-0635,permit,permit,deterministic_derivation_from_manuscript_summary
benign-0636,permit,permit,deterministic_derivation_from_manuscript_summary
benign-0637,permit,permit,deterministic_derivation_from_manuscript_summary
benign-0638,permit,permit,deterministic_derivation_from_manuscript_summary
benign-0639,permit,permit,deterministic_derivation_from_manuscript_summary
benign-0640,permit,permit,deterministic_derivation_from_manuscript_summary
benign-0641,permit,permit,deterministic_derivation_from_manuscript_summary
benign-0642,permit,permit,deterministic_derivation_from_manuscript_summary
benign-0643,permit,permit,deterministic_derivation_from_manuscript_summary
benign-0644,permit,permit,deterministic_derivation_from_manuscript_summary
benign-0645,permit,permit,deterministic_derivation_from_manuscript_summary
benign-0646,permit,permit,deterministic_derivation_from_manuscript_summary
benign-0647,permit,permit,deterministic_derivation_from_manuscript_summary
benign-0648,permit,permit,deterministic_derivation_from_manuscript_summary
benign-0649,permit,permit,deterministic_derivation_from_manuscript_summary
benign-0650,permit,permit,deterministic_derivation_from_manuscript_summary
benign-0651,permit,permit,deterministic_derivation_from_manuscript_summary
benign-0652,permit,permit,deterministic_derivation_from_manuscript_summary
benign-0653,permit,permit,deterministic_derivation_from_manuscript_summary
benign-0654,permit,permit,deterministic_derivation_from_manuscript_summary
benign-0655,permit,permit,deterministic_derivation_from_manuscript_summary
benign-0656,permit,permit,deterministic_derivation_from_manuscript_summary
benign-0657,permit,permit,deterministic_derivation_from_manuscript_summary
benign-0658,permit,permit,deterministic_derivation_from_manuscript_summary
benign-0659,permit,permit,deterministic_derivation_from_manuscript_summary
benign-0660,permit,permit,deterministic_derivation_from_manuscript_summary
benign-0661,permit,permit,deterministic_derivation_from_manuscript_summary
benign-0662,permit,permit,deterministic_derivation_from_manuscript_summary
benign-0663,permit,permit,deterministic_derivation_from_manuscript_summary
benign-0664,permit,permit,deterministic_derivation_from_manuscript_summary
benign-0665,permit,permit,deterministic_derivation_from_manuscript_summary
benign-0666,permit,permit,deterministic_derivation_from_manuscript_summary
benign-0667,permit,permit,deterministic_derivation_from_manuscript_summary
benign-0668,permit,permit,deterministic_derivation_from_manuscript_summary
benign-0669,permit,permit,deterministic_derivation_from_manuscript_summary
benign-0670,permit,permit,deterministic_derivation_from_manuscript_summary
benign-0671,permit,permit,deterministic_derivation_from_manuscript_summary
benign-0672,permit,permit,deterministic_derivation_from_manuscript_summary
benign-0673,permit,permit,deterministic_derivation_from_manuscript_summary
benign-0674,permit,permit,deterministic_derivation_from_manuscript_summary
benign-0675,permit,permit,deterministic_derivation_from_manuscript_summary
benign-0676,permit,permit,deterministic_derivation_from_manuscript_summary
benign-0677,permit,permit,deterministic_derivation_from_manuscript_summary
benign-0678,deny,permit,deterministic_derivation_from_manuscript_summary
benign-0679,permit,permit,deterministic_derivation_from_manuscript_summary
benign-0680,permit,permit,deterministic_derivation_from_manuscript_summary
benign-0681,permit,permit,deterministic_derivation_from_manuscript_summary
benign-0682,permit,permit,deterministic_derivation_from_manuscript_summary
benign-0683,permit,permit,deterministic_derivation_from_manuscript_summary
benign-0684,permit,permit,deterministic_derivation_from_manuscript_summary
benign-0685,deny,permit,deterministic_derivation_from_manuscript_summary
benign-0686,permit,permit,deterministic_derivation_from_manuscript_summary
benign-0687,permit,permit,deterministic_derivation_from_manuscript_summary
benign-0688,permit,permit,deterministic_derivation_from_manuscript_summary
benign-0689,deny,permit,deterministic_derivation_from_manuscript_summary
benign-0690,permit,permit,deterministic_derivation_from_manuscript_summary
benign-0691,permit,permit,deterministic_derivation_from_manuscript_summary
benign-0692,permit,permit,deterministic_derivation_from_manuscript_summary
benign-0693,permit,permit,deterministic_derivation_from_manuscript_summary
benign-0694,permit,deny,deterministic_derivation_from_manuscript_summary
benign-0695,permit,permit,deterministic_derivation_from_manuscript_summary
benign-0696,permit,permit,deterministic_derivation_from_manuscript_summary
benign-0697,permit,permit,deterministic_derivation_from_manuscript_summary
benign-0698,permit,permit,deterministic_derivation_from_manuscript_summary
benign-0699,permit,permit,deterministic_derivation_from_manuscript_summary
benign-0700,permit,permit,deterministic_derivation_from_manuscript_summary
benign-0701,deny,permit,deterministic_derivation_from_manuscript_summary
benign-0702,permit,permit,deterministic_derivation_from_manuscript_summary
benign-0703,permit,permit,deterministic_derivation_from_manuscript_summary
benign-0704,permit,permit,deterministic_derivation_from_manuscript_summary
benign-0705,permit,permit,deterministic_derivation_from_manuscript_summary
benign-0706,permit,permit,deterministic_derivation_from_manuscript_summary
benign-0707,permit,permit,deterministic_derivation_from_manuscript_summary
benign-0708,permit,permit,deterministic_derivation_from_manuscript_summary
benign-0709,permit,permit,deterministic_derivation_from_manuscript_summary
benign-0710,permit,permit,deterministic_derivation_from_manuscript_summary
benign-0711,permit,permit,deterministic_derivation_from_manuscript_summary
benign-0712,deny,permit,deterministic_derivation_from_manuscript_summary
benign-0713,permit,permit,deterministic_derivation_from_manuscript_summary
benign-0714,permit,permit,deterministic_derivation_from_manuscript_summary
benign-0715,permit,permit,deterministic_derivation_from_manuscript_summary
benign-0716,permit,permit,deterministic_derivation_from_manuscript_summary
benign-0717,permit,permit,deterministic_derivation_from_manuscript_summary
benign-0718,deny,permit,deterministic_derivation_from_manuscript_summary
benign-0719,permit,permit,deterministic_derivation_from_manuscript_summary
benign-0720,permit,permit,deterministic_derivation_from_manuscript_summary
benign-0721,permit,permit,deterministic_derivation_from_manuscript_summary
benign-0722,permit,permit,deterministic_derivation_from_manuscript_summary
benign-0723,permit,permit,deterministic_derivation_from_manuscript_summary
benign-0724,permit,permit,deterministic_derivation_from_manuscript_summary
benign-0725,permit,permit,deterministic_derivation_from_manuscript_summary
benign-0726,permit,permit,deterministic_derivation_from_manuscript_summary
benign-0727,permit,permit,deterministic_derivation_from_manuscript_summary
benign-0728,permit,permit,deterministic_derivation_from_manuscript_summary
benign-0729,permit,permit,deterministic_derivation_from_manuscript_summary
benign-0730,permit,permit,deterministic_derivation_from_manuscript_summary
benign-0731,deny,permit,deterministic_derivation_from_manuscript_summary
benign-0732,permit,permit,deterministic_derivation_from_manuscript_summary
benign-0733,permit,permit,deterministic_derivation_from_manuscript_summary
benign-0734,permit,permit,deterministic_derivation_from_manuscript_summary
benign-0735,permit,permit,deterministic_derivation_from_manuscript_summary
benign-0736,permit,permit,deterministic_derivation_from_manuscript_summary
benign-0737,permit,permit,deterministic_derivation_from_manuscript_summary
benign-0738,permit,permit,deterministic_derivation_from_manuscript_summary
benign-0739,permit,deny,deterministic_derivation_from_manuscript_summary
benign-0740,permit,permit,deterministic_derivation_from_manuscript_summary
benign-0741,permit,permit,deterministic_derivation_from_manuscript_summary
benign-0742,permit,permit,deterministic_derivation_from_manuscript_summary
benign-0743,permit,permit,deterministic_derivation_from_manuscript_summary
benign-0744,permit,permit,deterministic_derivation_from_manuscript_summary
benign-0745,permit,permit,deterministic_derivation_from_manuscript_summary
benign-0746,permit,permit,deterministic_derivation_from_manuscript_summary
benign-0747,permit,deny,deterministic_derivation_from_manuscript_summary
benign-0748,permit,permit,deterministic_derivation_from_manuscript_summary
benign-0749,permit,permit,deterministic_derivation_from_manuscript_summary
benign-0750,permit,permit,deterministic_derivation_from_manuscript_summary
benign-0751,deny,permit,deterministic_derivation_from_manuscript_summary
benign-0752,permit,permit,deterministic_derivation_from_manuscript_summary
benign-0753,permit,permit,deterministic_derivation_from_manuscript_summary
benign-0754,permit,permit,deterministic_derivation_from_manuscript_summary
benign-0755,permit,permit,deterministic_derivation_from_manuscript_summary
benign-0756,permit,permit,deterministic_derivation_from_manuscript_summary
benign-0757,permit,permit,deterministic_derivation_from_manuscript_summary
benign-0758,permit,permit,deterministic_derivation_from_manuscript_summary
benign-0759,permit,permit,deterministic_derivation_from_manuscript_summary
benign-0760,permit,permit,deterministic_derivation_from_manuscript_summary
benign-0761,permit,permit,deterministic_derivation_from_manuscript_summary
benign-0762,permit,permit,deterministic_derivation_from_manuscript_summary
benign-0763,permit,permit,deterministic_derivation_from_manuscript_summary
benign-0764,permit,permit,deterministic_derivation_from_manuscript_summary
benign-0765,permit,permit,deterministic_derivation_from_manuscript_summary
benign-0766,permit,permit,deterministic_derivation_from_manuscript_summary
benign-0767,permit,deny,deterministic_derivation_from_manuscript_summary
benign-0768,permit,permit,deterministic_derivation_from_manuscript_summary
benign-0769,permit,permit,deterministic_derivation_from_manuscript_summary
benign-0770,permit,permit,deterministic_derivation_from_manuscript_summary
benign-0771,permit,permit,deterministic_derivation_from_manuscript_summary
benign-0772,permit,permit,deterministic_derivation_from_manuscript_summary
benign-0773,permit,permit,deterministic_derivation_from_manuscript_summary
benign-0774,permit,permit,deterministic_derivation_from_manuscript_summary
benign-0775,permit,permit,deterministic_derivation_from_manuscript_summary
benign-0776,permit,permit,deterministic_derivation_from_manuscript_summary
benign-0777,permit,permit,deterministic_derivation_from_manuscript_summary
benign-0778,permit,permit,deterministic_derivation_from_manuscript_summary
benign-0779,permit,permit,deterministic_derivation_from_manuscript_summary
benign-0780,permit,permit,deterministic_derivation_from_manuscript_summary
benign-0781,permit,permit,deterministic_derivation_from_manuscript_summary
benign-0782,permit,permit,deterministic_derivation_from_manuscript_summary
benign-0783,permit,permit,deterministic_derivation_from_manuscript_summary
benign-0784,permit,permit,deterministic_derivation_from_manuscript_summary
benign-0785,permit,permit,deterministic_derivation_from_manuscript_summary
benign-0786,permit,permit,deterministic_derivation_from_manuscript_summary
benign-0787,permit,permit,deterministic_derivation_from_manuscript_summary
benign-0788,permit,permit,deterministic_derivation_from_manuscript_summary
benign-0789,permit,permit,deterministic_derivation_from_manuscript_summary
benign-0790,permit,permit,deterministic_derivation_from_manuscript_summary
benign-0791,permit,permit,deterministic_derivation_from_manuscript_summary
benign-0792,permit,permit,deterministic_derivation_from_manuscript_summary
benign-0793,permit,permit,deterministic_derivation_from_manuscript_summary
benign-0794,permit,permit,deterministic_derivation_from_manuscript_summary
benign-0795,permit,permit,deterministic_derivation_from_manuscript_summary
benign-0796,permit,permit,deterministic_derivation_from_manuscript_summary
benign-0797,permit,permit,deterministic_derivation_from_manuscript_summary
benign-0798,permit,permit,deterministic_derivation_from_manuscript_summary
benign-0799,deny,permit,deterministic_derivation_from_manuscript_summary
benign-0800,permit,permit,deterministic_derivation_from_manuscript_summary
benign-0801,permit,permit,deterministic_derivation_from_manuscript_summary
benign-0802,permit,permit,deterministic_derivation_from_manuscript_summary
benign-0803,permit,permit,deterministic_derivation_from_manuscript_summary
benign-0804,permit,deny,deterministic_derivation_from_manuscript_summary
benign-0805,permit,permit,deterministic_derivation_from_manuscript_summary
benign-0806,permit,permit,deterministic_derivation_from_manuscript_summary
benign-0807,permit,permit,deterministic_derivation_from_manuscript_summary
benign-0808,permit,permit,deterministic_derivation_from_manuscript_summary
benign-0809,permit,permit,deterministic_derivation_from_manuscript_summary
benign-0810,permit,permit,deterministic_derivation_from_manuscript_summary
benign-0811,permit,permit,deterministic_derivation_from_manuscript_summary
benign-0812,permit,permit,deterministic_derivation_from_manuscript_summary
benign-0813,permit,permit,deterministic_derivation_from_manuscript_summary
benign-0814,permit,permit,deterministic_derivation_from_manuscript_summary
benign-0815,permit,permit,deterministic_derivation_from_manuscript_summary
benign-0816,permit,permit,deterministic_derivation_from_manuscript_summary
benign-0817,permit,permit,deterministic_derivation_from_manuscript_summary
benign-0818,permit,permit,deterministic_derivation_from_manuscript_summary
benign-0819,permit,permit,deterministic_derivation_from_manuscript_summary
benign-0820,permit,permit,deterministic_derivation_from_manuscript_summary
benign-0821,permit,permit,deterministic_derivation_from_manuscript_summary
benign-0822,permit,permit,deterministic_derivation_from_manuscript_summary
benign-0823,permit,permit,deterministic_derivation_from_manuscript_summary
benign-0824,permit,permit,deterministic_derivation_from_manuscript_summary
benign-0825,permit,permit,deterministic_derivation_from_manuscript_summary
benign-0826,permit,permit,deterministic_derivation_from_manuscript_summary
benign-0827,deny,permit,deterministic_derivation_from_manuscript_summary
benign-0828,permit,permit,deterministic_derivation_from_manuscript_summary
benign-0829,permit,permit,deterministic_derivation_from_manuscript_summary
benign-0830,permit,permit,deterministic_derivation_from_manuscript_summary
benign-0831,permit,permit,deterministic_derivation_from_manuscript_summary
benign-0832,permit,permit,deterministic_derivation_from_manuscript_summary
benign-0833,permit,permit,deterministic_derivation_from_manuscript_summary
benign-0834,permit,permit,deterministic_derivation_from_manuscript_summary
benign-0835,permit,permit,deterministic_derivation_from_manuscript_summary
benign-0836,permit,permit,deterministic_derivation_from_manuscript_summary
benign-0837,permit,permit,deterministic_derivation_from_manuscript_summary
benign-0838,permit,permit,deterministic_derivation_from_manuscript_summary
benign-0839,permit,permit,deterministic_derivation_from_manuscript_summary
benign-0840,permit,permit,deterministic_derivation_from_manuscript_summary
benign-0841,permit,permit,deterministic_derivation_from_manuscript_summary
benign-0842,permit,permit,deterministic_derivation_from_manuscript_summary
benign-0843,permit,permit,deterministic_derivation_from_manuscript_summary
benign-0844,permit,permit,deterministic_derivation_from_manuscript_summary
benign-0845,permit,permit,deterministic_derivation_from_manuscript_summary
benign-0846,permit,permit,deterministic_derivation_from_manuscript_summary
benign-0847,permit,permit,deterministic_derivation_from_manuscript_summary
benign-0848,permit,permit,deterministic_derivation_from_manuscript_summary
benign-0849,permit,permit,deterministic_derivation_from_manuscript_summary
benign-0850,permit,permit,deterministic_derivation_from_manuscript_summary
benign-0851,permit,permit,deterministic_derivation_from_manuscript_summary
benign-0852,permit,permit,deterministic_derivation_from_manuscript_summary
benign-0853,permit,permit,deterministic_derivation_from_manuscript_summary
benign-0854,permit,permit,deterministic_derivation_from_manuscript_summary
benign-0855,permit,permit,deterministic_derivation_from_manuscript_summary
benign-0856,permit,permit,deterministic_derivation_from_manuscript_summary
benign-0857,permit,permit,deterministic_derivation_from_manuscript_summary
benign-0858,permit,permit,deterministic_derivation_from_manuscript_summary
benign-0859,permit,permit,deterministic_derivation_from_manuscript_summary
benign-0860,permit,permit,deterministic_derivation_from_manuscript_summary
benign-0861,permit,permit,deterministic_derivation_from_manuscript_summary
benign-0862,permit,permit,deterministic_derivation_from_manuscript_summary
benign-0863,permit,permit,deterministic_derivation_from_manuscript_summary
benign-0864,permit,permit,deterministic_derivation_from_manuscript_summary
benign-0865,permit,permit,deterministic_derivation_from_manuscript_summary
benign-0866,permit,permit,deterministic_derivation_from_manuscript_summary
benign-0867,permit,permit,deterministic_derivation_from_manuscript_summary
benign-0868,permit,permit,deterministic_derivation_from_manuscript_summary
benign-0869,permit,permit,deterministic_derivation_from_manuscript_summary
benign-0870,permit,permit,deterministic_derivation_from_manuscript_summary
benign-0871,permit,permit,deterministic_derivation_from_manuscript_summary
benign-0872,permit,permit,deterministic_derivation_from_manuscript_summary
benign-0873,permit,permit,deterministic_derivation_from_manuscript_summary
benign-0874,permit,permit,deterministic_derivation_from_manuscript_summary
benign-0875,permit,permit,deterministic_derivation_from_manuscript_summary
benign-0876,permit,permit,deterministic_derivation_from_manuscript_summary
benign-0877,permit,permit,deterministic_derivation_from_manuscript_summary
benign-0878,permit,permit,deterministic_derivation_from_manuscript_summary
benign-0879,permit,permit,deterministic_derivation_from_manuscript_summary
benign-0880,permit,permit,deterministic_derivation_from_manuscript_summary
benign-0881,permit,permit,deterministic_derivation_from_manuscript_summary
benign-0882,permit,permit,deterministic_derivation_from_manuscript_summary
benign-0883,permit,permit,deterministic_derivation_from_manuscript_summary
benign-0884,permit,permit,deterministic_derivation_from_manuscript_summary
benign-0885,permit,permit,deterministic_derivation_from_manuscript_summary
benign-0886,permit,permit,deterministic_derivation_from_manuscript_summary
benign-0887,permit,permit,deterministic_derivation_from_manuscript_summary
benign-0888,permit,permit,deterministic_derivation_from_manuscript_summary
benign-0889,permit,permit,deterministic_derivation_from_manuscript_summary
benign-0890,permit,permit,deterministic_derivation_from_manuscript_summary
benign-0891,permit,permit,deterministic_derivation_from_manuscript_summary
benign-0892,permit,permit,deterministic_derivation_from_manuscript_summary
benign-0893,permit,permit,deterministic_derivation_from_manuscript_summary
benign-0894,deny,permit,deterministic_derivation_from_manuscript_summary
benign-0895,permit,permit,deterministic_derivation_from_manuscript_summary
benign-0896,permit,permit,deterministic_derivation_from_manuscript_summary
benign-0897,permit,permit,deterministic_derivation_from_manuscript_summary
benign-0898,permit,permit,deterministic_derivation_from_manuscript_summary
benign-0899,permit,permit,deterministic_derivation_from_manuscript_summary
benign-0900,permit,permit,deterministic_derivation_from_manuscript_summary
benign-0901,permit,permit,deterministic_derivation_from_manuscript_summary
benign-0902,permit,permit,deterministic_derivation_from_manuscript_summary
benign-0903,permit,permit,deterministic_derivation_from_manuscript_summary
benign-0904,permit,permit,deterministic_derivation_from_manuscript_summary
benign-0905,permit,permit,deterministic_derivation_from_manuscript_summary
benign-0906,permit,permit,deterministic_derivation_from_manuscript_summary
benign-0907,deny,permit,deterministic_derivation_from_manuscript_summary
benign-0908,permit,permit,deterministic_derivation_from_manuscript_summary
benign-0909,permit,permit,deterministic_derivation_from_manuscript_summary
benign-0910,permit,permit,deterministic_derivation_from_manuscript_summary
benign-0911,permit,permit,deterministic_derivation_from_manuscript_summary
benign-0912,permit,permit,deterministic_derivation_from_manuscript_summary
benign-0913,permit,permit,deterministic_derivation_from_manuscript_summary
benign-0914,permit,permit,deterministic_derivation_from_manuscript_summary
benign-0915,permit,permit,deterministic_derivation_from_manuscript_summary
benign-0916,permit,permit,deterministic_derivation_from_manuscript_summary
benign-0917,permit,permit,deterministic_derivation_from_manuscript_summary
benign-0918,permit,permit,deterministic_derivation_from_manuscript_summary
benign-0919,permit,permit,deterministic_derivation_from_manuscript_summary
benign-0920,permit,permit,deterministic_derivation_from_manuscript_summary
benign-0921,permit,permit,deterministic_derivation_from_manuscript_summary
benign-0922,permit,permit,deterministic_derivation_from_manuscript_summary
benign-0923,permit,permit,deterministic_derivation_from_manuscript_summary
benign-0924,permit,permit,deterministic_derivation_from_manuscript_summary
benign-0925,permit,permit,deterministic_derivation_from_manuscript_summary
benign-0926,permit,permit,deterministic_derivation_from_manuscript_summary
benign-0927,permit,permit,deterministic_derivation_from_manuscript_summary
benign-0928,permit,permit,deterministic_derivation_from_manuscript_summary
benign-0929,permit,permit,deterministic_derivation_from_manuscript_summary
benign-0930,deny,permit,deterministic_derivation_from_manuscript_summary
benign-0931,permit,permit,deterministic_derivation_from_manuscript_summary
benign-0932,permit,permit,deterministic_derivation_from_manuscript_summary
benign-0933,permit,permit,deterministic_derivation_from_manuscript_summary
benign-0934,permit,permit,deterministic_derivation_from_manuscript_summary
benign-0935,permit,permit,deterministic_derivation_from_manuscript_summary
benign-0936,permit,permit,deterministic_derivation_from_manuscript_summary
benign-0937,permit,permit,deterministic_derivation_from_manuscript_summary
benign-0938,deny,permit,deterministic_derivation_from_manuscript_summary
benign-0939,permit,permit,deterministic_derivation_from_manuscript_summary
benign-0940,permit,permit,deterministic_derivation_from_manuscript_summary
benign-0941,permit,permit,deterministic_derivation_from_manuscript_summary
benign-0942,permit,permit,deterministic_derivation_from_manuscript_summary
benign-0943,permit,permit,deterministic_derivation_from_manuscript_summary
benign-0944,permit,permit,deterministic_derivation_from_manuscript_summary
benign-0945,permit,permit,deterministic_derivation_from_manuscript_summary
benign-0946,permit,permit,deterministic_derivation_from_manuscript_summary
benign-0947,permit,permit,deterministic_derivation_from_manuscript_summary
benign-0948,permit,permit,deterministic_derivation_from_manuscript_summary
benign-0949,permit,permit,deterministic_derivation_from_manuscript_summary
benign-0950,permit,permit,deterministic_derivation_from_manuscript_summary
benign-0951,permit,permit,deterministic_derivation_from_manuscript_summary
benign-0952,permit,permit,deterministic_derivation_from_manuscript_summary
benign-0953,permit,permit,deterministic_derivation_from_manuscript_summary
benign-0954,permit,permit,deterministic_derivation_from_manuscript_summary
benign-0955,permit,permit,deterministic_derivation_from_manuscript_summary
benign-0956,permit,permit,deterministic_derivation_from_manuscript_summary
benign-0957,permit,permit,deterministic_derivation_from_manuscript_summary
benign-0958,permit,permit,deterministic_derivation_from_manuscript_summary
benign-0959,permit,permit,deterministic_derivation_from_manuscript_summary
benign-0960,permit,permit,deterministic_derivation_from_manuscript_summary
benign-0961,permit,permit,deterministic_derivation_from_manuscript_summary
benign-0962,permit,permit,deterministic_derivation_from_manuscript_summary
benign-0963,permit,permit,deterministic_derivation_from_manuscript_summary
benign-0964,permit,permit,deterministic_derivation_from_manuscript_summary
benign-0965,deny,permit,deterministic_derivation_from_manuscript_summary
benign-0966,permit,permit,deterministic_derivation_from_manuscript_summary
benign-0967,permit,permit,deterministic_derivation_from_manuscript_summary
benign-0968,permit,permit,deterministic_derivation_from_manuscript_summary
benign-0969,permit,permit,deterministic_derivation_from_manuscript_summary
benign-0970,permit,permit,deterministic_derivation_from_manuscript_summary
benign-0971,permit,permit,deterministic_derivation_from_manuscript_summary
benign-0972,permit,deny,deterministic_derivation_from_manuscript_summary
benign-0973,permit,deny,deterministic_derivation_from_manuscript_summary
benign-0974,permit,permit,deterministic_derivation_from_manuscript_summary
benign-0975,permit,permit,deterministic_derivation_from_manuscript_summary
benign-0976,permit,permit,deterministic_derivation_from_manuscript_summary
benign-0977,permit,permit,deterministic_derivation_from_manuscript_summary
benign-0978,permit,permit,deterministic_derivation_from_manuscript_summary
benign-0979,permit,permit,deterministic_derivation_from_manuscript_summary
benign-0980,permit,permit,deterministic_derivation_from_manuscript_summary
benign-0981,permit,permit,deterministic_derivation_from_manuscript_summary
benign-0982,permit,permit,deterministic_derivation_from_manuscript_summary
benign-0983,permit,permit,deterministic_derivation_from_manuscript_summary
benign-0984,permit,permit,deterministic_derivation_from_manuscript_summary
benign-0985,permit,permit,deterministic_derivation_from_manuscript_summary
benign-0986,permit,permit,deterministic_derivation_from_manuscript_summary
benign-0987,permit,permit,deterministic_derivation_from_manuscript_summary
benign-0988,permit,permit,deterministic_derivation_from_manuscript_summary
benign-0989,permit,permit,deterministic_derivation_from_manuscript_summary
benign-0990,permit,permit,deterministic_derivation_from_manuscript_summary
benign-0991,permit,deny,deterministic_derivation_from_manuscript_summary
benign-0992,permit,permit,deterministic_derivation_from_manuscript_summary
benign-0993,permit,permit,deterministic_derivation_from_manuscript_summary
benign-0994,permit,permit,deterministic_derivation_from_manuscript_summary
benign-0995,permit,permit,deterministic_derivation_from_manuscript_summary
benign-0996,permit,permit,deterministic_derivation_from_manuscript_summary
benign-0997,permit,permit,deterministic_derivation_from_manuscript_summary
benign-0998,permit,permit,deterministic_derivation_from_manuscript_summary
benign-0999,deny,permit,deterministic_derivation_from_manuscript_summary
benign-1000,permit,permit,deterministic_derivation_from_manuscript_summary
benign-1001,permit,permit,deterministic_derivation_from_manuscript_summary
benign-1002,permit,permit,deterministic_derivation_from_manuscript_summary
benign-1003,permit,permit,deterministic_derivation_from_manuscript_summary
benign-1004,permit,permit,deterministic_derivation_from_manuscript_summary
benign-1005,permit,permit,deterministic_derivation_from_manuscript_summary
benign-1006,permit,permit,deterministic_derivation_from_manuscript_summary
benign-1007,permit,permit,deterministic_derivation_from_manuscript_summary
benign-1008,permit,permit,deterministic_derivation_from_manuscript_summary
benign-1009,permit,permit,deterministic_derivation_from_manuscript_summary
benign-1010,permit,permit,deterministic_derivation_from_manuscript_summary
benign-1011,permit,permit,deterministic_derivation_from_manuscript_summary
benign-1012,permit,permit,deterministic_derivation_from_manuscript_summary
benign-1013,deny,permit,deterministic_derivation_from_manuscript_summary
benign-1014,permit,permit,deterministic_derivation_from_manuscript_summary
benign-1015,permit,permit,deterministic_derivation_from_manuscript_summary
benign-1016,permit,permit,deterministic_derivation_from_manuscript_summary
benign-1017,permit,permit,deterministic_derivation_from_manuscript_summary
benign-1018,permit,permit,deterministic_derivation_from_manuscript_summary
benign-1019,permit,permit,deterministic_derivation_from_manuscript_summary
benign-1020,permit,permit,deterministic_derivation_from_manuscript_summary
benign-1021,permit,permit,deterministic_derivation_from_manuscript_summary
benign-1022,permit,permit,deterministic_derivation_from_manuscript_summary
benign-1023,permit,permit,deterministic_derivation_from_manuscript_summary
benign-1024,permit,permit,deterministic_derivation_from_manuscript_summary
benign-1025,permit,permit,deterministic_derivation_from_manuscript_summary
benign-1026,permit,permit,deterministic_derivation_from_manuscript_summary
benign-1027,permit,permit,deterministic_derivation_from_manuscript_summary
benign-1028,permit,permit,deterministic_derivation_from_manuscript_summary
benign-1029,permit,permit,deterministic_derivation_from_manuscript_summary
benign-1030,permit,permit,deterministic_derivation_from_manuscript_summary
benign-1031,permit,permit,deterministic_derivation_from_manuscript_summary
benign-1032,permit,permit,deterministic_derivation_from_manuscript_summary
benign-1033,permit,permit,deterministic_derivation_from_manuscript_summary
benign-1034,permit,permit,deterministic_derivation_from_manuscript_summary
benign-1035,permit,permit,deterministic_derivation_from_manuscript_summary
benign-1036,permit,permit,deterministic_derivation_from_manuscript_summary
benign-1037,permit,permit,deterministic_derivation_from_manuscript_summary
benign-1038,permit,permit,deterministic_derivation_from_manuscript_summary
benign-1039,permit,permit,deterministic_derivation_from_manuscript_summary
benign-1040,deny,permit,deterministic_derivation_from_manuscript_summary
benign-1041,deny,permit,deterministic_derivation_from_manuscript_summary
benign-1042,permit,permit,deterministic_derivation_from_manuscript_summary
benign-1043,permit,permit,deterministic_derivation_from_manuscript_summary
benign-1044,permit,permit,deterministic_derivation_from_manuscript_summary
benign-1045,permit,permit,deterministic_derivation_from_manuscript_summary
benign-1046,permit,permit,deterministic_derivation_from_manuscript_summary
benign-1047,permit,permit,deterministic_derivation_from_manuscript_summary
benign-1048,permit,permit,deterministic_derivation_from_manuscript_summary
benign-1049,permit,permit,deterministic_derivation_from_manuscript_summary
benign-1050,permit,permit,deterministic_derivation_from_manuscript_summary
benign-1051,permit,permit,deterministic_derivation_from_manuscript_summary
benign-1052,permit,permit,deterministic_derivation_from_manuscript_summary
benign-1053,permit,permit,deterministic_derivation_from_manuscript_summary
benign-1054,permit,permit,deterministic_derivation_from_manuscript_summary
benign-1055,permit,permit,deterministic_derivation_from_manuscript_summary
benign-1056,permit,permit,deterministic_derivation_from_manuscript_summary
benign-1057,permit,permit,deterministic_derivation_from_manuscript_summary
benign-1058,permit,permit,deterministic_derivation_from_manuscript_summary
benign-1059,permit,permit,deterministic_derivation_from_manuscript_summary
benign-1060,permit,permit,deterministic_derivation_from_manuscript_summary
benign-1061,deny,permit,deterministic_derivation_from_manuscript_summary
benign-1062,permit,permit,deterministic_derivation_from_manuscript_summary
benign-1063,permit,permit,deterministic_derivation_from_manuscript_summary
benign-1064,permit,permit,deterministic_derivation_from_manuscript_summary
benign-1065,permit,permit,deterministic_derivation_from_manuscript_summary
benign-1066,permit,permit,deterministic_derivation_from_manuscript_summary
benign-1067,permit,permit,deterministic_derivation_from_manuscript_summary
benign-1068,permit,permit,deterministic_derivation_from_manuscript_summary
benign-1069,permit,permit,deterministic_derivation_from_manuscript_summary
benign-1070,permit,permit,deterministic_derivation_from_manuscript_summary
benign-1071,permit,permit,deterministic_derivation_from_manuscript_summary
benign-1072,permit,permit,deterministic_derivation_from_manuscript_summary
benign-1073,permit,permit,deterministic_derivation_from_manuscript_summary
benign-1074,deny,permit,deterministic_derivation_from_manuscript_summary
benign-1075,permit,permit,deterministic_derivation_from_manuscript_summary
benign-1076,permit,deny,deterministic_derivation_from_manuscript_summary
benign-1077,permit,permit,deterministic_derivation_from_manuscript_summary
benign-1078,permit,permit,deterministic_derivation_from_manuscript_summary
benign-1079,permit,permit,deterministic_derivation_from_manuscript_summary
benign-1080,permit,permit,deterministic_derivation_from_manuscript_summary
benign-1081,permit,permit,deterministic_derivation_from_manuscript_summary
benign-1082,permit,permit,deterministic_derivation_from_manuscript_summary
benign-1083,permit,permit,deterministic_derivation_from_manuscript_summary
benign-1084,permit,permit,deterministic_derivation_from_manuscript_summary
benign-1085,permit,permit,deterministic_derivation_from_manuscript_summary
benign-1086,permit,permit,deterministic_derivation_from_manuscript_summary
benign-1087,permit,permit,deterministic_derivation_from_manuscript_summary
benign-1088,permit,permit,deterministic_derivation_from_manuscript_summary
benign-1089,permit,permit,deterministic_derivation_from_manuscript_summary
benign-1090,permit,permit,deterministic_derivation_from_manuscript_summary
benign-1091,permit,permit,deterministic_derivation_from_manuscript_summary
benign-1092,permit,permit,deterministic_derivation_from_manuscript_summary
benign-1093,permit,permit,deterministic_derivation_from_manuscript_summary
benign-1094,permit,permit,deterministic_derivation_from_manuscript_summary
benign-1095,permit,permit,deterministic_derivation_from_manuscript_summary
benign-1096,permit,permit,deterministic_derivation_from_manuscript_summary
benign-1097,permit,permit,deterministic_derivation_from_manuscript_summary
benign-1098,permit,permit,deterministic_derivation_from_manuscript_summary
benign-1099,permit,permit,deterministic_derivation_from_manuscript_summary
benign-1100,permit,permit,deterministic_derivation_from_manuscript_summary
benign-1101,deny,permit,deterministic_derivation_from_manuscript_summary
benign-1102,permit,permit,deterministic_derivation_from_manuscript_summary
benign-1103,permit,permit,deterministic_derivation_from_manuscript_summary
benign-1104,permit,permit,deterministic_derivation_from_manuscript_summary
benign-1105,permit,permit,deterministic_derivation_from_manuscript_summary
benign-1106,permit,permit,deterministic_derivation_from_manuscript_summary
benign-1107,permit,permit,deterministic_derivation_from_manuscript_summary
benign-1108,permit,permit,deterministic_derivation_from_manuscript_summary
benign-1109,permit,deny,deterministic_derivation_from_manuscript_summary
benign-1110,permit,permit,deterministic_derivation_from_manuscript_summary
benign-1111,permit,permit,deterministic_derivation_from_manuscript_summary
benign-1112,deny,permit,deterministic_derivation_from_manuscript_summary
benign-1113,permit,permit,deterministic_derivation_from_manuscript_summary
benign-1114,permit,permit,deterministic_derivation_from_manuscript_summary
benign-1115,permit,permit,deterministic_derivation_from_manuscript_summary
benign-1116,permit,permit,deterministic_derivation_from_manuscript_summary
benign-1117,permit,permit,deterministic_derivation_from_manuscript_summary
benign-1118,permit,permit,deterministic_derivation_from_manuscript_summary
benign-1119,permit,permit,deterministic_derivation_from_manuscript_summary
benign-1120,deny,permit,deterministic_derivation_from_manuscript_summary
benign-1121,permit,permit,deterministic_derivation_from_manuscript_summary
benign-1122,permit,permit,deterministic_derivation_from_manuscript_summary
benign-1123,permit,permit,deterministic_derivation_from_manuscript_summary
benign-1124,permit,permit,deterministic_derivation_from_manuscript_summary
benign-1125,permit,permit,deterministic_derivation_from_manuscript_summary
benign-1126,deny,permit,deterministic_derivation_from_manuscript_summary
benign-1127,permit,permit,deterministic_derivation_from_manuscript_summary
benign-1128,permit,permit,deterministic_derivation_from_manuscript_summary
benign-1129,permit,permit,deterministic_derivation_from_manuscript_summary
benign-1130,permit,permit,deterministic_derivation_from_manuscript_summary
benign-1131,permit,permit,deterministic_derivation_from_manuscript_summary
benign-1132,permit,permit,deterministic_derivation_from_manuscript_summary
benign-1133,permit,permit,deterministic_derivation_from_manuscript_summary
benign-1134,permit,permit,deterministic_derivation_from_manuscript_summary
benign-1135,deny,permit,deterministic_derivation_from_manuscript_summary
benign-1136,permit,permit,deterministic_derivation_from_manuscript_summary
benign-1137,permit,permit,deterministic_derivation_from_manuscript_summary
benign-1138,permit,permit,deterministic_derivation_from_manuscript_summary
benign-1139,permit,permit,deterministic_derivation_from_manuscript_summary
benign-1140,permit,permit,deterministic_derivation_from_manuscript_summary
benign-1141,permit,permit,deterministic_derivation_from_manuscript_summary
benign-1142,permit,permit,deterministic_derivation_from_manuscript_summary
benign-1143,permit,permit,deterministic_derivation_from_manuscript_summary
benign-1144,permit,permit,deterministic_derivation_from_manuscript_summary
benign-1145,permit,permit,deterministic_derivation_from_manuscript_summary
benign-1146,permit,permit,deterministic_derivation_from_manuscript_summary
benign-1147,permit,permit,deterministic_derivation_from_manuscript_summary
benign-1148,permit,permit,deterministic_derivation_from_manuscript_summary
benign-1149,permit,permit,deterministic_derivation_from_manuscript_summary
benign-1150,permit,permit,deterministic_derivation_from_manuscript_summary
benign-1151,permit,permit,deterministic_derivation_from_manuscript_summary
benign-1152,permit,permit,deterministic_derivation_from_manuscript_summary
benign-1153,permit,permit,deterministic_derivation_from_manuscript_summary
benign-1154,permit,permit,deterministic_derivation_from_manuscript_summary
benign-1155,permit,permit,deterministic_derivation_from_manuscript_summary
benign-1156,permit,permit,deterministic_derivation_from_manuscript_summary
benign-1157,permit,permit,deterministic_derivation_from_manuscript_summary
benign-1158,permit,permit,deterministic_derivation_from_manuscript_summary
benign-1159,permit,permit,deterministic_derivation_from_manuscript_summary
benign-1160,permit,permit,deterministic_derivation_from_manuscript_summary
benign-1161,permit,permit,deterministic_derivation_from_manuscript_summary
benign-1162,permit,permit,deterministic_derivation_from_manuscript_summary
benign-1163,permit,permit,deterministic_derivation_from_manuscript_summary
benign-1164,permit,deny,deterministic_derivation_from_manuscript_summary
benign-1165,permit,permit,deterministic_derivation_from_manuscript_summary
benign-1166,permit,permit,deterministic_derivation_from_manuscript_summary
benign-1167,permit,permit,deterministic_derivation_from_manuscript_summary
benign-1168,permit,permit,deterministic_derivation_from_manuscript_summary
benign-1169,permit,permit,deterministic_derivation_from_manuscript_summary
benign-1170,permit,permit,deterministic_derivation_from_manuscript_summary
benign-1171,permit,permit,deterministic_derivation_from_manuscript_summary
benign-1172,permit,permit,deterministic_derivation_from_manuscript_summary
benign-1173,permit,permit,deterministic_derivation_from_manuscript_summary
benign-1174,permit,permit,deterministic_derivation_from_manuscript_summary
benign-1175,permit,permit,deterministic_derivation_from_manuscript_summary
benign-1176,permit,permit,deterministic_derivation_from_manuscript_summary
benign-1177,permit,permit,deterministic_derivation_from_manuscript_summary
benign-1178,permit,permit,deterministic_derivation_from_manuscript_summary
benign-1179,permit,permit,deterministic_derivation_from_manuscript_summary
benign-1180,permit,permit,deterministic_derivation_from_manuscript_summary
benign-1181,permit,permit,deterministic_derivation_from_manuscript_summary
benign-1182,permit,permit,deterministic_derivation_from_manuscript_summary
benign-1183,permit,permit,deterministic_derivation_from_manuscript_summary
benign-1184,permit,permit,deterministic_derivation_from_manuscript_summary
benign-1185,permit,permit,deterministic_derivation_from_manuscript_summary
benign-1186,permit,permit,deterministic_derivation_from_manuscript_summary
benign-1187,permit,permit,deterministic_derivation_from_manuscript_summary
benign-1188,deny,permit,deterministic_derivation_from_manuscript_summary
benign-1189,permit,permit,deterministic_derivation_from_manuscript_summary
benign-1190,deny,permit,deterministic_derivation_from_manuscript_summary
benign-1191,permit,permit,deterministic_derivation_from_manuscript_summary
benign-1192,permit,permit,deterministic_derivation_from_manuscript_summary
benign-1193,permit,permit,deterministic_derivation_from_manuscript_summary
benign-1194,permit,permit,deterministic_derivation_from_manuscript_summary
benign-1195,permit,permit,deterministic_derivation_from_manuscript_summary
benign-1196,permit,permit,deterministic_derivation_from_manuscript_summary
benign-1197,permit,permit,deterministic_derivation_from_manuscript_summary
benign-1198,permit,permit,deterministic_derivation_from_manuscript_summary
benign-1199,permit,permit,deterministic_derivation_from_manuscript_summary
benign-1200,permit,permit,deterministic_derivation_from_manuscript_summary
benign-1201,permit,permit,deterministic_derivation_from_manuscript_summary
benign-1202,permit,permit,deterministic_derivation_from_manuscript_summary
benign-1203,permit,permit,deterministic_derivation_from_manuscript_summary
benign-1204,permit,permit,deterministic_derivation_from_manuscript_summary
benign-1205,permit,permit,deterministic_derivation_from_manuscript_summary
benign-1206,permit,permit,deterministic_derivation_from_manuscript_summary
benign-1207,permit,permit,deterministic_derivation_from_manuscript_summary
benign-1208,deny,permit,deterministic_derivation_from_manuscript_summary
benign-1209,permit,permit,deterministic_derivation_from_manuscript_summary
benign-1210,permit,permit,deterministic_derivation_from_manuscript_summary
benign-1211,permit,permit,deterministic_derivation_from_manuscript_summary
benign-1212,permit,permit,deterministic_derivation_from_manuscript_summary
benign-1213,permit,permit,deterministic_derivation_from_manuscript_summary
benign-1214,permit,permit,deterministic_derivation_from_manuscript_summary
benign-1215,permit,permit,deterministic_derivation_from_manuscript_summary
benign-1216,permit,permit,deterministic_derivation_from_manuscript_summary
benign-1217,permit,permit,deterministic_derivation_from_manuscript_summary
benign-1218,permit,permit,deterministic_derivation_from_manuscript_summary
benign-1219,permit,permit,deterministic_derivation_from_manuscript_summary
benign-1220,permit,permit,deterministic_derivation_from_manuscript_summary
benign-1221,permit,permit,deterministic_derivation_from_manuscript_summary
benign-1222,permit,permit,deterministic_derivation_from_manuscript_summary
benign-1223,permit,permit,deterministic_derivation_from_manuscript_summary
benign-1224,permit,permit,deterministic_derivation_from_manuscript_summary
benign-1225,permit,permit,deterministic_derivation_from_manuscript_summary
benign-1226,permit,permit,deterministic_derivation_from_manuscript_summary
benign-1227,permit,permit,deterministic_derivation_from_manuscript_summary
benign-1228,deny,permit,deterministic_derivation_from_manuscript_summary
benign-1229,permit,permit,deterministic_derivation_from_manuscript_summary
benign-1230,permit,permit,deterministic_derivation_from_manuscript_summary
benign-1231,permit,permit,deterministic_derivation_from_manuscript_summary
benign-1232,permit,permit,deterministic_derivation_from_manuscript_summary
benign-1233,permit,permit,deterministic_derivation_from_manuscript_summary
benign-1234,permit,permit,deterministic_derivation_from_manuscript_summary
benign-1235,permit,permit,deterministic_derivation_from_manuscript_summary
benign-1236,permit,permit,deterministic_derivation_from_manuscript_summary
benign-1237,permit,permit,deterministic_derivation_from_manuscript_summary
benign-1238,permit,permit,deterministic_derivation_from_manuscript_summary
benign-1239,deny,permit,deterministic_derivation_from_manuscript_summary
benign-1240,permit,permit,deterministic_derivation_from_manuscript_summary
benign-1241,permit,permit,deterministic_derivation_from_manuscript_summary
benign-1242,permit,permit,deterministic_derivation_from_manuscript_summary
benign-1243,permit,deny,deterministic_derivation_from_manuscript_summary
benign-1244,permit,permit,deterministic_derivation_from_manuscript_summary
benign-1245,permit,permit,deterministic_derivation_from_manuscript_summary
benign-1246,permit,permit,deterministic_derivation_from_manuscript_summary
benign-1247,permit,permit,deterministic_derivation_from_manuscript_summary
benign-1248,permit,permit,deterministic_derivation_from_manuscript_summary
benign-1249,permit,permit,deterministic_derivation_from_manuscript_summary
benign-1250,permit,permit,deterministic_derivation_from_manuscript_summary
benign-1251,permit,permit,deterministic_derivation_from_manuscript_summary
benign-1252,permit,permit,deterministic_derivation_from_manuscript_summary
benign-1253,permit,permit,deterministic_derivation_from_manuscript_summary
benign-1254,permit,permit,deterministic_derivation_from_manuscript_summary
benign-1255,permit,permit,deterministic_derivation_from_manuscript_summary
benign-1256,permit,permit,deterministic_derivation_from_manuscript_summary
benign-1257,permit,permit,deterministic_derivation_from_manuscript_summary
benign-1258,permit,permit,deterministic_derivation_from_manuscript_summary
benign-1259,permit,permit,deterministic_derivation_from_manuscript_summary
benign-1260,permit,permit,deterministic_derivation_from_manuscript_summary
benign-1261,permit,permit,deterministic_derivation_from_manuscript_summary
benign-1262,permit,permit,deterministic_derivation_from_manuscript_summary
benign-1263,deny,permit,deterministic_derivation_from_manuscript_summary
benign-1264,permit,permit,deterministic_derivation_from_manuscript_summary
benign-1265,permit,permit,deterministic_derivation_from_manuscript_summary
benign-1266,permit,permit,deterministic_derivation_from_manuscript_summary
benign-1267,permit,permit,deterministic_derivation_from_manuscript_summary
benign-1268,permit,deny,deterministic_derivation_from_manuscript_summary
benign-1269,permit,permit,deterministic_derivation_from_manuscript_summary
benign-1270,permit,permit,deterministic_derivation_from_manuscript_summary
benign-1271,permit,permit,deterministic_derivation_from_manuscript_summary
benign-1272,permit,permit,deterministic_derivation_from_manuscript_summary
benign-1273,permit,permit,deterministic_derivation_from_manuscript_summary
benign-1274,permit,permit,deterministic_derivation_from_manuscript_summary
benign-1275,permit,permit,deterministic_derivation_from_manuscript_summary
benign-1276,permit,permit,deterministic_derivation_from_manuscript_summary
benign-1277,permit,permit,deterministic_derivation_from_manuscript_summary
benign-1278,permit,permit,deterministic_derivation_from_manuscript_summary
benign-1279,permit,permit,deterministic_derivation_from_manuscript_summary
benign-1280,permit,permit,deterministic_derivation_from_manuscript_summary
benign-1281,permit,permit,deterministic_derivation_from_manuscript_summary
benign-1282,permit,permit,deterministic_derivation_from_manuscript_summary
benign-1283,permit,permit,deterministic_derivation_from_manuscript_summary
benign-1284,permit,permit,deterministic_derivation_from_manuscript_summary
benign-1285,permit,permit,deterministic_derivation_from_manuscript_summary
benign-1286,permit,permit,deterministic_derivation_from_manuscript_summary
benign-1287,permit,permit,deterministic_derivation_from_manuscript_summary
benign-1288,permit,permit,deterministic_derivation_from_manuscript_summary
benign-1289,permit,permit,deterministic_derivation_from_manuscript_summary
benign-1290,permit,permit,deterministic_derivation_from_manuscript_summary
benign-1291,permit,permit,deterministic_derivation_from_manuscript_summary
benign-1292,permit,permit,deterministic_derivation_from_manuscript_summary
benign-1293,permit,permit,deterministic_derivation_from_manuscript_summary
benign-1294,permit,permit,deterministic_derivation_from_manuscript_summary
benign-1295,permit,permit,deterministic_derivation_from_manuscript_summary
benign-1296,permit,permit,deterministic_derivation_from_manuscript_summary
benign-1297,permit,permit,deterministic_derivation_from_manuscript_summary
benign-1298,permit,permit,deterministic_derivation_from_manuscript_summary
benign-1299,permit,permit,deterministic_derivation_from_manuscript_summary
benign-1300,permit,permit,deterministic_derivation_from_manuscript_summary
benign-1301,permit,permit,deterministic_derivation_from_manuscript_summary
benign-1302,permit,permit,deterministic_derivation_from_manuscript_summary
benign-1303,permit,permit,deterministic_derivation_from_manuscript_summary
benign-1304,permit,permit,deterministic_derivation_from_manuscript_summary
benign-1305,deny,permit,deterministic_derivation_from_manuscript_summary
benign-1306,permit,permit,deterministic_derivation_from_manuscript_summary
benign-1307,permit,permit,deterministic_derivation_from_manuscript_summary
benign-1308,permit,permit,deterministic_derivation_from_manuscript_summary
benign-1309,permit,permit,deterministic_derivation_from_manuscript_summary
benign-1310,permit,permit,deterministic_derivation_from_manuscript_summary
benign-1311,permit,permit,deterministic_derivation_from_manuscript_summary
benign-1312,permit,permit,deterministic_derivation_from_manuscript_summary
benign-1313,permit,permit,deterministic_derivation_from_manuscript_summary
benign-1314,permit,permit,deterministic_derivation_from_manuscript_summary
benign-1315,deny,permit,deterministic_derivation_from_manuscript_summary
benign-1316,deny,permit,deterministic_derivation_from_manuscript_summary
benign-1317,permit,permit,deterministic_derivation_from_manuscript_summary
benign-1318,permit,permit,deterministic_derivation_from_manuscript_summary
benign-1319,permit,permit,deterministic_derivation_from_manuscript_summary
benign-1320,permit,permit,deterministic_derivation_from_manuscript_summary
benign-1321,permit,permit,deterministic_derivation_from_manuscript_summary
benign-1322,permit,permit,deterministic_derivation_from_manuscript_summary
benign-1323,permit,permit,deterministic_derivation_from_manuscript_summary
benign-1324,permit,permit,deterministic_derivation_from_manuscript_summary
benign-1325,permit,permit,deterministic_derivation_from_manuscript_summary
benign-1326,permit,permit,deterministic_derivation_from_manuscript_summary
benign-1327,permit,permit,deterministic_derivation_from_manuscript_summary
benign-1328,permit,permit,deterministic_derivation_from_manuscript_summary
benign-1329,permit,permit,deterministic_derivation_from_manuscript_summary
benign-1330,permit,permit,deterministic_derivation_from_manuscript_summary
benign-1331,permit,permit,deterministic_derivation_from_manuscript_summary
benign-1332,permit,deny,deterministic_derivation_from_manuscript_summary
benign-1333,permit,permit,deterministic_derivation_from_manuscript_summary
benign-1334,permit,permit,deterministic_derivation_from_manuscript_summary
benign-1335,permit,permit,deterministic_derivation_from_manuscript_summary
benign-1336,permit,permit,deterministic_derivation_from_manuscript_summary
benign-1337,permit,permit,deterministic_derivation_from_manuscript_summary
benign-1338,permit,permit,deterministic_derivation_from_manuscript_summary
benign-1339,permit,permit,deterministic_derivation_from_manuscript_summary
benign-1340,permit,permit,deterministic_derivation_from_manuscript_summary
benign-1341,permit,permit,deterministic_derivation_from_manuscript_summary
benign-1342,permit,permit,deterministic_derivation_from_manuscript_summary
benign-1343,permit,permit,deterministic_derivation_from_manuscript_summary
benign-1344,permit,permit,deterministic_derivation_from_manuscript_summary
benign-1345,permit,permit,deterministic_derivation_from_manuscript_summary
benign-1346,permit,permit,deterministic_derivation_from_manuscript_summary
benign-1347,permit,permit,deterministic_derivation_from_manuscript_summary
benign-1348,permit,permit,deterministic_derivation_from_manuscript_summary
benign-1349,permit,permit,deterministic_derivation_from_manuscript_summary
benign-1350,permit,permit,deterministic_derivation_from_manuscript_summary
benign-1351,permit,permit,deterministic_derivation_from_manuscript_summary
benign-1352,permit,permit,deterministic_derivation_from_manuscript_summary
benign-1353,permit,permit,deterministic_derivation_from_manuscript_summary
benign-1354,permit,permit,deterministic_derivation_from_manuscript_summary
benign-1355,permit,permit,deterministic_derivation_from_manuscript_summary
benign-1356,permit,permit,deterministic_derivation_from_manuscript_summary
benign-1357,permit,permit,deterministic_derivation_from_manuscript_summary
benign-1358,permit,permit,deterministic_derivation_from_manuscript_summary
benign-1359,permit,permit,deterministic_derivation_from_manuscript_summary
benign-1360,permit,permit,deterministic_derivation_from_manuscript_summary
benign-1361,permit,permit,deterministic_derivation_from_manuscript_summary
benign-1362,permit,permit,deterministic_derivation_from_manuscript_summary
benign-1363,deny,permit,deterministic_derivation_from_manuscript_summary
benign-1364,permit,permit,deterministic_derivation_from_manuscript_summary
benign-1365,permit,permit,deterministic_derivation_from_manuscript_summary
benign-1366,deny,permit,deterministic_derivation_from_manuscript_summary
benign-1367,permit,permit,deterministic_derivation_from_manuscript_summary
benign-1368,permit,permit,deterministic_derivation_from_manuscript_summary
benign-1369,permit,permit,deterministic_derivation_from_manuscript_summary
benign-1370,deny,permit,deterministic_derivation_from_manuscript_summary
benign-1371,permit,permit,deterministic_derivation_from_manuscript_summary
benign-1372,permit,permit,deterministic_derivation_from_manuscript_summary
benign-1373,permit,permit,deterministic_derivation_from_manuscript_summary
benign-1374,permit,permit,deterministic_derivation_from_manuscript_summary
benign-1375,permit,permit,deterministic_derivation_from_manuscript_summary
benign-1376,permit,permit,deterministic_derivation_from_manuscript_summary
benign-1377,permit,permit,deterministic_derivation_from_manuscript_summary
benign-1378,permit,permit,deterministic_derivation_from_manuscript_summary
benign-1379,permit,permit,deterministic_derivation_from_manuscript_summary
benign-1380,permit,permit,deterministic_derivation_from_manuscript_summary
benign-1381,permit,permit,deterministic_derivation_from_manuscript_summary
benign-1382,permit,permit,deterministic_derivation_from_manuscript_summary
benign-1383,permit,permit,deterministic_derivation_from_manuscript_summary
benign-1384,permit,permit,deterministic_derivation_from_manuscript_summary
benign-1385,permit,permit,deterministic_derivation_from_manuscript_summary
benign-1386,permit,permit,deterministic_derivation_from_manuscript_summary
benign-1387,permit,permit,deterministic_derivation_from_manuscript_summary
benign-1388,permit,permit,deterministic_derivation_from_manuscript_summary
benign-1389,permit,permit,deterministic_derivation_from_manuscript_summary
benign-1390,permit,permit,deterministic_derivation_from_manuscript_summary
benign-1391,permit,permit,deterministic_derivation_from_manuscript_summary
benign-1392,permit,permit,deterministic_derivation_from_manuscript_summary
benign-1393,permit,permit,deterministic_derivation_from_manuscript_summary
benign-1394,permit,permit,deterministic_derivation_from_manuscript_summary
benign-1395,permit,permit,deterministic_derivation_from_manuscript_summary
benign-1396,permit,permit,deterministic_derivation_from_manuscript_summary
benign-1397,permit,permit,deterministic_derivation_from_manuscript_summary
benign-1398,permit,permit,deterministic_derivation_from_manuscript_summary
benign-1399,permit,permit,deterministic_derivation_from_manuscript_summary
benign-1400,permit,permit,deterministic_derivation_from_manuscript_summary
benign-1401,permit,permit,deterministic_derivation_from_manuscript_summary
benign-1402,permit,permit,deterministic_derivation_from_manuscript_summary
benign-1403,permit,permit,deterministic_derivation_from_manuscript_summary
benign-1404,permit,permit,deterministic_derivation_from_manuscript_summary
benign-1405,permit,permit,deterministic_derivation_from_manuscript_summary
benign-1406,permit,deny,deterministic_derivation_from_manuscript_summary
benign-1407,permit,permit,deterministic_derivation_from_manuscript_summary
benign-1408,permit,permit,deterministic_derivation_from_manuscript_summary
benign-1409,permit,permit,deterministic_derivation_from_manuscript_summary
benign-1410,deny,permit,deterministic_derivation_from_manuscript_summary
benign-1411,deny,permit,deterministic_derivation_from_manuscript_summary
benign-1412,permit,permit,deterministic_derivation_from_manuscript_summary
benign-1413,permit,permit,deterministic_derivation_from_manuscript_summary
benign-1414,permit,permit,deterministic_derivation_from_manuscript_summary
benign-1415,permit,permit,deterministic_derivation_from_manuscript_summary
benign-1416,permit,permit,deterministic_derivation_from_manuscript_summary
benign-1417,permit,permit,deterministic_derivation_from_manuscript_summary
benign-1418,permit,permit,deterministic_derivation_from_manuscript_summary
benign-1419,permit,permit,deterministic_derivation_from_manuscript_summary
benign-1420,permit,permit,deterministic_derivation_from_manuscript_summary
benign-1421,permit,permit,deterministic_derivation_from_manuscript_summary
benign-1422,deny,permit,deterministic_derivation_from_manuscript_summary
benign-1423,permit,permit,deterministic_derivation_from_manuscript_summary
benign-1424,deny,permit,deterministic_derivation_from_manuscript_summary
benign-1425,permit,permit,deterministic_derivation_from_manuscript_summary
benign-1426,permit,permit,deterministic_derivation_from_manuscript_summary
benign-1427,permit,permit,deterministic_derivation_from_manuscript_summary
benign-1428,permit,permit,deterministic_derivation_from_manuscript_summary
benign-1429,permit,permit,deterministic_derivation_from_manuscript_summary
benign-1430,permit,permit,deterministic_derivation_from_manuscript_summary
benign-1431,deny,permit,deterministic_derivation_from_manuscript_summary
benign-1432,permit,permit,deterministic_derivation_from_manuscript_summary
benign-1433,deny,permit,deterministic_derivation_from_manuscript_summary
benign-1434,permit,permit,deterministic_derivation_from_manuscript_summary
benign-1435,permit,permit,deterministic_derivation_from_manuscript_summary
benign-1436,permit,permit,deterministic_derivation_from_manuscript_summary
benign-1437,permit,permit,deterministic_derivation_from_manuscript_summary
benign-1438,permit,permit,deterministic_derivation_from_manuscript_summary
benign-1439,permit,permit,deterministic_derivation_from_manuscript_summary
benign-1440,permit,permit,deterministic_derivation_from_manuscript_summary
benign-1441,deny,permit,deterministic_derivation_from_manuscript_summary
benign-1442,permit,permit,deterministic_derivation_from_manuscript_summary
benign-1443,permit,permit,deterministic_derivation_from_manuscript_summary
benign-1444,permit,permit,deterministic_derivation_from_manuscript_summary
benign-1445,permit,permit,deterministic_derivation_from_manuscript_summary
benign-1446,permit,permit,deterministic_derivation_from_manuscript_summary
benign-1447,permit,permit,deterministic_derivation_from_manuscript_summary
benign-1448,permit,permit,deterministic_derivation_from_manuscript_summary
benign-1449,permit,permit,deterministic_derivation_from_manuscript_summary
benign-1450,permit,permit,deterministic_derivation_from_manuscript_summary
benign-1451,permit,permit,deterministic_derivation_from_manuscript_summary
benign-1452,permit,deny,deterministic_derivation_from_manuscript_summary
benign-1453,permit,permit,deterministic_derivation_from_manuscript_summary
benign-1454,permit,permit,deterministic_derivation_from_manuscript_summary
benign-1455,permit,permit,deterministic_derivation_from_manuscript_summary
benign-1456,permit,permit,deterministic_derivation_from_manuscript_summary
benign-1457,permit,permit,deterministic_derivation_from_manuscript_summary
benign-1458,permit,permit,deterministic_derivation_from_manuscript_summary
benign-1459,permit,permit,deterministic_derivation_from_manuscript_summary
benign-1460,permit,permit,deterministic_derivation_from_manuscript_summary
benign-1461,deny,permit,deterministic_derivation_from_manuscript_summary
benign-1462,deny,permit,deterministic_derivation_from_manuscript_summary
benign-1463,permit,permit,deterministic_derivation_from_manuscript_summary
benign-1464,permit,permit,deterministic_derivation_from_manuscript_summary
benign-1465,permit,permit,deterministic_derivation_from_manuscript_summary
benign-1466,permit,permit,deterministic_derivation_from_manuscript_summary
benign-1467,permit,permit,deterministic_derivation_from_manuscript_summary
benign-1468,permit,permit,deterministic_derivation_from_manuscript_summary
benign-1469,permit,permit,deterministic_derivation_from_manuscript_summary
benign-1470,permit,permit,deterministic_derivation_from_manuscript_summary
benign-1471,permit,permit,deterministic_derivation_from_manuscript_summary
benign-1472,permit,permit,deterministic_derivation_from_manuscript_summary
benign-1473,permit,permit,deterministic_derivation_from_manuscript_summary
benign-1474,permit,permit,deterministic_derivation_from_manuscript_summary
benign-1475,permit,permit,deterministic_derivation_from_manuscript_summary
benign-1476,permit,permit,deterministic_derivation_from_manuscript_summary
benign-1477,permit,permit,deterministic_derivation_from_manuscript_summary
benign-1478,permit,permit,deterministic_derivation_from_manuscript_summary
benign-1479,permit,permit,deterministic_derivation_from_manuscript_summary
benign-1480,permit,permit,deterministic_derivation_from_manuscript_summary
benign-1481,deny,permit,deterministic_derivation_from_manuscript_summary
benign-1482,permit,permit,deterministic_derivation_from_manuscript_summary
benign-1483,permit,permit,deterministic_derivation_from_manuscript_summary
benign-1484,permit,permit,deterministic_derivation_from_manuscript_summary
benign-1485,permit,permit,deterministic_derivation_from_manuscript_summary
benign-1486,deny,permit,deterministic_derivation_from_manuscript_summary
benign-1487,permit,permit,deterministic_derivation_from_manuscript_summary
benign-1488,permit,permit,deterministic_derivation_from_manuscript_summary
benign-1489,permit,permit,deterministic_derivation_from_manuscript_summary
benign-1490,permit,permit,deterministic_derivation_from_manuscript_summary
benign-1491,permit,permit,deterministic_derivation_from_manuscript_summary
benign-1492,permit,permit,deterministic_derivation_from_manuscript_summary
benign-1493,deny,permit,deterministic_derivation_from_manuscript_summary
benign-1494,permit,permit,deterministic_derivation_from_manuscript_summary
benign-1495,deny,permit,deterministic_derivation_from_manuscript_summary
benign-1496,permit,permit,deterministic_derivation_from_manuscript_summary
benign-1497,permit,permit,deterministic_derivation_from_manuscript_summary
benign-1498,permit,permit,deterministic_derivation_from_manuscript_summary
benign-1499,permit,permit,deterministic_derivation_from_manuscript_summary
benign-1500,permit,permit,deterministic_derivation_from_manuscript_summary
benign-1501,permit,permit,deterministic_derivation_from_manuscript_summary
benign-1502,permit,permit,deterministic_derivation_from_manuscript_summary
benign-1503,permit,permit,deterministic_derivation_from_manuscript_summary
benign-1504,permit,permit,deterministic_derivation_from_manuscript_summary
benign-1505,permit,permit,deterministic_derivation_from_manuscript_summary
benign-1506,permit,permit,deterministic_derivation_from_manuscript_summary
benign-1507,permit,permit,deterministic_derivation_from_manuscript_summary
benign-1508,permit,permit,deterministic_derivation_from_manuscript_summary
benign-1509,permit,permit,deterministic_derivation_from_manuscript_summary
benign-1510,permit,permit,deterministic_derivation_from_manuscript_summary
benign-1511,permit,permit,deterministic_derivation_from_manuscript_summary
benign-1512,permit,permit,deterministic_derivation_from_manuscript_summary
benign-1513,permit,permit,deterministic_derivation_from_manuscript_summary
benign-1514,permit,permit,deterministic_derivation_from_manuscript_summary
benign-1515,permit,permit,deterministic_derivation_from_manuscript_summary
benign-1516,permit,deny,deterministic_derivation_from_manuscript_summary
benign-1517,permit,permit,deterministic_derivation_from_manuscript_summary
benign-1518,permit,permit,deterministic_derivation_from_manuscript_summary
benign-1519,permit,permit,deterministic_derivation_from_manuscript_summary
benign-1520,permit,permit,deterministic_derivation_from_manuscript_summary
benign-1521,permit,permit,deterministic_derivation_from_manuscript_summary
benign-1522,permit,permit,deterministic_derivation_from_manuscript_summary
benign-1523,permit,permit,deterministic_derivation_from_manuscript_summary
benign-1524,permit,permit,deterministic_derivation_from_manuscript_summary
benign-1525,permit,permit,deterministic_derivation_from_manuscript_summary
benign-1526,permit,permit,deterministic_derivation_from_manuscript_summary
benign-1527,permit,permit,deterministic_derivation_from_manuscript_summary
benign-1528,permit,permit,deterministic_derivation_from_manuscript_summary
benign-1529,permit,permit,deterministic_derivation_from_manuscript_summary
benign-1530,permit,permit,deterministic_derivation_from_manuscript_summary
benign-1531,permit,deny,deterministic_derivation_from_manuscript_summary
benign-1532,permit,permit,deterministic_derivation_from_manuscript_summary
benign-1533,permit,permit,deterministic_derivation_from_manuscript_summary
benign-1534,permit,permit,deterministic_derivation_from_manuscript_summary
benign-1535,deny,permit,deterministic_derivation_from_manuscript_summary
benign-1536,permit,permit,deterministic_derivation_from_manuscript_summary
benign-1537,permit,permit,deterministic_derivation_from_manuscript_summary
benign-1538,permit,permit,deterministic_derivation_from_manuscript_summary
benign-1539,permit,permit,deterministic_derivation_from_manuscript_summary
benign-1540,permit,permit,deterministic_derivation_from_manuscript_summary
benign-1541,permit,permit,deterministic_derivation_from_manuscript_summary
benign-1542,permit,permit,deterministic_derivation_from_manuscript_summary
benign-1543,permit,permit,deterministic_derivation_from_manuscript_summary
benign-1544,deny,permit,deterministic_derivation_from_manuscript_summary
benign-1545,permit,permit,deterministic_derivation_from_manuscript_summary
benign-1546,permit,permit,deterministic_derivation_from_manuscript_summary
benign-1547,permit,permit,deterministic_derivation_from_manuscript_summary
benign-1548,permit,permit,deterministic_derivation_from_manuscript_summary
benign-1549,permit,permit,deterministic_derivation_from_manuscript_summary
benign-1550,permit,permit,deterministic_derivation_from_manuscript_summary
benign-1551,permit,permit,deterministic_derivation_from_manuscript_summary
benign-1552,permit,permit,deterministic_derivation_from_manuscript_summary
benign-1553,permit,permit,deterministic_derivation_from_manuscript_summary
benign-1554,permit,permit,deterministic_derivation_from_manuscript_summary
benign-1555,permit,permit,deterministic_derivation_from_manuscript_summary
benign-1556,permit,permit,deterministic_derivation_from_manuscript_summary
benign-1557,permit,permit,deterministic_derivation_from_manuscript_summary
benign-1558,permit,permit,deterministic_derivation_from_manuscript_summary
benign-1559,permit,permit,deterministic_derivation_from_manuscript_summary
benign-1560,permit,permit,deterministic_derivation_from_manuscript_summary
benign-1561,permit,permit,deterministic_derivation_from_manuscript_summary
benign-1562,permit,permit,deterministic_derivation_from_manuscript_summary
benign-1563,permit,permit,deterministic_derivation_from_manuscript_summary
benign-1564,permit,permit,deterministic_derivation_from_manuscript_summary
benign-1565,permit,permit,deterministic_derivation_from_manuscript_summary
benign-1566,permit,deny,deterministic_derivation_from_manuscript_summary
benign-1567,permit,permit,deterministic_derivation_from_manuscript_summary
benign-1568,permit,permit,deterministic_derivation_from_manuscript_summary
benign-1569,permit,permit,deterministic_derivation_from_manuscript_summary
benign-1570,permit,permit,deterministic_derivation_from_manuscript_summary
benign-1571,deny,permit,deterministic_derivation_from_manuscript_summary
benign-1572,permit,permit,deterministic_derivation_from_manuscript_summary
benign-1573,permit,permit,deterministic_derivation_from_manuscript_summary
benign-1574,permit,permit,deterministic_derivation_from_manuscript_summary
benign-1575,deny,permit,deterministic_derivation_from_manuscript_summary
benign-1576,permit,permit,deterministic_derivation_from_manuscript_summary
benign-1577,permit,permit,deterministic_derivation_from_manuscript_summary
benign-1578,permit,permit,deterministic_derivation_from_manuscript_summary
benign-1579,permit,permit,deterministic_derivation_from_manuscript_summary
benign-1580,permit,permit,deterministic_derivation_from_manuscript_summary
benign-1581,permit,permit,deterministic_derivation_from_manuscript_summary
benign-1582,permit,permit,deterministic_derivation_from_manuscript_summary
benign-1583,permit,permit,deterministic_derivation_from_manuscript_summary
benign-1584,permit,permit,deterministic_derivation_from_manuscript_summary
benign-1585,permit,permit,deterministic_derivation_from_manuscript_summary
benign-1586,deny,permit,deterministic_derivation_from_manuscript_summary
benign-1587,permit,permit,deterministic_derivation_from_manuscript_summary
benign-1588,permit,permit,deterministic_derivation_from_manuscript_summary
benign-1589,permit,permit,deterministic_derivation_from_manuscript_summary
benign-1590,permit,permit,deterministic_derivation_from_manuscript_summary
benign-1591,permit,permit,deterministic_derivation_from_manuscript_summary
benign-1592,deny,permit,deterministic_derivation_from_manuscript_summary
benign-1593,permit,permit,deterministic_derivation_from_manuscript_summary
benign-1594,permit,permit,deterministic_derivation_from_manuscript_summary
benign-1595,permit,permit,deterministic_derivation_from_manuscript_summary
benign-1596,permit,permit,deterministic_derivation_from_manuscript_summary
benign-1597,permit,permit,deterministic_derivation_from_manuscript_summary
benign-1598,permit,permit,deterministic_derivation_from_manuscript_summary
benign-1599,permit,permit,deterministic_derivation_from_manuscript_summary
benign-1600,permit,permit,deterministic_derivation_from_manuscript_summary
benign-1601,permit,permit,deterministic_derivation_from_manuscript_summary
benign-1602,permit,permit,deterministic_derivation_from_manuscript_summary
benign-1603,permit,permit,deterministic_derivation_from_manuscript_summary
benign-1604,permit,permit,deterministic_derivation_from_manuscript_summary
benign-1605,permit,permit,deterministic_derivation_from_manuscript_summary
benign-1606,permit,permit,deterministic_derivation_from_manuscript_summary
benign-1607,permit,permit,deterministic_derivation_from_manuscript_summary
benign-1608,permit,permit,deterministic_derivation_from_manuscript_summary
benign-1609,permit,permit,deterministic_derivation_from_manuscript_summary
benign-1610,permit,permit,deterministic_derivation_from_manuscript_summary
benign-1611,permit,permit,deterministic_derivation_from_manuscript_summary
benign-1612,permit,permit,deterministic_derivation_from_manuscript_summary
benign-1613,permit,permit,deterministic_derivation_from_manuscript_summary
benign-1614,permit,permit,deterministic_derivation_from_manuscript_summary
benign-1615,deny,permit,deterministic_derivation_from_manuscript_summary
benign-1616,permit,permit,deterministic_derivation_from_manuscript_summary
benign-1617,permit,permit,deterministic_derivation_from_manuscript_summary
benign-1618,permit,permit,deterministic_derivation_from_manuscript_summary
benign-1619,permit,permit,deterministic_derivation_from_manuscript_summary
benign-1620,permit,permit,deterministic_derivation_from_manuscript_summary
benign-1621,permit,permit,deterministic_derivation_from_manuscript_summary
benign-1622,permit,permit,deterministic_derivation_from_manuscript_summary
benign-1623,permit,permit,deterministic_derivation_from_manuscript_summary
benign-1624,permit,permit,deterministic_derivation_from_manuscript_summary
benign-1625,permit,permit,deterministic_derivation_from_manuscript_summary
benign-1626,permit,permit,deterministic_derivation_from_manuscript_summary
benign-1627,permit,permit,deterministic_derivation_from_manuscript_summary
benign-1628,permit,permit,deterministic_derivation_from_manuscript_summary
benign-1629,permit,permit,deterministic_derivation_from_manuscript_summary
benign-1630,permit,permit,deterministic_derivation_from_manuscript_summary
benign-1631,permit,permit,deterministic_derivation_from_manuscript_summary
benign-1632,permit,permit,deterministic_derivation_from_manuscript_summary
benign-1633,permit,permit,deterministic_derivation_from_manuscript_summary
benign-1634,permit,permit,deterministic_derivation_from_manuscript_summary
benign-1635,permit,permit,deterministic_derivation_from_manuscript_summary
benign-1636,permit,permit,deterministic_derivation_from_manuscript_summary
benign-1637,permit,permit,deterministic_derivation_from_manuscript_summary
benign-1638,permit,permit,deterministic_derivation_from_manuscript_summary
benign-1639,permit,permit,deterministic_derivation_from_manuscript_summary
benign-1640,permit,permit,deterministic_derivation_from_manuscript_summary
benign-1641,permit,permit,deterministic_derivation_from_manuscript_summary
benign-1642,permit,permit,deterministic_derivation_from_manuscript_summary
benign-1643,permit,permit,deterministic_derivation_from_manuscript_summary
benign-1644,permit,permit,deterministic_derivation_from_manuscript_summary
benign-1645,permit,permit,deterministic_derivation_from_manuscript_summary
benign-1646,permit,permit,deterministic_derivation_from_manuscript_summary
benign-1647,permit,permit,deterministic_derivation_from_manuscript_summary
benign-1648,permit,permit,deterministic_derivation_from_manuscript_summary
benign-1649,permit,permit,deterministic_derivation_from_manuscript_summary
benign-1650,permit,permit,deterministic_derivation_from_manuscript_summary
benign-1651,permit,permit,deterministic_derivation_from_manuscript_summary
benign-1652,permit,permit,deterministic_derivation_from_manuscript_summary
benign-1653,permit,permit,deterministic_derivation_from_manuscript_summary
benign-1654,permit,permit,deterministic_derivation_from_manuscript_summary
benign-1655,permit,permit,deterministic_derivation_from_manuscript_summary
benign-1656,permit,permit,deterministic_derivation_from_manuscript_summary
benign-1657,permit,permit,deterministic_derivation_from_manuscript_summary
benign-1658,permit,permit,deterministic_derivation_from_manuscript_summary
benign-1659,permit,permit,deterministic_derivation_from_manuscript_summary
benign-1660,permit,permit,deterministic_derivation_from_manuscript_summary
benign-1661,permit,permit,deterministic_derivation_from_manuscript_summary
benign-1662,permit,permit,deterministic_derivation_from_manuscript_summary
benign-1663,permit,permit,deterministic_derivation_from_manuscript_summary
benign-1664,permit,permit,deterministic_derivation_from_manuscript_summary
benign-1665,permit,permit,deterministic_derivation_from_manuscript_summary
benign-1666,permit,permit,deterministic_derivation_from_manuscript_summary
benign-1667,permit,permit,deterministic_derivation_from_manuscript_summary
benign-1668,permit,permit,deterministic_derivation_from_manuscript_summary
benign-1669,permit,permit,deterministic_derivation_from_manuscript_summary
benign-1670,permit,permit,deterministic_derivation_from_manuscript_summary
benign-1671,permit,permit,deterministic_derivation_from_manuscript_summary
benign-1672,permit,permit,deterministic_derivation_from_manuscript_summary
benign-1673,permit,permit,deterministic_derivation_from_manuscript_summary
benign-1674,permit,permit,deterministic_derivation_from_manuscript_summary
benign-1675,permit,permit,deterministic_derivation_from_manuscript_summary
benign-1676,permit,permit,deterministic_derivation_from_manuscript_summary
benign-1677,permit,permit,deterministic_derivation_from_manuscript_summary
benign-1678,permit,permit,deterministic_derivation_from_manuscript_summary
benign-1679,permit,permit,deterministic_derivation_from_manuscript_summary
benign-1680,permit,permit,deterministic_derivation_from_manuscript_summary
benign-1681,permit,permit,deterministic_derivation_from_manuscript_summary
benign-1682,permit,permit,deterministic_derivation_from_manuscript_summary
benign-1683,permit,permit,deterministic_derivation_from_manuscript_summary
benign-1684,permit,permit,deterministic_derivation_from_manuscript_summary
benign-1685,permit,permit,deterministic_derivation_from_manuscript_summary
benign-1686,permit,permit,deterministic_derivation_from_manuscript_summary
benign-1687,permit,permit,deterministic_derivation_from_manuscript_summary
benign-1688,permit,permit,deterministic_derivation_from_manuscript_summary
benign-1689,permit,permit,deterministic_derivation_from_manuscript_summary
benign-1690,permit,permit,deterministic_derivation_from_manuscript_summary
benign-1691,permit,permit,deterministic_derivation_from_manuscript_summary
benign-1692,permit,permit,deterministic_derivation_from_manuscript_summary
benign-1693,permit,permit,deterministic_derivation_from_manuscript_summary
benign-1694,permit,permit,deterministic_derivation_from_manuscript_summary
benign-1695,permit,permit,deterministic_derivation_from_manuscript_summary
benign-1696,permit,permit,deterministic_derivation_from_manuscript_summary
benign-1697,permit,permit,deterministic_derivation_from_manuscript_summary
benign-1698,permit,permit,deterministic_derivation_from_manuscript_summary
benign-1699,permit,permit,deterministic_derivation_from_manuscript_summary
benign-1700,permit,permit,deterministic_derivation_from_manuscript_summary
benign-1701,permit,permit,deterministic_derivation_from_manuscript_summary
benign-1702,permit,permit,deterministic_derivation_from_manuscript_summary
benign-1703,permit,permit,deterministic_derivation_from_manuscript_summary
benign-1704,permit,permit,deterministic_derivation_from_manuscript_summary
benign-1705,permit,permit,deterministic_derivation_from_manuscript_summary
benign-1706,permit,permit,deterministic_derivation_from_manuscript_summary
benign-1707,permit,permit,deterministic_derivation_from_manuscript_summary
benign-1708,permit,permit,deterministic_derivation_from_manuscript_summary
benign-1709,permit,permit,deterministic_derivation_from_manuscript_summary
benign-1710,permit,permit,deterministic_derivation_from_manuscript_summary
benign-1711,permit,permit,deterministic_derivation_from_manuscript_summary
benign-1712,permit,permit,deterministic_derivation_from_manuscript_summary
benign-1713,deny,permit,deterministic_derivation_from_manuscript_summary
benign-1714,permit,permit,deterministic_derivation_from_manuscript_summary
benign-1715,permit,permit,deterministic_derivation_from_manuscript_summary
benign-1716,permit,permit,deterministic_derivation_from_manuscript_summary
benign-1717,permit,permit,deterministic_derivation_from_manuscript_summary
benign-1718,permit,permit,deterministic_derivation_from_manuscript_summary
benign-1719,permit,permit,deterministic_derivation_from_manuscript_summary
benign-1720,permit,permit,deterministic_derivation_from_manuscript_summary
benign-1721,permit,permit,deterministic_derivation_from_manuscript_summary
benign-1722,permit,permit,deterministic_derivation_from_manuscript_summary
benign-1723,permit,permit,deterministic_derivation_from_manuscript_summary
benign-1724,permit,permit,deterministic_derivation_from_manuscript_summary
benign-1725,deny,permit,deterministic_derivation_from_manuscript_summary
benign-1726,permit,permit,deterministic_derivation_from_manuscript_summary
benign-1727,permit,permit,deterministic_derivation_from_manuscript_summary
benign-1728,permit,permit,deterministic_derivation_from_manuscript_summary
benign-1729,permit,permit,deterministic_derivation_from_manuscript_summary
benign-1730,deny,permit,deterministic_derivation_from_manuscript_summary
benign-1731,deny,permit,deterministic_derivation_from_manuscript_summary
benign-1732,permit,permit,deterministic_derivation_from_manuscript_summary
benign-1733,permit,permit,deterministic_derivation_from_manuscript_summary
benign-1734,permit,permit,deterministic_derivation_from_manuscript_summary
benign-1735,permit,permit,deterministic_derivation_from_manuscript_summary
benign-1736,permit,permit,deterministic_derivation_from_manuscript_summary
benign-1737,permit,permit,deterministic_derivation_from_manuscript_summary
benign-1738,permit,permit,deterministic_derivation_from_manuscript_summary
benign-1739,permit,permit,deterministic_derivation_from_manuscript_summary
benign-1740,permit,permit,deterministic_derivation_from_manuscript_summary
benign-1741,permit,permit,deterministic_derivation_from_manuscript_summary
benign-1742,permit,permit,deterministic_derivation_from_manuscript_summary
benign-1743,permit,permit,deterministic_derivation_from_manuscript_summary
benign-1744,permit,permit,deterministic_derivation_from_manuscript_summary
benign-1745,permit,permit,deterministic_derivation_from_manuscript_summary
benign-1746,permit,permit,deterministic_derivation_from_manuscript_summary
benign-1747,permit,permit,deterministic_derivation_from_manuscript_summary
benign-1748,permit,permit,deterministic_derivation_from_manuscript_summary
benign-1749,permit,deny,deterministic_derivation_from_manuscript_summary
benign-1750,permit,permit,deterministic_derivation_from_manuscript_summary
benign-1751,permit,permit,deterministic_derivation_from_manuscript_summary
benign-1752,permit,permit,deterministic_derivation_from_manuscript_summary
benign-1753,permit,permit,deterministic_derivation_from_manuscript_summary
benign-1754,permit,permit,deterministic_derivation_from_manuscript_summary
benign-1755,permit,permit,deterministic_derivation_from_manuscript_summary
benign-1756,permit,permit,deterministic_derivation_from_manuscript_summary
benign-1757,permit,permit,deterministic_derivation_from_manuscript_summary
benign-1758,permit,permit,deterministic_derivation_from_manuscript_summary
benign-1759,permit,permit,deterministic_derivation_from_manuscript_summary
benign-1760,permit,permit,deterministic_derivation_from_manuscript_summary
benign-1761,permit,permit,deterministic_derivation_from_manuscript_summary
benign-1762,permit,permit,deterministic_derivation_from_manuscript_summary
benign-1763,permit,permit,deterministic_derivation_from_manuscript_summary
benign-1764,permit,permit,deterministic_derivation_from_manuscript_summary
benign-1765,permit,permit,deterministic_derivation_from_manuscript_summary
benign-1766,permit,permit,deterministic_derivation_from_manuscript_summary
benign-1767,permit,permit,deterministic_derivation_from_manuscript_summary
benign-1768,permit,permit,deterministic_derivation_from_manuscript_summary
benign-1769,permit,permit,deterministic_derivation_from_manuscript_summary
benign-1770,permit,permit,deterministic_derivation_from_manuscript_summary
benign-1771,permit,permit,deterministic_derivation_from_manuscript_summary
benign-1772,permit,permit,deterministic_derivation_from_manuscript_summary
benign-1773,permit,permit,deterministic_derivation_from_manuscript_summary
benign-1774,permit,permit,deterministic_derivation_from_manuscript_summary
benign-1775,permit,permit,deterministic_derivation_from_manuscript_summary
benign-1776,permit,permit,deterministic_derivation_from_manuscript_summary
benign-1777,permit,permit,deterministic_derivation_from_manuscript_summary
benign-1778,permit,permit,deterministic_derivation_from_manuscript_summary
benign-1779,permit,deny,deterministic_derivation_from_manuscript_summary
benign-1780,permit,permit,deterministic_derivation_from_manuscript_summary
benign-1781,permit,permit,deterministic_derivation_from_manuscript_summary
benign-1782,permit,permit,deterministic_derivation_from_manuscript_summary
benign-1783,permit,permit,deterministic_derivation_from_manuscript_summary
benign-1784,permit,permit,deterministic_derivation_from_manuscript_summary
benign-1785,permit,permit,deterministic_derivation_from_manuscript_summary
benign-1786,permit,permit,deterministic_derivation_from_manuscript_summary
benign-1787,permit,permit,deterministic_derivation_from_manuscript_summary
benign-1788,permit,permit,deterministic_derivation_from_manuscript_summary
benign-1789,permit,permit,deterministic_derivation_from_manuscript_summary
benign-1790,permit,permit,deterministic_derivation_from_manuscript_summary
benign-1791,permit,permit,deterministic_derivation_from_manuscript_summary
benign-1792,deny,permit,deterministic_derivation_from_manuscript_summary
benign-1793,permit,permit,deterministic_derivation_from_manuscript_summary
benign-1794,permit,permit,deterministic_derivation_from_manuscript_summary
benign-1795,permit,permit,deterministic_derivation_from_manuscript_summary
benign-1796,permit,permit,deterministic_derivation_from_manuscript_summary
benign-1797,permit,permit,deterministic_derivation_from_manuscript_summary
benign-1798,permit,permit,deterministic_derivation_from_manuscript_summary
benign-1799,permit,permit,deterministic_derivation_from_manuscript_summary
benign-1800,permit,permit,deterministic_derivation_from_manuscript_summary
benign-1801,permit,permit,deterministic_derivation_from_manuscript_summary
benign-1802,permit,permit,deterministic_derivation_from_manuscript_summary
benign-1803,permit,permit,deterministic_derivation_from_manuscript_summary
benign-1804,permit,permit,deterministic_derivation_from_manuscript_summary
benign-1805,permit,permit,deterministic_derivation_from_manuscript_summary
benign-1806,permit,permit,deterministic_derivation_from_manuscript_summary
benign-1807,permit,permit,deterministic_derivation_from_manuscript_summary
benign-1808,permit,permit,deterministic_derivation_from_manuscript_summary
benign-1809,permit,permit,deterministic_derivation_from_manuscript_summary
benign-1810,permit,permit,deterministic_derivation_from_manuscript_summary
benign-1811,permit,permit,deterministic_derivation_from_manuscript_summary
benign-1812,permit,permit,deterministic_derivation_from_manuscript_summary
benign-1813,permit,permit,deterministic_derivation_from_manuscript_summary
benign-1814,permit,permit,deterministic_derivation_from_manuscript_summary
benign-1815,permit,permit,deterministic_derivation_from_manuscript_summary
benign-1816,permit,permit,deterministic_derivation_from_manuscript_summary
benign-1817,permit,permit,deterministic_derivation_from_manuscript_summary
benign-1818,permit,permit,deterministic_derivation_from_manuscript_summary
benign-1819,permit,permit,deterministic_derivation_from_manuscript_summary
benign-1820,permit,permit,deterministic_derivation_from_manuscript_summary
benign-1821,permit,permit,deterministic_derivation_from_manuscript_summary
benign-1822,permit,permit,deterministic_derivation_from_manuscript_summary
benign-1823,permit,permit,deterministic_derivation_from_manuscript_summary
benign-1824,permit,permit,deterministic_derivation_from_manuscript_summary
benign-1825,permit,permit,deterministic_derivation_from_manuscript_summary
benign-1826,permit,permit,deterministic_derivation_from_manuscript_summary
benign-1827,permit,permit,deterministic_derivation_from_manuscript_summary
benign-1828,deny,permit,deterministic_derivation_from_manuscript_summary
benign-1829,permit,permit,deterministic_derivation_from_manuscript_summary
benign-1830,permit,permit,deterministic_derivation_from_manuscript_summary
benign-1831,permit,permit,deterministic_derivation_from_manuscript_summary
benign-1832,permit,permit,deterministic_derivation_from_manuscript_summary
benign-1833,permit,permit,deterministic_derivation_from_manuscript_summary
benign-1834,permit,permit,deterministic_derivation_from_manuscript_summary
benign-1835,permit,permit,deterministic_derivation_from_manuscript_summary
benign-1836,permit,permit,deterministic_derivation_from_manuscript_summary
benign-1837,deny,permit,deterministic_derivation_from_manuscript_summary
benign-1838,permit,permit,deterministic_derivation_from_manuscript_summary
benign-1839,permit,permit,deterministic_derivation_from_manuscript_summary
benign-1840,permit,permit,deterministic_derivation_from_manuscript_summary
benign-1841,permit,permit,deterministic_derivation_from_manuscript_summary
benign-1842,permit,permit,deterministic_derivation_from_manuscript_summary
benign-1843,permit,permit,deterministic_derivation_from_manuscript_summary
benign-1844,permit,permit,deterministic_derivation_from_manuscript_summary
benign-1845,permit,permit,deterministic_derivation_from_manuscript_summary
benign-1846,permit,permit,deterministic_derivation_from_manuscript_summary
benign-1847,permit,permit,deterministic_derivation_from_manuscript_summary
benign-1848,permit,permit,deterministic_derivation_from_manuscript_summary
benign-1849,permit,permit,deterministic_derivation_from_manuscript_summary
benign-1850,permit,permit,deterministic_derivation_from_manuscript_summary
benign-1851,permit,permit,deterministic_derivation_from_manuscript_summary
benign-1852,permit,permit,deterministic_derivation_from_manuscript_summary
benign-1853,permit,permit,deterministic_derivation_from_manuscript_summary
benign-1854,permit,permit,deterministic_derivation_from_manuscript_summary
benign-1855,permit,permit,deterministic_derivation_from_manuscript_summary
benign-1856,deny,permit,deterministic_derivation_from_manuscript_summary
benign-1857,permit,permit,deterministic_derivation_from_manuscript_summary
benign-1858,permit,permit,deterministic_derivation_from_manuscript_summary
benign-1859,permit,permit,deterministic_derivation_from_manuscript_summary
benign-1860,permit,permit,deterministic_derivation_from_manuscript_summary
benign-1861,permit,permit,deterministic_derivation_from_manuscript_summary
benign-1862,permit,permit,deterministic_derivation_from_manuscript_summary
benign-1863,permit,permit,deterministic_derivation_from_manuscript_summary
benign-1864,permit,permit,deterministic_derivation_from_manuscript_summary
benign-1865,permit,permit,deterministic_derivation_from_manuscript_summary
benign-1866,deny,permit,deterministic_derivation_from_manuscript_summary
benign-1867,permit,permit,deterministic_derivation_from_manuscript_summary
benign-1868,permit,permit,deterministic_derivation_from_manuscript_summary
benign-1869,permit,permit,deterministic_derivation_from_manuscript_summary
benign-1870,permit,permit,deterministic_derivation_from_manuscript_summary
benign-1871,permit,permit,deterministic_derivation_from_manuscript_summary
benign-1872,permit,permit,deterministic_derivation_from_manuscript_summary
benign-1873,permit,permit,deterministic_derivation_from_manuscript_summary
benign-1874,permit,permit,deterministic_derivation_from_manuscript_summary
benign-1875,permit,permit,deterministic_derivation_from_manuscript_summary
benign-1876,permit,permit,deterministic_derivation_from_manuscript_summary
benign-1877,permit,permit,deterministic_derivation_from_manuscript_summary
benign-1878,permit,permit,deterministic_derivation_from_manuscript_summary
benign-1879,permit,permit,deterministic_derivation_from_manuscript_summary
benign-1880,permit,permit,deterministic_derivation_from_manuscript_summary
benign-1881,permit,permit,deterministic_derivation_from_manuscript_summary
benign-1882,permit,permit,deterministic_derivation_from_manuscript_summary
benign-1883,permit,permit,deterministic_derivation_from_manuscript_summary
benign-1884,permit,permit,deterministic_derivation_from_manuscript_summary
benign-1885,permit,permit,deterministic_derivation_from_manuscript_summary
benign-1886,permit,permit,deterministic_derivation_from_manuscript_summary
benign-1887,permit,permit,deterministic_derivation_from_manuscript_summary
benign-1888,permit,permit,deterministic_derivation_from_manuscript_summary
benign-1889,permit,permit,deterministic_derivation_from_manuscript_summary
benign-1890,permit,permit,deterministic_derivation_from_manuscript_summary
benign-1891,permit,permit,deterministic_derivation_from_manuscript_summary
benign-1892,permit,permit,deterministic_derivation_from_manuscript_summary
benign-1893,permit,permit,deterministic_derivation_from_manuscript_summary
benign-1894,permit,permit,deterministic_derivation_from_manuscript_summary
benign-1895,permit,permit,deterministic_derivation_from_manuscript_summary
benign-1896,permit,permit,deterministic_derivation_from_manuscript_summary
benign-1897,permit,permit,deterministic_derivation_from_manuscript_summary
benign-1898,permit,permit,deterministic_derivation_from_manuscript_summary
benign-1899,permit,permit,deterministic_derivation_from_manuscript_summary
benign-1900,permit,permit,deterministic_derivation_from_manuscript_summary
benign-1901,permit,permit,deterministic_derivation_from_manuscript_summary
benign-1902,permit,permit,deterministic_derivation_from_manuscript_summary
benign-1903,permit,permit,deterministic_derivation_from_manuscript_summary
benign-1904,permit,permit,deterministic_derivation_from_manuscript_summary
benign-1905,permit,permit,deterministic_derivation_from_manuscript_summary
benign-1906,permit,permit,deterministic_derivation_from_manuscript_summary
benign-1907,permit,permit,deterministic_derivation_from_manuscript_summary
benign-1908,permit,permit,deterministic_derivation_from_manuscript_summary
benign-1909,permit,permit,deterministic_derivation_from_manuscript_summary
benign-1910,permit,permit,deterministic_derivation_from_manuscript_summary
benign-1911,permit,permit,deterministic_derivation_from_manuscript_summary
benign-1912,permit,permit,deterministic_derivation_from_manuscript_summary
benign-1913,permit,permit,deterministic_derivation_from_manuscript_summary
benign-1914,permit,permit,deterministic_derivation_from_manuscript_summary
benign-1915,permit,permit,deterministic_derivation_from_manuscript_summary
benign-1916,deny,permit,deterministic_derivation_from_manuscript_summary
benign-1917,permit,permit,deterministic_derivation_from_manuscript_summary
benign-1918,permit,permit,deterministic_derivation_from_manuscript_summary
benign-1919,permit,permit,deterministic_derivation_from_manuscript_summary
benign-1920,permit,permit,deterministic_derivation_from_manuscript_summary
benign-1921,permit,permit,deterministic_derivation_from_manuscript_summary
benign-1922,permit,permit,deterministic_derivation_from_manuscript_summary
benign-1923,permit,deny,deterministic_derivation_from_manuscript_summary
benign-1924,deny,permit,deterministic_derivation_from_manuscript_summary
benign-1925,permit,deny,deterministic_derivation_from_manuscript_summary
benign-1926,permit,permit,deterministic_derivation_from_manuscript_summary
benign-1927,permit,permit,deterministic_derivation_from_manuscript_summary
benign-1928,permit,permit,deterministic_derivation_from_manuscript_summary
benign-1929,permit,permit,deterministic_derivation_from_manuscript_summary
benign-1930,permit,permit,deterministic_derivation_from_manuscript_summary
benign-1931,permit,permit,deterministic_derivation_from_manuscript_summary
benign-1932,permit,permit,deterministic_derivation_from_manuscript_summary
benign-1933,permit,permit,deterministic_derivation_from_manuscript_summary
benign-1934,permit,permit,deterministic_derivation_from_manuscript_summary
benign-1935,permit,permit,deterministic_derivation_from_manuscript_summary
benign-1936,permit,permit,deterministic_derivation_from_manuscript_summary
benign-1937,deny,permit,deterministic_derivation_from_manuscript_summary
benign-1938,permit,permit,deterministic_derivation_from_manuscript_summary
benign-1939,permit,permit,deterministic_derivation_from_manuscript_summary
benign-1940,permit,permit,deterministic_derivation_from_manuscript_summary
benign-1941,permit,permit,deterministic_derivation_from_manuscript_summary
benign-1942,permit,permit,deterministic_derivation_from_manuscript_summary
benign-1943,permit,permit,deterministic_derivation_from_manuscript_summary
benign-1944,permit,permit,deterministic_derivation_from_manuscript_summary
benign-1945,permit,deny,deterministic_derivation_from_manuscript_summary
benign-1946,permit,permit,deterministic_derivation_from_manuscript_summary
benign-1947,permit,permit,deterministic_derivation_from_manuscript_summary
benign-1948,permit,permit,deterministic_derivation_from_manuscript_summary
benign-1949,permit,permit,deterministic_derivation_from_manuscript_summary
benign-1950,permit,permit,deterministic_derivation_from_manuscript_summary
benign-1951,permit,permit,deterministic_derivation_from_manuscript_summary
benign-1952,permit,permit,deterministic_derivation_from_manuscript_summary
benign-1953,permit,deny,deterministic_derivation_from_manuscript_summary
benign-1954,permit,permit,deterministic_derivation_from_manuscript_summary
benign-1955,permit,permit,deterministic_derivation_from_manuscript_summary
benign-1956,permit,permit,deterministic_derivation_from_manuscript_summary
benign-1957,permit,permit,deterministic_derivation_from_manuscript_summary
benign-1958,permit,permit,deterministic_derivation_from_manuscript_summary
benign-1959,permit,permit,deterministic_derivation_from_manuscript_summary
benign-1960,permit,permit,deterministic_derivation_from_manuscript_summary
benign-1961,permit,permit,deterministic_derivation_from_manuscript_summary
benign-1962,permit,permit,deterministic_derivation_from_manuscript_summary
benign-1963,permit,permit,deterministic_derivation_from_manuscript_summary
benign-1964,permit,permit,deterministic_derivation_from_manuscript_summary
benign-1965,permit,permit,deterministic_derivation_from_manuscript_summary
benign-1966,permit,permit,deterministic_derivation_from_manuscript_summary
benign-1967,permit,permit,deterministic_derivation_from_manuscript_summary
benign-1968,permit,permit,deterministic_derivation_from_manuscript_summary
benign-1969,permit,permit,deterministic_derivation_from_manuscript_summary
benign-1970,permit,permit,deterministic_derivation_from_manuscript_summary
benign-1971,permit,permit,deterministic_derivation_from_manuscript_summary
benign-1972,permit,permit,deterministic_derivation_from_manuscript_summary
benign-1973,permit,permit,deterministic_derivation_from_manuscript_summary
benign-1974,permit,permit,deterministic_derivation_from_manuscript_summary
benign-1975,permit,permit,deterministic_derivation_from_manuscript_summary
benign-1976,permit,permit,deterministic_derivation_from_manuscript_summary
benign-1977,permit,permit,deterministic_derivation_from_manuscript_summary
benign-1978,permit,permit,deterministic_derivation_from_manuscript_summary
benign-1979,permit,permit,deterministic_derivation_from_manuscript_summary
benign-1980,permit,permit,deterministic_derivation_from_manuscript_summary
benign-1981,permit,permit,deterministic_derivation_from_manuscript_summary
benign-1982,permit,permit,deterministic_derivation_from_manuscript_summary
benign-1983,permit,permit,deterministic_derivation_from_manuscript_summary
benign-1984,deny,permit,deterministic_derivation_from_manuscript_summary
benign-1985,permit,permit,deterministic_derivation_from_manuscript_summary
benign-1986,permit,permit,deterministic_derivation_from_manuscript_summary
benign-1987,permit,permit,deterministic_derivation_from_manuscript_summary
benign-1988,permit,permit,deterministic_derivation_from_manuscript_summary
benign-1989,permit,permit,deterministic_derivation_from_manuscript_summary
benign-1990,permit,deny,deterministic_derivation_from_manuscript_summary
benign-1991,permit,permit,deterministic_derivation_from_manuscript_summary
benign-1992,permit,permit,deterministic_derivation_from_manuscript_summary
benign-1993,permit,permit,deterministic_derivation_from_manuscript_summary
benign-1994,permit,permit,deterministic_derivation_from_manuscript_summary
benign-1995,permit,permit,deterministic_derivation_from_manuscript_summary
benign-1996,permit,permit,deterministic_derivation_from_manuscript_summary
benign-1997,permit,permit,deterministic_derivation_from_manuscript_summary
benign-1998,permit,permit,deterministic_derivation_from_manuscript_summary
benign-1999,permit,permit,deterministic_derivation_from_manuscript_summary
benign-2000,permit,permit,deterministic_derivation_from_manuscript_summary
benign-2001,permit,permit,deterministic_derivation_from_manuscript_summary
benign-2002,permit,permit,deterministic_derivation_from_manuscript_summary
benign-2003,permit,permit,deterministic_derivation_from_manuscript_summary
benign-2004,permit,permit,deterministic_derivation_from_manuscript_summary
benign-2005,permit,permit,deterministic_derivation_from_manuscript_summary
benign-2006,permit,permit,deterministic_derivation_from_manuscript_summary
benign-2007,deny,permit,deterministic_derivation_from_manuscript_summary
benign-2008,permit,permit,deterministic_derivation_from_manuscript_summary
benign-2009,permit,permit,deterministic_derivation_from_manuscript_summary
benign-2010,permit,permit,deterministic_derivation_from_manuscript_summary
benign-2011,permit,permit,deterministic_derivation_from_manuscript_summary
benign-2012,permit,permit,deterministic_derivation_from_manuscript_summary
benign-2013,permit,permit,deterministic_derivation_from_manuscript_summary
benign-2014,permit,deny,deterministic_derivation_from_manuscript_summary
benign-2015,permit,permit,deterministic_derivation_from_manuscript_summary
benign-2016,permit,permit,deterministic_derivation_from_manuscript_summary
benign-2017,permit,permit,deterministic_derivation_from_manuscript_summary
benign-2018,permit,permit,deterministic_derivation_from_manuscript_summary
benign-2019,permit,permit,deterministic_derivation_from_manuscript_summary
benign-2020,permit,permit,deterministic_derivation_from_manuscript_summary
benign-2021,deny,permit,deterministic_derivation_from_manuscript_summary
benign-2022,permit,permit,deterministic_derivation_from_manuscript_summary
benign-2023,permit,permit,deterministic_derivation_from_manuscript_summary
benign-2024,permit,permit,deterministic_derivation_from_manuscript_summary
benign-2025,permit,permit,deterministic_derivation_from_manuscript_summary
benign-2026,permit,permit,deterministic_derivation_from_manuscript_summary
benign-2027,permit,permit,deterministic_derivation_from_manuscript_summary
benign-2028,permit,permit,deterministic_derivation_from_manuscript_summary
benign-2029,permit,permit,deterministic_derivation_from_manuscript_summary
benign-2030,permit,permit,deterministic_derivation_from_manuscript_summary
benign-2031,permit,permit,deterministic_derivation_from_manuscript_summary
benign-2032,permit,permit,deterministic_derivation_from_manuscript_summary
benign-2033,permit,permit,deterministic_derivation_from_manuscript_summary
benign-2034,permit,permit,deterministic_derivation_from_manuscript_summary
benign-2035,permit,permit,deterministic_derivation_from_manuscript_summary
benign-2036,permit,permit,deterministic_derivation_from_manuscript_summary
benign-2037,permit,permit,deterministic_derivation_from_manuscript_summary
benign-2038,deny,permit,deterministic_derivation_from_manuscript_summary
benign-2039,permit,permit,deterministic_derivation_from_manuscript_summary
benign-2040,permit,permit,deterministic_derivation_from_manuscript_summary
benign-2041,permit,permit,deterministic_derivation_from_manuscript_summary
benign-2042,deny,permit,deterministic_derivation_from_manuscript_summary
benign-2043,permit,permit,deterministic_derivation_from_manuscript_summary
benign-2044,permit,permit,deterministic_derivation_from_manuscript_summary
benign-2045,permit,permit,deterministic_derivation_from_manuscript_summary
benign-2046,permit,permit,deterministic_derivation_from_manuscript_summary
benign-2047,permit,permit,deterministic_derivation_from_manuscript_summary
benign-2048,permit,permit,deterministic_derivation_from_manuscript_summary
benign-2049,permit,permit,deterministic_derivation_from_manuscript_summary
benign-2050,permit,permit,deterministic_derivation_from_manuscript_summary
benign-2051,permit,permit,deterministic_derivation_from_manuscript_summary
benign-2052,deny,permit,deterministic_derivation_from_manuscript_summary
benign-2053,permit,permit,deterministic_derivation_from_manuscript_summary
benign-2054,permit,permit,deterministic_derivation_from_manuscript_summary
benign-2055,permit,permit,deterministic_derivation_from_manuscript_summary
benign-2056,permit,permit,deterministic_derivation_from_manuscript_summary
benign-2057,permit,permit,deterministic_derivation_from_manuscript_summary
benign-2058,permit,permit,deterministic_derivation_from_manuscript_summary
benign-2059,permit,permit,deterministic_derivation_from_manuscript_summary
benign-2060,permit,permit,deterministic_derivation_from_manuscript_summary
benign-2061,deny,permit,deterministic_derivation_from_manuscript_summary
benign-2062,permit,permit,deterministic_derivation_from_manuscript_summary
benign-2063,permit,permit,deterministic_derivation_from_manuscript_summary
benign-2064,permit,permit,deterministic_derivation_from_manuscript_summary
benign-2065,deny,permit,deterministic_derivation_from_manuscript_summary
benign-2066,permit,permit,deterministic_derivation_from_manuscript_summary
benign-2067,permit,permit,deterministic_derivation_from_manuscript_summary
benign-2068,permit,permit,deterministic_derivation_from_manuscript_summary
benign-2069,permit,permit,deterministic_derivation_from_manuscript_summary
benign-2070,permit,permit,deterministic_derivation_from_manuscript_summary
benign-2071,permit,permit,deterministic_derivation_from_manuscript_summary
benign-2072,permit,permit,deterministic_derivation_from_manuscript_summary
benign-2073,permit,permit,deterministic_derivation_from_manuscript_summary
benign-2074,permit,permit,deterministic_derivation_from_manuscript_summary
benign-2075,permit,permit,deterministic_derivation_from_manuscript_summary
benign-2076,permit,permit,deterministic_derivation_from_manuscript_summary
benign-2077,permit,permit,deterministic_derivation_from_manuscript_summary
benign-2078,deny,permit,deterministic_derivation_from_manuscript_summary
benign-2079,permit,permit,deterministic_derivation_from_manuscript_summary
benign-2080,permit,permit,deterministic_derivation_from_manuscript_summary
benign-2081,permit,permit,deterministic_derivation_from_manuscript_summary
benign-2082,permit,permit,deterministic_derivation_from_manuscript_summary
benign-2083,permit,permit,deterministic_derivation_from_manuscript_summary
benign-2084,permit,permit,deterministic_derivation_from_manuscript_summary
benign-2085,permit,permit,deterministic_derivation_from_manuscript_summary
benign-2086,permit,permit,deterministic_derivation_from_manuscript_summary
benign-2087,permit,permit,deterministic_derivation_from_manuscript_summary
benign-2088,permit,permit,deterministic_derivation_from_manuscript_summary
benign-2089,permit,permit,deterministic_derivation_from_manuscript_summary
benign-2090,permit,permit,deterministic_derivation_from_manuscript_summary
benign-2091,permit,permit,deterministic_derivation_from_manuscript_summary
benign-2092,permit,permit,deterministic_derivation_from_manuscript_summary
benign-2093,permit,permit,deterministic_derivation_from_manuscript_summary
benign-2094,permit,permit,deterministic_derivation_from_manuscript_summary
benign-2095,permit,permit,deterministic_derivation_from_manuscript_summary
benign-2096,permit,permit,deterministic_derivation_from_manuscript_summary
benign-2097,permit,permit,deterministic_derivation_from_manuscript_summary
benign-2098,permit,permit,deterministic_derivation_from_manuscript_summary
benign-2099,permit,permit,deterministic_derivation_from_manuscript_summary
benign-2100,permit,permit,deterministic_derivation_from_manuscript_summary
benign-2101,permit,permit,deterministic_derivation_from_manuscript_summary
benign-2102,permit,permit,deterministic_derivation_from_manuscript_summary
benign-2103,permit,permit,deterministic_derivation_from_manuscript_summary
benign-2104,permit,permit,deterministic_derivation_from_manuscript_summary
benign-2105,permit,permit,deterministic_derivation_from_manuscript_summary
benign-2106,permit,permit,deterministic_derivation_from_manuscript_summary
benign-2107,permit,permit,deterministic_derivation_from_manuscript_summary
benign-2108,permit,permit,deterministic_derivation_from_manuscript_summary
benign-2109,permit,permit,deterministic_derivation_from_manuscript_summary
benign-2110,permit,permit,deterministic_derivation_from_manuscript_summary
benign-2111,permit,permit,deterministic_derivation_from_manuscript_summary
benign-2112,deny,permit,deterministic_derivation_from_manuscript_summary
benign-2113,permit,permit,deterministic_derivation_from_manuscript_summary
benign-2114,permit,permit,deterministic_derivation_from_manuscript_summary
benign-2115,permit,permit,deterministic_derivation_from_manuscript_summary
benign-2116,permit,permit,deterministic_derivation_from_manuscript_summary
benign-2117,permit,permit,deterministic_derivation_from_manuscript_summary
benign-2118,permit,permit,deterministic_derivation_from_manuscript_summary
benign-2119,permit,permit,deterministic_derivation_from_manuscript_summary
benign-2120,permit,permit,deterministic_derivation_from_manuscript_summary
benign-2121,permit,permit,deterministic_derivation_from_manuscript_summary
benign-2122,permit,permit,deterministic_derivation_from_manuscript_summary
benign-2123,permit,permit,deterministic_derivation_from_manuscript_summary
benign-2124,permit,permit,deterministic_derivation_from_manuscript_summary
benign-2125,permit,permit,deterministic_derivation_from_manuscript_summary
benign-2126,deny,permit,deterministic_derivation_from_manuscript_summary
benign-2127,permit,permit,deterministic_derivation_from_manuscript_summary
benign-2128,permit,permit,deterministic_derivation_from_manuscript_summary
benign-2129,permit,permit,deterministic_derivation_from_manuscript_summary
benign-2130,permit,permit,deterministic_derivation_from_manuscript_summary
benign-2131,permit,permit,deterministic_derivation_from_manuscript_summary
benign-2132,permit,permit,deterministic_derivation_from_manuscript_summary
benign-2133,permit,permit,deterministic_derivation_from_manuscript_summary
benign-2134,permit,permit,deterministic_derivation_from_manuscript_summary
benign-2135,permit,permit,deterministic_derivation_from_manuscript_summary
benign-2136,permit,permit,deterministic_derivation_from_manuscript_summary
benign-2137,permit,permit,deterministic_derivation_from_manuscript_summary
benign-2138,permit,permit,deterministic_derivation_from_manuscript_summary
benign-2139,permit,permit,deterministic_derivation_from_manuscript_summary
benign-2140,permit,permit,deterministic_derivation_from_manuscript_summary
benign-2141,permit,permit,deterministic_derivation_from_manuscript_summary
benign-2142,permit,permit,deterministic_derivation_from_manuscript_summary
benign-2143,permit,permit,deterministic_derivation_from_manuscript_summary
benign-2144,permit,permit,deterministic_derivation_from_manuscript_summary
benign-2145,permit,permit,deterministic_derivation_from_manuscript_summary
benign-2146,permit,permit,deterministic_derivation_from_manuscript_summary
benign-2147,permit,permit,deterministic_derivation_from_manuscript_summary
benign-2148,permit,permit,deterministic_derivation_from_manuscript_summary
benign-2149,deny,permit,deterministic_derivation_from_manuscript_summary
benign-2150,permit,permit,deterministic_derivation_from_manuscript_summary
benign-2151,permit,permit,deterministic_derivation_from_manuscript_summary
benign-2152,deny,permit,deterministic_derivation_from_manuscript_summary
benign-2153,permit,permit,deterministic_derivation_from_manuscript_summary
benign-2154,permit,permit,deterministic_derivation_from_manuscript_summary
benign-2155,permit,permit,deterministic_derivation_from_manuscript_summary
benign-2156,permit,permit,deterministic_derivation_from_manuscript_summary
benign-2157,permit,permit,deterministic_derivation_from_manuscript_summary
benign-2158,permit,permit,deterministic_derivation_from_manuscript_summary
benign-2159,permit,permit,deterministic_derivation_from_manuscript_summary
benign-2160,permit,permit,deterministic_derivation_from_manuscript_summary
benign-2161,permit,permit,deterministic_derivation_from_manuscript_summary
benign-2162,permit,permit,deterministic_derivation_from_manuscript_summary
benign-2163,permit,permit,deterministic_derivation_from_manuscript_summary
benign-2164,permit,permit,deterministic_derivation_from_manuscript_summary
benign-2165,permit,permit,deterministic_derivation_from_manuscript_summary
benign-2166,permit,permit,deterministic_derivation_from_manuscript_summary
benign-2167,permit,permit,deterministic_derivation_from_manuscript_summary
benign-2168,permit,permit,deterministic_derivation_from_manuscript_summary
benign-2169,permit,permit,deterministic_derivation_from_manuscript_summary
benign-2170,permit,permit,deterministic_derivation_from_manuscript_summary
benign-2171,permit,permit,deterministic_derivation_from_manuscript_summary
benign-2172,permit,permit,deterministic_derivation_from_manuscript_summary
benign-2173,permit,permit,deterministic_derivation_from_manuscript_summary
benign-2174,permit,permit,deterministic_derivation_from_manuscript_summary
benign-2175,permit,permit,deterministic_derivation_from_manuscript_summary
benign-2176,permit,permit,deterministic_derivation_from_manuscript_summary
benign-2177,permit,permit,deterministic_derivation_from_manuscript_summary
benign-2178,permit,permit,deterministic_derivation_from_manuscript_summary
benign-2179,permit,permit,deterministic_derivation_from_manuscript_summary
benign-2180,permit,permit,deterministic_derivation_from_manuscript_summary
benign-2181,deny,permit,deterministic_derivation_from_manuscript_summary
benign-2182,permit,permit,deterministic_derivation_from_manuscript_summary
benign-2183,permit,permit,deterministic_derivation_from_manuscript_summary
benign-2184,permit,permit,deterministic_derivation_from_manuscript_summary
benign-2185,permit,permit,deterministic_derivation_from_manuscript_summary
benign-2186,permit,permit,deterministic_derivation_from_manuscript_summary
benign-2187,deny,permit,deterministic_derivation_from_manuscript_summary
benign-2188,permit,permit,deterministic_derivation_from_manuscript_summary
benign-2189,permit,permit,deterministic_derivation_from_manuscript_summary
benign-2190,permit,permit,deterministic_derivation_from_manuscript_summary
benign-2191,permit,permit,deterministic_derivation_from_manuscript_summary
benign-2192,permit,permit,deterministic_derivation_from_manuscript_summary
benign-2193,permit,permit,deterministic_derivation_from_manuscript_summary
benign-2194,permit,permit,deterministic_derivation_from_manuscript_summary
benign-2195,permit,permit,deterministic_derivation_from_manuscript_summary
benign-2196,deny,permit,deterministic_derivation_from_manuscript_summary
benign-2197,permit,permit,deterministic_derivation_from_manuscript_summary
benign-2198,permit,permit,deterministic_derivation_from_manuscript_summary
benign-2199,permit,permit,deterministic_derivation_from_manuscript_summary
benign-2200,permit,permit,deterministic_derivation_from_manuscript_summary
benign-2201,permit,permit,deterministic_derivation_from_manuscript_summary
benign-2202,permit,permit,deterministic_derivation_from_manuscript_summary
benign-2203,permit,permit,deterministic_derivation_from_manuscript_summary
benign-2204,permit,permit,deterministic_derivation_from_manuscript_summary
benign-2205,permit,permit,deterministic_derivation_from_manuscript_summary
benign-2206,permit,permit,deterministic_derivation_from_manuscript_summary
benign-2207,permit,permit,deterministic_derivation_from_manuscript_summary
benign-2208,permit,permit,deterministic_derivation_from_manuscript_summary
benign-2209,permit,permit,deterministic_derivation_from_manuscript_summary
benign-2210,permit,permit,deterministic_derivation_from_manuscript_summary
benign-2211,permit,permit,deterministic_derivation_from_manuscript_summary
benign-2212,deny,permit,deterministic_derivation_from_manuscript_summary
benign-2213,permit,permit,deterministic_derivation_from_manuscript_summary
benign-2214,permit,permit,deterministic_derivation_from_manuscript_summary
benign-2215,deny,deny,deterministic_derivation_from_manuscript_summary
benign-2216,permit,permit,deterministic_derivation_from_manuscript_summary
benign-2217,permit,permit,deterministic_derivation_from_manuscript_summary
benign-2218,permit,permit,deterministic_derivation_from_manuscript_summary
benign-2219,deny,permit,deterministic_derivation_from_manuscript_summary
benign-2220,permit,permit,deterministic_derivation_from_manuscript_summary
benign-2221,permit,permit,deterministic_derivation_from_manuscript_summary
benign-2222,permit,deny,deterministic_derivation_from_manuscript_summary
benign-2223,permit,permit,deterministic_derivation_from_manuscript_summary
benign-2224,permit,permit,deterministic_derivation_from_manuscript_summary
benign-2225,permit,permit,deterministic_derivation_from_manuscript_summary
benign-2226,permit,permit,deterministic_derivation_from_manuscript_summary
benign-2227,permit,permit,deterministic_derivation_from_manuscript_summary
benign-2228,permit,permit,deterministic_derivation_from_manuscript_summary
benign-2229,permit,permit,deterministic_derivation_from_manuscript_summary
benign-2230,permit,permit,deterministic_derivation_from_manuscript_summary
benign-2231,permit,permit,deterministic_derivation_from_manuscript_summary
benign-2232,deny,permit,deterministic_derivation_from_manuscript_summary
benign-2233,permit,permit,deterministic_derivation_from_manuscript_summary
benign-2234,permit,permit,deterministic_derivation_from_manuscript_summary
benign-2235,permit,permit,deterministic_derivation_from_manuscript_summary
benign-2236,permit,permit,deterministic_derivation_from_manuscript_summary
benign-2237,permit,permit,deterministic_derivation_from_manuscript_summary
benign-2238,permit,permit,deterministic_derivation_from_manuscript_summary
benign-2239,permit,permit,deterministic_derivation_from_manuscript_summary
benign-2240,permit,permit,deterministic_derivation_from_manuscript_summary
benign-2241,permit,permit,deterministic_derivation_from_manuscript_summary
benign-2242,permit,permit,deterministic_derivation_from_manuscript_summary
benign-2243,permit,permit,deterministic_derivation_from_manuscript_summary
benign-2244,permit,deny,deterministic_derivation_from_manuscript_summary
benign-2245,permit,permit,deterministic_derivation_from_manuscript_summary
benign-2246,permit,permit,deterministic_derivation_from_manuscript_summary
benign-2247,permit,permit,deterministic_derivation_from_manuscript_summary
benign-2248,permit,permit,deterministic_derivation_from_manuscript_summary
benign-2249,permit,permit,deterministic_derivation_from_manuscript_summary
benign-2250,permit,permit,deterministic_derivation_from_manuscript_summary
benign-2251,permit,permit,deterministic_derivation_from_manuscript_summary
benign-2252,permit,permit,deterministic_derivation_from_manuscript_summary
benign-2253,permit,permit,deterministic_derivation_from_manuscript_summary
benign-2254,permit,permit,deterministic_derivation_from_manuscript_summary
benign-2255,permit,permit,deterministic_derivation_from_manuscript_summary
benign-2256,deny,permit,deterministic_derivation_from_manuscript_summary
benign-2257,permit,permit,deterministic_derivation_from_manuscript_summary
benign-2258,permit,permit,deterministic_derivation_from_manuscript_summary
benign-2259,permit,permit,deterministic_derivation_from_manuscript_summary
benign-2260,permit,permit,deterministic_derivation_from_manuscript_summary
benign-2261,permit,permit,deterministic_derivation_from_manuscript_summary
benign-2262,permit,permit,deterministic_derivation_from_manuscript_summary
benign-2263,permit,permit,deterministic_derivation_from_manuscript_summary
benign-2264,permit,permit,deterministic_derivation_from_manuscript_summary
benign-2265,permit,permit,deterministic_derivation_from_manuscript_summary
benign-2266,permit,permit,deterministic_derivation_from_manuscript_summary
benign-2267,permit,permit,deterministic_derivation_from_manuscript_summary
benign-2268,permit,permit,deterministic_derivation_from_manuscript_summary
benign-2269,permit,permit,deterministic_derivation_from_manuscript_summary
benign-2270,permit,permit,deterministic_derivation_from_manuscript_summary
benign-2271,permit,permit,deterministic_derivation_from_manuscript_summary
benign-2272,permit,permit,deterministic_derivation_from_manuscript_summary
benign-2273,permit,permit,deterministic_derivation_from_manuscript_summary
benign-2274,permit,permit,deterministic_derivation_from_manuscript_summary
benign-2275,permit,permit,deterministic_derivation_from_manuscript_summary
benign-2276,permit,permit,deterministic_derivation_from_manuscript_summary
benign-2277,permit,permit,deterministic_derivation_from_manuscript_summary
benign-2278,permit,permit,deterministic_derivation_from_manuscript_summary
benign-2279,permit,permit,deterministic_derivation_from_manuscript_summary
benign-2280,permit,permit,deterministic_derivation_from_manuscript_summary
benign-2281,deny,permit,deterministic_derivation_from_manuscript_summary
benign-2282,deny,permit,deterministic_derivation_from_manuscript_summary
benign-2283,permit,permit,deterministic_derivation_from_manuscript_summary
benign-2284,permit,permit,deterministic_derivation_from_manuscript_summary
benign-2285,permit,permit,deterministic_derivation_from_manuscript_summary
benign-2286,permit,permit,deterministic_derivation_from_manuscript_summary
benign-2287,permit,permit,deterministic_derivation_from_manuscript_summary
benign-2288,permit,permit,deterministic_derivation_from_manuscript_summary
benign-2289,permit,permit,deterministic_derivation_from_manuscript_summary
benign-2290,permit,permit,deterministic_derivation_from_manuscript_summary
benign-2291,permit,permit,deterministic_derivation_from_manuscript_summary
benign-2292,permit,permit,deterministic_derivation_from_manuscript_summary
benign-2293,permit,permit,deterministic_derivation_from_manuscript_summary
benign-2294,permit,permit,deterministic_derivation_from_manuscript_summary
benign-2295,permit,permit,deterministic_derivation_from_manuscript_summary
benign-2296,permit,permit,deterministic_derivation_from_manuscript_summary
benign-2297,deny,permit,deterministic_derivation_from_manuscript_summary
benign-2298,permit,permit,deterministic_derivation_from_manuscript_summary
benign-2299,permit,permit,deterministic_derivation_from_manuscript_summary
benign-2300,permit,permit,deterministic_derivation_from_manuscript_summary
benign-2301,permit,permit,deterministic_derivation_from_manuscript_summary
benign-2302,permit,permit,deterministic_derivation_from_manuscript_summary
benign-2303,permit,permit,deterministic_derivation_from_manuscript_summary
benign-2304,permit,permit,deterministic_derivation_from_manuscript_summary
benign-2305,permit,permit,deterministic_derivation_from_manuscript_summary
benign-2306,permit,permit,deterministic_derivation_from_manuscript_summary
benign-2307,permit,permit,deterministic_derivation_from_manuscript_summary
benign-2308,permit,permit,deterministic_derivation_from_manuscript_summary
benign-2309,permit,permit,deterministic_derivation_from_manuscript_summary
benign-2310,permit,permit,deterministic_derivation_from_manuscript_summary
benign-2311,deny,permit,deterministic_derivation_from_manuscript_summary
benign-2312,permit,permit,deterministic_derivation_from_manuscript_summary
benign-2313,permit,permit,deterministic_derivation_from_manuscript_summary
benign-2314,permit,permit,deterministic_derivation_from_manuscript_summary
benign-2315,deny,permit,deterministic_derivation_from_manuscript_summary
benign-2316,permit,permit,deterministic_derivation_from_manuscript_summary
benign-2317,permit,permit,deterministic_derivation_from_manuscript_summary
benign-2318,permit,permit,deterministic_derivation_from_manuscript_summary
benign-2319,permit,permit,deterministic_derivation_from_manuscript_summary
benign-2320,permit,permit,deterministic_derivation_from_manuscript_summary
benign-2321,permit,permit,deterministic_derivation_from_manuscript_summary
benign-2322,permit,permit,deterministic_derivation_from_manuscript_summary
benign-2323,permit,permit,deterministic_derivation_from_manuscript_summary
benign-2324,permit,permit,deterministic_derivation_from_manuscript_summary
benign-2325,permit,permit,deterministic_derivation_from_manuscript_summary
benign-2326,permit,permit,deterministic_derivation_from_manuscript_summary
benign-2327,permit,permit,deterministic_derivation_from_manuscript_summary
benign-2328,permit,permit,deterministic_derivation_from_manuscript_summary
benign-2329,permit,permit,deterministic_derivation_from_manuscript_summary
benign-2330,permit,permit,deterministic_derivation_from_manuscript_summary
benign-2331,permit,permit,deterministic_derivation_from_manuscript_summary
benign-2332,permit,permit,deterministic_derivation_from_manuscript_summary
benign-2333,permit,permit,deterministic_derivation_from_manuscript_summary
benign-2334,permit,permit,deterministic_derivation_from_manuscript_summary
benign-2335,permit,permit,deterministic_derivation_from_manuscript_summary
benign-2336,permit,permit,deterministic_derivation_from_manuscript_summary
benign-2337,permit,permit,deterministic_derivation_from_manuscript_summary
benign-2338,permit,permit,deterministic_derivation_from_manuscript_summary
benign-2339,permit,permit,deterministic_derivation_from_manuscript_summary
benign-2340,permit,permit,deterministic_derivation_from_manuscript_summary
benign-2341,permit,permit,deterministic_derivation_from_manuscript_summary
benign-2342,permit,permit,deterministic_derivation_from_manuscript_summary
benign-2343,permit,permit,deterministic_derivation_from_manuscript_summary
benign-2344,permit,permit,deterministic_derivation_from_manuscript_summary
benign-2345,permit,permit,deterministic_derivation_from_manuscript_summary
benign-2346,permit,permit,deterministic_derivation_from_manuscript_summary
benign-2347,permit,permit,deterministic_derivation_from_manuscript_summary
benign-2348,permit,permit,deterministic_derivation_from_manuscript_summary
benign-2349,permit,permit,deterministic_derivation_from_manuscript_summary
benign-2350,permit,permit,deterministic_derivation_from_manuscript_summary
benign-2351,permit,permit,deterministic_derivation_from_manuscript_summary
benign-2352,permit,permit,deterministic_derivation_from_manuscript_summary
benign-2353,permit,permit,deterministic_derivation_from_manuscript_summary
benign-2354,permit,permit,deterministic_derivation_from_manuscript_summary
benign-2355,permit,permit,deterministic_derivation_from_manuscript_summary
benign-2356,permit,permit,deterministic_derivation_from_manuscript_summary
benign-2357,permit,permit,deterministic_derivation_from_manuscript_summary
benign-2358,permit,permit,deterministic_derivation_from_manuscript_summary
benign-2359,permit,permit,deterministic_derivation_from_manuscript_summary
benign-2360,permit,permit,deterministic_derivation_from_manuscript_summary
benign-2361,permit,permit,deterministic_derivation_from_manuscript_summary
benign-2362,permit,permit,deterministic_derivation_from_manuscript_summary
benign-2363,permit,permit,deterministic_derivation_from_manuscript_summary
benign-2364,deny,permit,deterministic_derivation_from_manuscript_summary
benign-2365,permit,permit,deterministic_derivation_from_manuscript_summary
benign-2366,deny,permit,deterministic_derivation_from_manuscript_summary
benign-2367,permit,permit,deterministic_derivation_from_manuscript_summary
benign-2368,permit,permit,deterministic_derivation_from_manuscript_summary
benign-2369,permit,permit,deterministic_derivation_from_manuscript_summary
benign-2370,permit,permit,deterministic_derivation_from_manuscript_summary
benign-2371,deny,permit,deterministic_derivation_from_manuscript_summary
benign-2372,permit,permit,deterministic_derivation_from_manuscript_summary
benign-2373,permit,permit,deterministic_derivation_from_manuscript_summary
benign-2374,permit,permit,deterministic_derivation_from_manuscript_summary
benign-2375,permit,permit,deterministic_derivation_from_manuscript_summary
benign-2376,permit,permit,deterministic_derivation_from_manuscript_summary
benign-2377,permit,permit,deterministic_derivation_from_manuscript_summary
benign-2378,permit,permit,deterministic_derivation_from_manuscript_summary
benign-2379,permit,permit,deterministic_derivation_from_manuscript_summary
benign-2380,permit,permit,deterministic_derivation_from_manuscript_summary
benign-2381,permit,permit,deterministic_derivation_from_manuscript_summary
benign-2382,permit,permit,deterministic_derivation_from_manuscript_summary
benign-2383,permit,permit,deterministic_derivation_from_manuscript_summary
benign-2384,permit,permit,deterministic_derivation_from_manuscript_summary
benign-2385,permit,permit,deterministic_derivation_from_manuscript_summary
benign-2386,permit,permit,deterministic_derivation_from_manuscript_summary
benign-2387,permit,permit,deterministic_derivation_from_manuscript_summary
benign-2388,permit,permit,deterministic_derivation_from_manuscript_summary
benign-2389,permit,permit,deterministic_derivation_from_manuscript_summary
benign-2390,permit,permit,deterministic_derivation_from_manuscript_summary
benign-2391,permit,permit,deterministic_derivation_from_manuscript_summary
benign-2392,permit,permit,deterministic_derivation_from_manuscript_summary
benign-2393,permit,permit,deterministic_derivation_from_manuscript_summary
benign-2394,permit,permit,deterministic_derivation_from_manuscript_summary
benign-2395,permit,permit,deterministic_derivation_from_manuscript_summary
benign-2396,permit,permit,deterministic_derivation_from_manuscript_summary
benign-2397,permit,permit,deterministic_derivation_from_manuscript_summary
benign-2398,permit,permit,deterministic_derivation_from_manuscript_summary
benign-2399,permit,permit,deterministic_derivation_from_manuscript_summary
benign-2400,permit,permit,deterministic_derivation_from_manuscript_summary
benign-2401,permit,permit,deterministic_derivation_from_manuscript_summary
benign-2402,permit,permit,deterministic_derivation_from_manuscript_summary
benign-2403,permit,permit,deterministic_derivation_from_manuscript_summary
benign-2404,permit,permit,deterministic_derivation_from_manuscript_summary
benign-2405,permit,permit,deterministic_derivation_from_manuscript_summary
benign-2406,permit,permit,deterministic_derivation_from_manuscript_summary
benign-2407,permit,permit,deterministic_derivation_from_manuscript_summary
benign-2408,permit,permit,deterministic_derivation_from_manuscript_summary
benign-2409,permit,permit,deterministic_derivation_from_manuscript_summary
benign-2410,deny,permit,deterministic_derivation_from_manuscript_summary
benign-2411,deny,permit,deterministic_derivation_from_manuscript_summary
benign-2412,permit,permit,deterministic_derivation_from_manuscript_summary
benign-2413,permit,permit,deterministic_derivation_from_manuscript_summary
benign-2414,permit,permit,deterministic_derivation_from_manuscript_summary
benign-2415,permit,permit,deterministic_derivation_from_manuscript_summary
benign-2416,permit,permit,deterministic_derivation_from_manuscript_summary
benign-2417,permit,permit,deterministic_derivation_from_manuscript_summary
benign-2418,permit,permit,deterministic_derivation_from_manuscript_summary
benign-2419,permit,permit,deterministic_derivation_from_manuscript_summary
benign-2420,permit,permit,deterministic_derivation_from_manuscript_summary
benign-2421,permit,permit,deterministic_derivation_from_manuscript_summary
benign-2422,deny,permit,deterministic_derivation_from_manuscript_summary
benign-2423,permit,permit,deterministic_derivation_from_manuscript_summary
benign-2424,permit,permit,deterministic_derivation_from_manuscript_summary
benign-2425,permit,permit,deterministic_derivation_from_manuscript_summary
benign-2426,permit,permit,deterministic_derivation_from_manuscript_summary
benign-2427,permit,permit,deterministic_derivation_from_manuscript_summary
benign-2428,permit,permit,deterministic_derivation_from_manuscript_summary
benign-2429,permit,permit,deterministic_derivation_from_manuscript_summary
benign-2430,permit,permit,deterministic_derivation_from_manuscript_summary
benign-2431,permit,permit,deterministic_derivation_from_manuscript_summary
benign-2432,permit,permit,deterministic_derivation_from_manuscript_summary
benign-2433,permit,permit,deterministic_derivation_from_manuscript_summary
benign-2434,permit,permit,deterministic_derivation_from_manuscript_summary
benign-2435,permit,permit,deterministic_derivation_from_manuscript_summary
benign-2436,permit,permit,deterministic_derivation_from_manuscript_summary
benign-2437,permit,permit,deterministic_derivation_from_manuscript_summary
benign-2438,permit,permit,deterministic_derivation_from_manuscript_summary
benign-2439,permit,permit,deterministic_derivation_from_manuscript_summary
benign-2440,deny,permit,deterministic_derivation_from_manuscript_summary
benign-2441,permit,permit,deterministic_derivation_from_manuscript_summary
benign-2442,permit,permit,deterministic_derivation_from_manuscript_summary
benign-2443,permit,permit,deterministic_derivation_from_manuscript_summary
benign-2444,deny,permit,deterministic_derivation_from_manuscript_summary
benign-2445,permit,permit,deterministic_derivation_from_manuscript_summary
benign-2446,deny,permit,deterministic_derivation_from_manuscript_summary
benign-2447,permit,permit,deterministic_derivation_from_manuscript_summary
benign-2448,permit,permit,deterministic_derivation_from_manuscript_summary
benign-2449,permit,permit,deterministic_derivation_from_manuscript_summary
benign-2450,deny,permit,deterministic_derivation_from_manuscript_summary
benign-2451,permit,permit,deterministic_derivation_from_manuscript_summary
benign-2452,deny,permit,deterministic_derivation_from_manuscript_summary
benign-2453,permit,permit,deterministic_derivation_from_manuscript_summary
benign-2454,permit,permit,deterministic_derivation_from_manuscript_summary
benign-2455,permit,permit,deterministic_derivation_from_manuscript_summary
benign-2456,permit,permit,deterministic_derivation_from_manuscript_summary
benign-2457,permit,permit,deterministic_derivation_from_manuscript_summary
benign-2458,permit,permit,deterministic_derivation_from_manuscript_summary
benign-2459,deny,deny,deterministic_derivation_from_manuscript_summary
benign-2460,permit,permit,deterministic_derivation_from_manuscript_summary
benign-2461,permit,permit,deterministic_derivation_from_manuscript_summary
benign-2462,permit,deny,deterministic_derivation_from_manuscript_summary
benign-2463,permit,deny,deterministic_derivation_from_manuscript_summary
benign-2464,permit,permit,deterministic_derivation_from_manuscript_summary
benign-2465,permit,permit,deterministic_derivation_from_manuscript_summary
benign-2466,permit,permit,deterministic_derivation_from_manuscript_summary
benign-2467,permit,deny,deterministic_derivation_from_manuscript_summary
benign-2468,permit,permit,deterministic_derivation_from_manuscript_summary
benign-2469,permit,permit,deterministic_derivation_from_manuscript_summary
benign-2470,permit,permit,deterministic_derivation_from_manuscript_summary
benign-2471,permit,permit,deterministic_derivation_from_manuscript_summary
benign-2472,permit,permit,deterministic_derivation_from_manuscript_summary
benign-2473,permit,permit,deterministic_derivation_from_manuscript_summary
benign-2474,permit,permit,deterministic_derivation_from_manuscript_summary
benign-2475,permit,deny,deterministic_derivation_from_manuscript_summary
benign-2476,permit,permit,deterministic_derivation_from_manuscript_summary
benign-2477,permit,permit,deterministic_derivation_from_manuscript_summary
benign-2478,permit,permit,deterministic_derivation_from_manuscript_summary
benign-2479,permit,permit,deterministic_derivation_from_manuscript_summary
benign-2480,permit,permit,deterministic_derivation_from_manuscript_summary
benign-2481,permit,permit,deterministic_derivation_from_manuscript_summary
benign-2482,permit,permit,deterministic_derivation_from_manuscript_summary
benign-2483,permit,permit,deterministic_derivation_from_manuscript_summary
benign-2484,permit,permit,deterministic_derivation_from_manuscript_summary
benign-2485,deny,permit,deterministic_derivation_from_manuscript_summary
benign-2486,permit,permit,deterministic_derivation_from_manuscript_summary
benign-2487,deny,permit,deterministic_derivation_from_manuscript_summary
benign-2488,permit,permit,deterministic_derivation_from_manuscript_summary
benign-2489,permit,permit,deterministic_derivation_from_manuscript_summary
benign-2490,permit,permit,deterministic_derivation_from_manuscript_summary
benign-2491,permit,permit,deterministic_derivation_from_manuscript_summary
benign-2492,permit,permit,deterministic_derivation_from_manuscript_summary
benign-2493,permit,permit,deterministic_derivation_from_manuscript_summary
benign-2494,permit,permit,deterministic_derivation_from_manuscript_summary
benign-2495,permit,permit,deterministic_derivation_from_manuscript_summary
benign-2496,permit,permit,deterministic_derivation_from_manuscript_summary
benign-2497,permit,permit,deterministic_derivation_from_manuscript_summary
benign-2498,permit,permit,deterministic_derivation_from_manuscript_summary
benign-2499,permit,permit,deterministic_derivation_from_manuscript_summary
benign-2500,permit,permit,deterministic_derivation_from_manuscript_summary
benign-2501,permit,permit,deterministic_derivation_from_manuscript_summary
benign-2502,permit,permit,deterministic_derivation_from_manuscript_summary
benign-2503,permit,permit,deterministic_derivation_from_manuscript_summary
benign-2504,permit,permit,deterministic_derivation_from_manuscript_summary
benign-2505,permit,permit,deterministic_derivation_from_manuscript_summary
benign-2506,permit,permit,deterministic_derivation_from_manuscript_summary
benign-2507,deny,deny,deterministic_derivation_from_manuscript_summary
benign-2508,permit,permit,deterministic_derivation_from_manuscript_summary
benign-2509,permit,permit,deterministic_derivation_from_manuscript_summary
benign-2510,deny,permit,deterministic_derivation_from_manuscript_summary
benign-2511,permit,permit,deterministic_derivation_from_manuscript_summary
benign-2512,permit,permit,deterministic_derivation_from_manuscript_summary
benign-2513,permit,permit,deterministic_derivation_from_manuscript_summary
benign-2514,permit,permit,deterministic_derivation_from_manuscript_summary
benign-2515,permit,permit,deterministic_derivation_from_manuscript_summary
benign-2516,permit,permit,deterministic_derivation_from_manuscript_summary
benign-2517,permit,permit,deterministic_derivation_from_manuscript_summary
benign-2518,permit,deny,deterministic_derivation_from_manuscript_summary
benign-2519,permit,permit,deterministic_derivation_from_manuscript_summary
benign-2520,permit,permit,deterministic_derivation_from_manuscript_summary
benign-2521,permit,permit,deterministic_derivation_from_manuscript_summary
benign-2522,permit,permit,deterministic_derivation_from_manuscript_summary
benign-2523,permit,permit,deterministic_derivation_from_manuscript_summary
benign-2524,permit,permit,deterministic_derivation_from_manuscript_summary
benign-2525,permit,permit,deterministic_derivation_from_manuscript_summary
benign-2526,permit,permit,deterministic_derivation_from_manuscript_summary
benign-2527,permit,permit,deterministic_derivation_from_manuscript_summary
benign-2528,permit,permit,deterministic_derivation_from_manuscript_summary
benign-2529,deny,permit,deterministic_derivation_from_manuscript_summary
benign-2530,permit,permit,deterministic_derivation_from_manuscript_summary
benign-2531,permit,permit,deterministic_derivation_from_manuscript_summary
benign-2532,permit,permit,deterministic_derivation_from_manuscript_summary
benign-2533,permit,permit,deterministic_derivation_from_manuscript_summary
benign-2534,permit,permit,deterministic_derivation_from_manuscript_summary
benign-2535,permit,permit,deterministic_derivation_from_manuscript_summary
benign-2536,permit,permit,deterministic_derivation_from_manuscript_summary
benign-2537,permit,permit,deterministic_derivation_from_manuscript_summary
benign-2538,permit,permit,deterministic_derivation_from_manuscript_summary
benign-2539,permit,permit,deterministic_derivation_from_manuscript_summary
benign-2540,permit,permit,deterministic_derivation_from_manuscript_summary
benign-2541,permit,permit,deterministic_derivation_from_manuscript_summary
benign-2542,permit,permit,deterministic_derivation_from_manuscript_summary
benign-2543,permit,permit,deterministic_derivation_from_manuscript_summary
benign-2544,permit,permit,deterministic_derivation_from_manuscript_summary
benign-2545,permit,permit,deterministic_derivation_from_manuscript_summary
benign-2546,permit,permit,deterministic_derivation_from_manuscript_summary
benign-2547,permit,permit,deterministic_derivation_from_manuscript_summary
benign-2548,deny,permit,deterministic_derivation_from_manuscript_summary
benign-2549,permit,permit,deterministic_derivation_from_manuscript_summary
benign-2550,permit,permit,deterministic_derivation_from_manuscript_summary
benign-2551,permit,permit,deterministic_derivation_from_manuscript_summary
benign-2552,permit,permit,deterministic_derivation_from_manuscript_summary
benign-2553,permit,permit,deterministic_derivation_from_manuscript_summary
benign-2554,permit,permit,deterministic_derivation_from_manuscript_summary
benign-2555,permit,permit,deterministic_derivation_from_manuscript_summary
benign-2556,permit,permit,deterministic_derivation_from_manuscript_summary
benign-2557,permit,permit,deterministic_derivation_from_manuscript_summary
benign-2558,permit,permit,deterministic_derivation_from_manuscript_summary
benign-2559,permit,permit,deterministic_derivation_from_manuscript_summary
benign-2560,permit,permit,deterministic_derivation_from_manuscript_summary
benign-2561,permit,permit,deterministic_derivation_from_manuscript_summary
benign-2562,permit,permit,deterministic_derivation_from_manuscript_summary
benign-2563,permit,permit,deterministic_derivation_from_manuscript_summary
benign-2564,permit,permit,deterministic_derivation_from_manuscript_summary
benign-2565,permit,permit,deterministic_derivation_from_manuscript_summary
benign-2566,permit,permit,deterministic_derivation_from_manuscript_summary
benign-2567,permit,permit,deterministic_derivation_from_manuscript_summary
benign-2568,permit,permit,deterministic_derivation_from_manuscript_summary
benign-2569,permit,permit,deterministic_derivation_from_manuscript_summary
benign-2570,permit,permit,deterministic_derivation_from_manuscript_summary
benign-2571,permit,permit,deterministic_derivation_from_manuscript_summary
benign-2572,permit,permit,deterministic_derivation_from_manuscript_summary
benign-2573,permit,permit,deterministic_derivation_from_manuscript_summary
benign-2574,permit,permit,deterministic_derivation_from_manuscript_summary
benign-2575,permit,permit,deterministic_derivation_from_manuscript_summary
benign-2576,permit,permit,deterministic_derivation_from_manuscript_summary
benign-2577,permit,permit,deterministic_derivation_from_manuscript_summary
benign-2578,permit,permit,deterministic_derivation_from_manuscript_summary
benign-2579,deny,permit,deterministic_derivation_from_manuscript_summary
benign-2580,permit,permit,deterministic_derivation_from_manuscript_summary
benign-2581,permit,permit,deterministic_derivation_from_manuscript_summary
benign-2582,permit,permit,deterministic_derivation_from_manuscript_summary
benign-2583,permit,permit,deterministic_derivation_from_manuscript_summary
benign-2584,permit,permit,deterministic_derivation_from_manuscript_summary
benign-2585,permit,permit,deterministic_derivation_from_manuscript_summary
benign-2586,permit,permit,deterministic_derivation_from_manuscript_summary
benign-2587,permit,permit,deterministic_derivation_from_manuscript_summary
benign-2588,permit,permit,deterministic_derivation_from_manuscript_summary
benign-2589,permit,permit,deterministic_derivation_from_manuscript_summary
benign-2590,permit,permit,deterministic_derivation_from_manuscript_summary
benign-2591,permit,permit,deterministic_derivation_from_manuscript_summary
benign-2592,permit,permit,deterministic_derivation_from_manuscript_summary
benign-2593,permit,permit,deterministic_derivation_from_manuscript_summary
benign-2594,permit,permit,deterministic_derivation_from_manuscript_summary
benign-2595,deny,permit,deterministic_derivation_from_manuscript_summary
benign-2596,permit,permit,deterministic_derivation_from_manuscript_summary
benign-2597,permit,permit,deterministic_derivation_from_manuscript_summary
benign-2598,permit,permit,deterministic_derivation_from_manuscript_summary
benign-2599,permit,permit,deterministic_derivation_from_manuscript_summary
benign-2600,permit,permit,deterministic_derivation_from_manuscript_summary
benign-2601,permit,permit,deterministic_derivation_from_manuscript_summary
benign-2602,permit,permit,deterministic_derivation_from_manuscript_summary
benign-2603,permit,permit,deterministic_derivation_from_manuscript_summary
benign-2604,permit,permit,deterministic_derivation_from_manuscript_summary
benign-2605,permit,permit,deterministic_derivation_from_manuscript_summary
benign-2606,permit,permit,deterministic_derivation_from_manuscript_summary
benign-2607,permit,permit,deterministic_derivation_from_manuscript_summary
benign-2608,permit,permit,deterministic_derivation_from_manuscript_summary
benign-2609,permit,permit,deterministic_derivation_from_manuscript_summary
benign-2610,permit,permit,deterministic_derivation_from_manuscript_summary
benign-2611,permit,permit,deterministic_derivation_from_manuscript_summary
benign-2612,permit,permit,deterministic_derivation_from_manuscript_summary
benign-2613,permit,permit,deterministic_derivation_from_manuscript_summary
benign-2614,permit,permit,deterministic_derivation_from_manuscript_summary
benign-2615,permit,permit,deterministic_derivation_from_manuscript_summary
benign-2616,deny,permit,deterministic_derivation_from_manuscript_summary
benign-2617,deny,permit,deterministic_derivation_from_manuscript_summary
benign-2618,permit,permit,deterministic_derivation_from_manuscript_summary
benign-2619,permit,permit,deterministic_derivation_from_manuscript_summary
benign-2620,permit,permit,deterministic_derivation_from_manuscript_summary
benign-2621,permit,permit,deterministic_derivation_from_manuscript_summary
benign-2622,permit,permit,deterministic_derivation_from_manuscript_summary
benign-2623,permit,permit,deterministic_derivation_from_manuscript_summary
benign-2624,permit,deny,deterministic_derivation_from_manuscript_summary
benign-2625,permit,permit,deterministic_derivation_from_manuscript_summary
benign-2626,permit,permit,deterministic_derivation_from_manuscript_summary
benign-2627,permit,permit,deterministic_derivation_from_manuscript_summary
benign-2628,permit,permit,deterministic_derivation_from_manuscript_summary
benign-2629,permit,permit,deterministic_derivation_from_manuscript_summary
benign-2630,permit,permit,deterministic_derivation_from_manuscript_summary
benign-2631,permit,permit,deterministic_derivation_from_manuscript_summary
benign-2632,permit,permit,deterministic_derivation_from_manuscript_summary
benign-2633,permit,permit,deterministic_derivation_from_manuscript_summary
benign-2634,permit,permit,deterministic_derivation_from_manuscript_summary
benign-2635,permit,permit,deterministic_derivation_from_manuscript_summary
benign-2636,permit,permit,deterministic_derivation_from_manuscript_summary
benign-2637,permit,permit,deterministic_derivation_from_manuscript_summary
benign-2638,permit,permit,deterministic_derivation_from_manuscript_summary
benign-2639,permit,permit,deterministic_derivation_from_manuscript_summary
benign-2640,permit,permit,deterministic_derivation_from_manuscript_summary
benign-2641,permit,permit,deterministic_derivation_from_manuscript_summary
benign-2642,permit,permit,deterministic_derivation_from_manuscript_summary
benign-2643,permit,permit,deterministic_derivation_from_manuscript_summary
benign-2644,deny,permit,deterministic_derivation_from_manuscript_summary
benign-2645,permit,permit,deterministic_derivation_from_manuscript_summary
benign-2646,permit,permit,deterministic_derivation_from_manuscript_summary
benign-2647,permit,permit,deterministic_derivation_from_manuscript_summary
benign-2648,permit,permit,deterministic_derivation_from_manuscript_summary
benign-2649,deny,permit,deterministic_derivation_from_manuscript_summary
benign-2650,deny,permit,deterministic_derivation_from_manuscript_summary
benign-2651,permit,permit,deterministic_derivation_from_manuscript_summary
benign-2652,permit,permit,deterministic_derivation_from_manuscript_summary
benign-2653,permit,permit,deterministic_derivation_from_manuscript_summary
benign-2654,permit,permit,deterministic_derivation_from_manuscript_summary
benign-2655,permit,permit,deterministic_derivation_from_manuscript_summary
benign-2656,permit,permit,deterministic_derivation_from_manuscript_summary
benign-2657,permit,permit,deterministic_derivation_from_manuscript_summary
benign-2658,permit,permit,deterministic_derivation_from_manuscript_summary
benign-2659,permit,permit,deterministic_derivation_from_manuscript_summary
benign-2660,permit,permit,deterministic_derivation_from_manuscript_summary
benign-2661,permit,permit,deterministic_derivation_from_manuscript_summary
benign-2662,permit,permit,deterministic_derivation_from_manuscript_summary
benign-2663,permit,permit,deterministic_derivation_from_manuscript_summary
benign-2664,permit,permit,deterministic_derivation_from_manuscript_summary
benign-2665,permit,permit,deterministic_derivation_from_manuscript_summary
benign-2666,permit,permit,deterministic_derivation_from_manuscript_summary
benign-2667,permit,permit,deterministic_derivation_from_manuscript_summary
benign-2668,permit,permit,deterministic_derivation_from_manuscript_summary
benign-2669,permit,permit,deterministic_derivation_from_manuscript_summary
benign-2670,permit,permit,deterministic_derivation_from_manuscript_summary
benign-2671,permit,permit,deterministic_derivation_from_manuscript_summary
benign-2672,permit,permit,deterministic_derivation_from_manuscript_summary
benign-2673,permit,permit,deterministic_derivation_from_manuscript_summary
benign-2674,permit,permit,deterministic_derivation_from_manuscript_summary
benign-2675,permit,permit,deterministic_derivation_from_manuscript_summary
benign-2676,permit,permit,deterministic_derivation_from_manuscript_summary
benign-2677,permit,permit,deterministic_derivation_from_manuscript_summary
benign-2678,permit,permit,deterministic_derivation_from_manuscript_summary
benign-2679,permit,permit,deterministic_derivation_from_manuscript_summary
benign-2680,permit,permit,deterministic_derivation_from_manuscript_summary
benign-2681,permit,permit,deterministic_derivation_from_manuscript_summary
benign-2682,permit,permit,deterministic_derivation_from_manuscript_summary
benign-2683,permit,permit,deterministic_derivation_from_manuscript_summary
benign-2684,permit,permit,deterministic_derivation_from_manuscript_summary
benign-2685,permit,permit,deterministic_derivation_from_manuscript_summary
benign-2686,permit,permit,deterministic_derivation_from_manuscript_summary
benign-2687,permit,permit,deterministic_derivation_from_manuscript_summary
benign-2688,deny,permit,deterministic_derivation_from_manuscript_summary
benign-2689,permit,permit,deterministic_derivation_from_manuscript_summary
benign-2690,permit,permit,deterministic_derivation_from_manuscript_summary
benign-2691,permit,permit,deterministic_derivation_from_manuscript_summary
benign-2692,permit,permit,deterministic_derivation_from_manuscript_summary
benign-2693,permit,permit,deterministic_derivation_from_manuscript_summary
benign-2694,permit,permit,deterministic_derivation_from_manuscript_summary
benign-2695,permit,permit,deterministic_derivation_from_manuscript_summary
benign-2696,permit,permit,deterministic_derivation_from_manuscript_summary
benign-2697,permit,permit,deterministic_derivation_from_manuscript_summary
benign-2698,permit,permit,deterministic_derivation_from_manuscript_summary
benign-2699,permit,permit,deterministic_derivation_from_manuscript_summary
benign-2700,permit,permit,deterministic_derivation_from_manuscript_summary
benign-2701,permit,permit,deterministic_derivation_from_manuscript_summary
benign-2702,permit,permit,deterministic_derivation_from_manuscript_summary
benign-2703,permit,permit,deterministic_derivation_from_manuscript_summary
benign-2704,permit,permit,deterministic_derivation_from_manuscript_summary
benign-2705,permit,permit,deterministic_derivation_from_manuscript_summary
benign-2706,permit,permit,deterministic_derivation_from_manuscript_summary
benign-2707,permit,permit,deterministic_derivation_from_manuscript_summary
benign-2708,permit,permit,deterministic_derivation_from_manuscript_summary
benign-2709,permit,permit,deterministic_derivation_from_manuscript_summary
benign-2710,permit,permit,deterministic_derivation_from_manuscript_summary
benign-2711,permit,permit,deterministic_derivation_from_manuscript_summary
benign-2712,permit,permit,deterministic_derivation_from_manuscript_summary
benign-2713,permit,permit,deterministic_derivation_from_manuscript_summary
benign-2714,deny,permit,deterministic_derivation_from_manuscript_summary
benign-2715,permit,permit,deterministic_derivation_from_manuscript_summary
benign-2716,permit,permit,deterministic_derivation_from_manuscript_summary
benign-2717,permit,permit,deterministic_derivation_from_manuscript_summary
benign-2718,permit,permit,deterministic_derivation_from_manuscript_summary
benign-2719,permit,permit,deterministic_derivation_from_manuscript_summary
benign-2720,permit,permit,deterministic_derivation_from_manuscript_summary
benign-2721,permit,permit,deterministic_derivation_from_manuscript_summary
benign-2722,permit,permit,deterministic_derivation_from_manuscript_summary
benign-2723,permit,permit,deterministic_derivation_from_manuscript_summary
benign-2724,deny,permit,deterministic_derivation_from_manuscript_summary
benign-2725,permit,permit,deterministic_derivation_from_manuscript_summary
benign-2726,permit,permit,deterministic_derivation_from_manuscript_summary
benign-2727,permit,permit,deterministic_derivation_from_manuscript_summary
benign-2728,permit,permit,deterministic_derivation_from_manuscript_summary
benign-2729,permit,permit,deterministic_derivation_from_manuscript_summary
benign-2730,deny,permit,deterministic_derivation_from_manuscript_summary
benign-2731,permit,permit,deterministic_derivation_from_manuscript_summary
benign-2732,deny,permit,deterministic_derivation_from_manuscript_summary
benign-2733,permit,permit,deterministic_derivation_from_manuscript_summary
benign-2734,permit,permit,deterministic_derivation_from_manuscript_summary
benign-2735,permit,permit,deterministic_derivation_from_manuscript_summary
benign-2736,permit,permit,deterministic_derivation_from_manuscript_summary
benign-2737,permit,permit,deterministic_derivation_from_manuscript_summary
benign-2738,permit,permit,deterministic_derivation_from_manuscript_summary
benign-2739,permit,permit,deterministic_derivation_from_manuscript_summary
benign-2740,permit,permit,deterministic_derivation_from_manuscript_summary
benign-2741,permit,permit,deterministic_derivation_from_manuscript_summary
benign-2742,permit,permit,deterministic_derivation_from_manuscript_summary
benign-2743,permit,permit,deterministic_derivation_from_manuscript_summary
benign-2744,permit,permit,deterministic_derivation_from_manuscript_summary
benign-2745,permit,permit,deterministic_derivation_from_manuscript_summary
benign-2746,permit,permit,deterministic_derivation_from_manuscript_summary
benign-2747,permit,permit,deterministic_derivation_from_manuscript_summary
benign-2748,permit,permit,deterministic_derivation_from_manuscript_summary
benign-2749,permit,permit,deterministic_derivation_from_manuscript_summary
benign-2750,permit,permit,deterministic_derivation_from_manuscript_summary
benign-2751,permit,permit,deterministic_derivation_from_manuscript_summary
benign-2752,permit,permit,deterministic_derivation_from_manuscript_summary
benign-2753,permit,permit,deterministic_derivation_from_manuscript_summary
benign-2754,permit,permit,deterministic_derivation_from_manuscript_summary
benign-2755,deny,permit,deterministic_derivation_from_manuscript_summary
benign-2756,deny,permit,deterministic_derivation_from_manuscript_summary
benign-2757,permit,permit,deterministic_derivation_from_manuscript_summary
benign-2758,permit,permit,deterministic_derivation_from_manuscript_summary
benign-2759,permit,permit,deterministic_derivation_from_manuscript_summary
benign-2760,permit,permit,deterministic_derivation_from_manuscript_summary
benign-2761,permit,permit,deterministic_derivation_from_manuscript_summary
benign-2762,permit,permit,deterministic_derivation_from_manuscript_summary
benign-2763,permit,permit,deterministic_derivation_from_manuscript_summary
benign-2764,permit,permit,deterministic_derivation_from_manuscript_summary
benign-2765,permit,permit,deterministic_derivation_from_manuscript_summary
benign-2766,permit,permit,deterministic_derivation_from_manuscript_summary
benign-2767,permit,permit,deterministic_derivation_from_manuscript_summary
benign-2768,permit,permit,deterministic_derivation_from_manuscript_summary
benign-2769,permit,permit,deterministic_derivation_from_manuscript_summary
benign-2770,permit,permit,deterministic_derivation_from_manuscript_summary
benign-2771,permit,permit,deterministic_derivation_from_manuscript_summary
benign-2772,permit,permit,deterministic_derivation_from_manuscript_summary
benign-2773,permit,permit,deterministic_derivation_from_manuscript_summary
benign-2774,permit,permit,deterministic_derivation_from_manuscript_summary
benign-2775,permit,permit,deterministic_derivation_from_manuscript_summary
benign-2776,permit,permit,deterministic_derivation_from_manuscript_summary
benign-2777,permit,permit,deterministic_derivation_from_manuscript_summary
benign-2778,deny,permit,deterministic_derivation_from_manuscript_summary
benign-2779,permit,permit,deterministic_derivation_from_manuscript_summary
benign-2780,permit,permit,deterministic_derivation_from_manuscript_summary
benign-2781,permit,permit,deterministic_derivation_from_manuscript_summary
benign-2782,permit,deny,deterministic_derivation_from_manuscript_summary
benign-2783,permit,permit,deterministic_derivation_from_manuscript_summary
benign-2784,permit,permit,deterministic_derivation_from_manuscript_summary
benign-2785,permit,permit,deterministic_derivation_from_manuscript_summary
benign-2786,permit,permit,deterministic_derivation_from_manuscript_summary
benign-2787,permit,permit,deterministic_derivation_from_manuscript_summary
benign-2788,deny,permit,deterministic_derivation_from_manuscript_summary
benign-2789,permit,permit,deterministic_derivation_from_manuscript_summary
benign-2790,permit,permit,deterministic_derivation_from_manuscript_summary
benign-2791,permit,permit,deterministic_derivation_from_manuscript_summary
benign-2792,permit,permit,deterministic_derivation_from_manuscript_summary
benign-2793,permit,permit,deterministic_derivation_from_manuscript_summary
benign-2794,permit,permit,deterministic_derivation_from_manuscript_summary
benign-2795,permit,permit,deterministic_derivation_from_manuscript_summary
benign-2796,permit,permit,deterministic_derivation_from_manuscript_summary
benign-2797,permit,permit,deterministic_derivation_from_manuscript_summary
benign-2798,permit,permit,deterministic_derivation_from_manuscript_summary
benign-2799,permit,permit,deterministic_derivation_from_manuscript_summary
benign-2800,permit,permit,deterministic_derivation_from_manuscript_summary
benign-2801,permit,permit,deterministic_derivation_from_manuscript_summary
benign-2802,permit,permit,deterministic_derivation_from_manuscript_summary
benign-2803,deny,permit,deterministic_derivation_from_manuscript_summary
benign-2804,permit,permit,deterministic_derivation_from_manuscript_summary
benign-2805,permit,permit,deterministic_derivation_from_manuscript_summary
benign-2806,permit,permit,deterministic_derivation_from_manuscript_summary
benign-2807,permit,permit,deterministic_derivation_from_manuscript_summary
benign-2808,permit,permit,deterministic_derivation_from_manuscript_summary
benign-2809,permit,permit,deterministic_derivation_from_manuscript_summary
benign-2810,permit,permit,deterministic_derivation_from_manuscript_summary
benign-2811,permit,permit,deterministic_derivation_from_manuscript_summary
benign-2812,permit,permit,deterministic_derivation_from_manuscript_summary
benign-2813,permit,permit,deterministic_derivation_from_manuscript_summary
benign-2814,permit,permit,deterministic_derivation_from_manuscript_summary
benign-2815,permit,permit,deterministic_derivation_from_manuscript_summary
benign-2816,permit,permit,deterministic_derivation_from_manuscript_summary
benign-2817,permit,permit,deterministic_derivation_from_manuscript_summary
benign-2818,permit,permit,deterministic_derivation_from_manuscript_summary
benign-2819,permit,permit,deterministic_derivation_from_manuscript_summary
benign-2820,permit,permit,deterministic_derivation_from_manuscript_summary
benign-2821,permit,permit,deterministic_derivation_from_manuscript_summary
benign-2822,permit,permit,deterministic_derivation_from_manuscript_summary
benign-2823,permit,permit,deterministic_derivation_from_manuscript_summary
benign-2824,permit,permit,deterministic_derivation_from_manuscript_summary
benign-2825,permit,permit,deterministic_derivation_from_manuscript_summary
benign-2826,permit,permit,deterministic_derivation_from_manuscript_summary
benign-2827,permit,permit,deterministic_derivation_from_manuscript_summary
benign-2828,permit,permit,deterministic_derivation_from_manuscript_summary
benign-2829,permit,permit,deterministic_derivation_from_manuscript_summary
benign-2830,permit,permit,deterministic_derivation_from_manuscript_summary
benign-2831,permit,permit,deterministic_derivation_from_manuscript_summary
benign-2832,permit,permit,deterministic_derivation_from_manuscript_summary
benign-2833,permit,permit,deterministic_derivation_from_manuscript_summary
benign-2834,permit,permit,deterministic_derivation_from_manuscript_summary
benign-2835,permit,permit,deterministic_derivation_from_manuscript_summary
benign-2836,permit,permit,deterministic_derivation_from_manuscript_summary
benign-2837,permit,permit,deterministic_derivation_from_manuscript_summary
benign-2838,permit,permit,deterministic_derivation_from_manuscript_summary
benign-2839,permit,permit,deterministic_derivation_from_manuscript_summary
benign-2840,permit,permit,deterministic_derivation_from_manuscript_summary
benign-2841,permit,permit,deterministic_derivation_from_manuscript_summary
benign-2842,permit,permit,deterministic_derivation_from_manuscript_summary
benign-2843,permit,permit,deterministic_derivation_from_manuscript_summary
benign-2844,permit,permit,deterministic_derivation_from_manuscript_summary
benign-2845,permit,permit,deterministic_derivation_from_manuscript_summary
benign-2846,permit,permit,deterministic_derivation_from_manuscript_summary
benign-2847,permit,permit,deterministic_derivation_from_manuscript_summary
benign-2848,permit,permit,deterministic_derivation_from_manuscript_summary
benign-2849,permit,permit,deterministic_derivation_from_manuscript_summary
benign-2850,permit,permit,deterministic_derivation_from_manuscript_summary
benign-2851,permit,permit,deterministic_derivation_from_manuscript_summary
benign-2852,permit,permit,deterministic_derivation_from_manuscript_summary
benign-2853,permit,permit,deterministic_derivation_from_manuscript_summary
benign-2854,permit,permit,deterministic_derivation_from_manuscript_summary
benign-2855,permit,permit,deterministic_derivation_from_manuscript_summary
benign-2856,permit,permit,deterministic_derivation_from_manuscript_summary
benign-2857,permit,permit,deterministic_derivation_from_manuscript_summary
benign-2858,permit,permit,deterministic_derivation_from_manuscript_summary
benign-2859,permit,permit,deterministic_derivation_from_manuscript_summary
benign-2860,permit,permit,deterministic_derivation_from_manuscript_summary
benign-2861,permit,permit,deterministic_derivation_from_manuscript_summary
benign-2862,permit,permit,deterministic_derivation_from_manuscript_summary
benign-2863,permit,permit,deterministic_derivation_from_manuscript_summary
benign-2864,permit,permit,deterministic_derivation_from_manuscript_summary
benign-2865,permit,permit,deterministic_derivation_from_manuscript_summary
benign-2866,permit,permit,deterministic_derivation_from_manuscript_summary
benign-2867,permit,permit,deterministic_derivation_from_manuscript_summary
benign-2868,permit,permit,deterministic_derivation_from_manuscript_summary
benign-2869,permit,permit,deterministic_derivation_from_manuscript_summary
benign-2870,permit,permit,deterministic_derivation_from_manuscript_summary
benign-2871,permit,permit,deterministic_derivation_from_manuscript_summary
benign-2872,permit,permit,deterministic_derivation_from_manuscript_summary
benign-2873,deny,permit,deterministic_derivation_from_manuscript_summary
benign-2874,permit,permit,deterministic_derivation_from_manuscript_summary
benign-2875,permit,permit,deterministic_derivation_from_manuscript_summary
benign-2876,permit,permit,deterministic_derivation_from_manuscript_summary
benign-2877,permit,permit,deterministic_derivation_from_manuscript_summary
benign-2878,permit,permit,deterministic_derivation_from_manuscript_summary
benign-2879,permit,permit,deterministic_derivation_from_manuscript_summary
benign-2880,permit,permit,deterministic_derivation_from_manuscript_summary
benign-2881,permit,permit,deterministic_derivation_from_manuscript_summary
benign-2882,permit,permit,deterministic_derivation_from_manuscript_summary
benign-2883,permit,permit,deterministic_derivation_from_manuscript_summary
benign-2884,permit,permit,deterministic_derivation_from_manuscript_summary
benign-2885,permit,permit,deterministic_derivation_from_manuscript_summary
benign-2886,permit,permit,deterministic_derivation_from_manuscript_summary
benign-2887,permit,permit,deterministic_derivation_from_manuscript_summary
benign-2888,permit,permit,deterministic_derivation_from_manuscript_summary
benign-2889,permit,permit,deterministic_derivation_from_manuscript_summary
benign-2890,permit,permit,deterministic_derivation_from_manuscript_summary
benign-2891,permit,permit,deterministic_derivation_from_manuscript_summary
benign-2892,deny,permit,deterministic_derivation_from_manuscript_summary
benign-2893,permit,permit,deterministic_derivation_from_manuscript_summary
benign-2894,deny,permit,deterministic_derivation_from_manuscript_summary
benign-2895,deny,permit,deterministic_derivation_from_manuscript_summary
benign-2896,permit,permit,deterministic_derivation_from_manuscript_summary
benign-2897,permit,permit,deterministic_derivation_from_manuscript_summary
benign-2898,permit,permit,deterministic_derivation_from_manuscript_summary
benign-2899,permit,permit,deterministic_derivation_from_manuscript_summary
benign-2900,permit,permit,deterministic_derivation_from_manuscript_summary
benign-2901,permit,permit,deterministic_derivation_from_manuscript_summary
benign-2902,permit,permit,deterministic_derivation_from_manuscript_summary
benign-2903,permit,permit,deterministic_derivation_from_manuscript_summary
benign-2904,permit,permit,deterministic_derivation_from_manuscript_summary
benign-2905,permit,permit,deterministic_derivation_from_manuscript_summary
benign-2906,permit,permit,deterministic_derivation_from_manuscript_summary
benign-2907,permit,permit,deterministic_derivation_from_manuscript_summary
benign-2908,permit,permit,deterministic_derivation_from_manuscript_summary
benign-2909,permit,permit,deterministic_derivation_from_manuscript_summary
benign-2910,permit,permit,deterministic_derivation_from_manuscript_summary
benign-2911,permit,permit,deterministic_derivation_from_manuscript_summary
benign-2912,permit,permit,deterministic_derivation_from_manuscript_summary
benign-2913,permit,permit,deterministic_derivation_from_manuscript_summary
benign-2914,permit,permit,deterministic_derivation_from_manuscript_summary
benign-2915,permit,permit,deterministic_derivation_from_manuscript_summary
benign-2916,permit,permit,deterministic_derivation_from_manuscript_summary
benign-2917,permit,permit,deterministic_derivation_from_manuscript_summary
benign-2918,deny,permit,deterministic_derivation_from_manuscript_summary
benign-2919,permit,permit,deterministic_derivation_from_manuscript_summary
benign-2920,permit,permit,deterministic_derivation_from_manuscript_summary
benign-2921,permit,permit,deterministic_derivation_from_manuscript_summary
benign-2922,permit,permit,deterministic_derivation_from_manuscript_summary
benign-2923,permit,permit,deterministic_derivation_from_manuscript_summary
benign-2924,permit,permit,deterministic_derivation_from_manuscript_summary
benign-2925,permit,permit,deterministic_derivation_from_manuscript_summary
benign-2926,permit,permit,deterministic_derivation_from_manuscript_summary
benign-2927,permit,permit,deterministic_derivation_from_manuscript_summary
benign-2928,permit,permit,deterministic_derivation_from_manuscript_summary
benign-2929,permit,permit,deterministic_derivation_from_manuscript_summary
benign-2930,permit,permit,deterministic_derivation_from_manuscript_summary
benign-2931,permit,permit,deterministic_derivation_from_manuscript_summary
benign-2932,permit,permit,deterministic_derivation_from_manuscript_summary
benign-2933,permit,permit,deterministic_derivation_from_manuscript_summary
benign-2934,permit,permit,deterministic_derivation_from_manuscript_summary
benign-2935,permit,permit,deterministic_derivation_from_manuscript_summary
benign-2936,permit,permit,deterministic_derivation_from_manuscript_summary
benign-2937,permit,permit,deterministic_derivation_from_manuscript_summary
benign-2938,permit,permit,deterministic_derivation_from_manuscript_summary
benign-2939,permit,permit,deterministic_derivation_from_manuscript_summary
benign-2940,permit,permit,deterministic_derivation_from_manuscript_summary
benign-2941,permit,permit,deterministic_derivation_from_manuscript_summary
benign-2942,permit,permit,deterministic_derivation_from_manuscript_summary
benign-2943,permit,permit,deterministic_derivation_from_manuscript_summary
benign-2944,permit,permit,deterministic_derivation_from_manuscript_summary
benign-2945,permit,permit,deterministic_derivation_from_manuscript_summary
benign-2946,permit,permit,deterministic_derivation_from_manuscript_summary
benign-2947,permit,permit,deterministic_derivation_from_manuscript_summary
benign-2948,permit,permit,deterministic_derivation_from_manuscript_summary
benign-2949,deny,permit,deterministic_derivation_from_manuscript_summary
benign-2950,permit,permit,deterministic_derivation_from_manuscript_summary
benign-2951,deny,permit,deterministic_derivation_from_manuscript_summary
benign-2952,permit,permit,deterministic_derivation_from_manuscript_summary
benign-2953,permit,permit,deterministic_derivation_from_manuscript_summary
benign-2954,deny,permit,deterministic_derivation_from_manuscript_summary
benign-2955,permit,permit,deterministic_derivation_from_manuscript_summary
benign-2956,permit,permit,deterministic_derivation_from_manuscript_summary
benign-2957,permit,permit,deterministic_derivation_from_manuscript_summary
benign-2958,permit,permit,deterministic_derivation_from_manuscript_summary
benign-2959,permit,permit,deterministic_derivation_from_manuscript_summary
benign-2960,permit,permit,deterministic_derivation_from_manuscript_summary
benign-2961,permit,permit,deterministic_derivation_from_manuscript_summary
benign-2962,permit,permit,deterministic_derivation_from_manuscript_summary
benign-2963,permit,permit,deterministic_derivation_from_manuscript_summary
benign-2964,permit,permit,deterministic_derivation_from_manuscript_summary
benign-2965,permit,permit,deterministic_derivation_from_manuscript_summary
benign-2966,permit,permit,deterministic_derivation_from_manuscript_summary
benign-2967,permit,permit,deterministic_derivation_from_manuscript_summary
benign-2968,permit,permit,deterministic_derivation_from_manuscript_summary
benign-2969,permit,permit,deterministic_derivation_from_manuscript_summary
benign-2970,permit,permit,deterministic_derivation_from_manuscript_summary
benign-2971,permit,permit,deterministic_derivation_from_manuscript_summary
benign-2972,permit,permit,deterministic_derivation_from_manuscript_summary
benign-2973,permit,permit,deterministic_derivation_from_manuscript_summary
benign-2974,permit,permit,deterministic_derivation_from_manuscript_summary
benign-2975,permit,permit,deterministic_derivation_from_manuscript_summary
benign-2976,permit,permit,deterministic_derivation_from_manuscript_summary
benign-2977,permit,permit,deterministic_derivation_from_manuscript_summary
benign-2978,permit,permit,deterministic_derivation_from_manuscript_summary
benign-2979,permit,permit,deterministic_derivation_from_manuscript_summary
benign-2980,permit,permit,deterministic_derivation_from_manuscript_summary
benign-2981,permit,permit,deterministic_derivation_from_manuscript_summary
benign-2982,permit,permit,deterministic_derivation_from_manuscript_summary
benign-2983,permit,permit,deterministic_derivation_from_manuscript_summary
benign-2984,permit,permit,deterministic_derivation_from_manuscript_summary
benign-2985,permit,permit,deterministic_derivation_from_manuscript_summary
benign-2986,permit,permit,deterministic_derivation_from_manuscript_summary
benign-2987,permit,permit,deterministic_derivation_from_manuscript_summary
benign-2988,permit,permit,deterministic_derivation_from_manuscript_summary
benign-2989,permit,permit,deterministic_derivation_from_manuscript_summary
benign-2990,permit,permit,deterministic_derivation_from_manuscript_summary
benign-2991,permit,permit,deterministic_derivation_from_manuscript_summary
benign-2992,permit,permit,deterministic_derivation_from_manuscript_summary
benign-2993,permit,permit,deterministic_derivation_from_manuscript_summary
benign-2994,permit,permit,deterministic_derivation_from_manuscript_summary
benign-2995,permit,permit,deterministic_derivation_from_manuscript_summary
benign-2996,permit,permit,deterministic_derivation_from_manuscript_summary
benign-2997,deny,permit,deterministic_derivation_from_manuscript_summary
benign-2998,permit,permit,deterministic_derivation_from_manuscript_summary
benign-2999,permit,permit,deterministic_derivation_from_manuscript_summary
benign-3000,permit,permit,deterministic_derivation_from_manuscript_summary
benign-3001,permit,permit,deterministic_derivation_from_manuscript_summary
benign-3002,permit,permit,deterministic_derivation_from_manuscript_summary
benign-3003,permit,permit,deterministic_derivation_from_manuscript_summary
benign-3004,permit,permit,deterministic_derivation_from_manuscript_summary
benign-3005,permit,permit,deterministic_derivation_from_manuscript_summary
benign-3006,permit,permit,deterministic_derivation_from_manuscript_summary
benign-3007,permit,permit,deterministic_derivation_from_manuscript_summary
benign-3008,permit,permit,deterministic_derivation_from_manuscript_summary
benign-3009,permit,permit,deterministic_derivation_from_manuscript_summary
benign-3010,permit,permit,deterministic_derivation_from_manuscript_summary
benign-3011,permit,permit,deterministic_derivation_from_manuscript_summary
benign-3012,permit,permit,deterministic_derivation_from_manuscript_summary
benign-3013,permit,permit,deterministic_derivation_from_manuscript_summary
benign-3014,deny,permit,deterministic_derivation_from_manuscript_summary
benign-3015,permit,permit,deterministic_derivation_from_manuscript_summary
benign-3016,permit,permit,deterministic_derivation_from_manuscript_summary
benign-3017,permit,permit,deterministic_derivation_from_manuscript_summary
benign-3018,permit,permit,deterministic_derivation_from_manuscript_summary
benign-3019,permit,permit,deterministic_derivation_from_manuscript_summary
benign-3020,permit,permit,deterministic_derivation_from_manuscript_summary
benign-3021,deny,permit,deterministic_derivation_from_manuscript_summary
benign-3022,permit,permit,deterministic_derivation_from_manuscript_summary
benign-3023,permit,permit,deterministic_derivation_from_manuscript_summary
benign-3024,permit,permit,deterministic_derivation_from_manuscript_summary
benign-3025,permit,permit,deterministic_derivation_from_manuscript_summary
benign-3026,permit,permit,deterministic_derivation_from_manuscript_summary
benign-3027,permit,permit,deterministic_derivation_from_manuscript_summary
benign-3028,permit,permit,deterministic_derivation_from_manuscript_summary
benign-3029,permit,permit,deterministic_derivation_from_manuscript_summary
benign-3030,deny,permit,deterministic_derivation_from_manuscript_summary
benign-3031,permit,permit,deterministic_derivation_from_manuscript_summary
benign-3032,permit,deny,deterministic_derivation_from_manuscript_summary
benign-3033,permit,permit,deterministic_derivation_from_manuscript_summary
benign-3034,permit,permit,deterministic_derivation_from_manuscript_summary
benign-3035,permit,permit,deterministic_derivation_from_manuscript_summary
benign-3036,permit,permit,deterministic_derivation_from_manuscript_summary
benign-3037,permit,permit,deterministic_derivation_from_manuscript_summary
benign-3038,permit,permit,deterministic_derivation_from_manuscript_summary
benign-3039,permit,permit,deterministic_derivation_from_manuscript_summary
benign-3040,permit,permit,deterministic_derivation_from_manuscript_summary
benign-3041,permit,permit,deterministic_derivation_from_manuscript_summary
benign-3042,permit,permit,deterministic_derivation_from_manuscript_summary
benign-3043,permit,permit,deterministic_derivation_from_manuscript_summary
benign-3044,permit,deny,deterministic_derivation_from_manuscript_summary
benign-3045,permit,permit,deterministic_derivation_from_manuscript_summary
benign-3046,permit,permit,deterministic_derivation_from_manuscript_summary
benign-3047,permit,permit,deterministic_derivation_from_manuscript_summary
benign-3048,permit,permit,deterministic_derivation_from_manuscript_summary
benign-3049,permit,permit,deterministic_derivation_from_manuscript_summary
benign-3050,permit,permit,deterministic_derivation_from_manuscript_summary
benign-3051,permit,permit,deterministic_derivation_from_manuscript_summary
benign-3052,deny,permit,deterministic_derivation_from_manuscript_summary
benign-3053,permit,permit,deterministic_derivation_from_manuscript_summary
benign-3054,permit,permit,deterministic_derivation_from_manuscript_summary
benign-3055,permit,permit,deterministic_derivation_from_manuscript_summary
benign-3056,permit,permit,deterministic_derivation_from_manuscript_summary
benign-3057,permit,permit,deterministic_derivation_from_manuscript_summary
benign-3058,permit,permit,deterministic_derivation_from_manuscript_summary
benign-3059,permit,permit,deterministic_derivation_from_manuscript_summary
benign-3060,permit,permit,deterministic_derivation_from_manuscript_summary
benign-3061,permit,permit,deterministic_derivation_from_manuscript_summary
benign-3062,permit,permit,deterministic_derivation_from_manuscript_summary
benign-3063,permit,permit,deterministic_derivation_from_manuscript_summary
benign-3064,permit,permit,deterministic_derivation_from_manuscript_summary
benign-3065,deny,permit,deterministic_derivation_from_manuscript_summary
benign-3066,permit,permit,deterministic_derivation_from_manuscript_summary
benign-3067,permit,permit,deterministic_derivation_from_manuscript_summary
benign-3068,permit,permit,deterministic_derivation_from_manuscript_summary
benign-3069,permit,permit,deterministic_derivation_from_manuscript_summary
benign-3070,permit,permit,deterministic_derivation_from_manuscript_summary
benign-3071,deny,permit,deterministic_derivation_from_manuscript_summary
benign-3072,permit,permit,deterministic_derivation_from_manuscript_summary
benign-3073,permit,permit,deterministic_derivation_from_manuscript_summary
benign-3074,permit,permit,deterministic_derivation_from_manuscript_summary
benign-3075,permit,permit,deterministic_derivation_from_manuscript_summary
benign-3076,permit,permit,deterministic_derivation_from_manuscript_summary
benign-3077,permit,permit,deterministic_derivation_from_manuscript_summary
benign-3078,permit,permit,deterministic_derivation_from_manuscript_summary
benign-3079,permit,permit,deterministic_derivation_from_manuscript_summary
benign-3080,deny,permit,deterministic_derivation_from_manuscript_summary
benign-3081,permit,permit,deterministic_derivation_from_manuscript_summary
benign-3082,permit,permit,deterministic_derivation_from_manuscript_summary
benign-3083,permit,permit,deterministic_derivation_from_manuscript_summary
benign-3084,permit,permit,deterministic_derivation_from_manuscript_summary
benign-3085,permit,permit,deterministic_derivation_from_manuscript_summary
benign-3086,permit,permit,deterministic_derivation_from_manuscript_summary
benign-3087,permit,permit,deterministic_derivation_from_manuscript_summary
benign-3088,permit,permit,deterministic_derivation_from_manuscript_summary
benign-3089,permit,permit,deterministic_derivation_from_manuscript_summary
benign-3090,permit,permit,deterministic_derivation_from_manuscript_summary
benign-3091,permit,permit,deterministic_derivation_from_manuscript_summary
benign-3092,permit,permit,deterministic_derivation_from_manuscript_summary
benign-3093,permit,permit,deterministic_derivation_from_manuscript_summary
benign-3094,permit,permit,deterministic_derivation_from_manuscript_summary
benign-3095,permit,permit,deterministic_derivation_from_manuscript_summary
benign-3096,permit,permit,deterministic_derivation_from_manuscript_summary
benign-3097,permit,permit,deterministic_derivation_from_manuscript_summary
benign-3098,permit,permit,deterministic_derivation_from_manuscript_summary
benign-3099,permit,permit,deterministic_derivation_from_manuscript_summary
benign-3100,permit,permit,deterministic_derivation_from_manuscript_summary
benign-3101,deny,permit,deterministic_derivation_from_manuscript_summary
benign-3102,deny,permit,deterministic_derivation_from_manuscript_summary
benign-3103,deny,permit,deterministic_derivation_from_manuscript_summary
benign-3104,permit,permit,deterministic_derivation_from_manuscript_summary
benign-3105,permit,permit,deterministic_derivation_from_manuscript_summary
benign-3106,permit,permit,deterministic_derivation_from_manuscript_summary
benign-3107,permit,permit,deterministic_derivation_from_manuscript_summary
benign-3108,permit,permit,deterministic_derivation_from_manuscript_summary
benign-3109,permit,permit,deterministic_derivation_from_manuscript_summary
benign-3110,permit,permit,deterministic_derivation_from_manuscript_summary
benign-3111,deny,permit,deterministic_derivation_from_manuscript_summary
benign-3112,permit,permit,deterministic_derivation_from_manuscript_summary
benign-3113,permit,permit,deterministic_derivation_from_manuscript_summary
benign-3114,permit,permit,deterministic_derivation_from_manuscript_summary
benign-3115,permit,permit,deterministic_derivation_from_manuscript_summary
benign-3116,permit,permit,deterministic_derivation_from_manuscript_summary
benign-3117,permit,permit,deterministic_derivation_from_manuscript_summary
benign-3118,permit,permit,deterministic_derivation_from_manuscript_summary
benign-3119,permit,permit,deterministic_derivation_from_manuscript_summary
benign-3120,permit,permit,deterministic_derivation_from_manuscript_summary
benign-3121,permit,permit,deterministic_derivation_from_manuscript_summary
benign-3122,permit,permit,deterministic_derivation_from_manuscript_summary
benign-3123,permit,permit,deterministic_derivation_from_manuscript_summary
benign-3124,permit,permit,deterministic_derivation_from_manuscript_summary
benign-3125,permit,permit,deterministic_derivation_from_manuscript_summary
benign-3126,permit,permit,deterministic_derivation_from_manuscript_summary
benign-3127,permit,permit,deterministic_derivation_from_manuscript_summary
benign-3128,permit,permit,deterministic_derivation_from_manuscript_summary
benign-3129,permit,permit,deterministic_derivation_from_manuscript_summary
benign-3130,permit,permit,deterministic_derivation_from_manuscript_summary
benign-3131,permit,permit,deterministic_derivation_from_manuscript_summary
benign-3132,permit,permit,deterministic_derivation_from_manuscript_summary
benign-3133,permit,permit,deterministic_derivation_from_manuscript_summary
benign-3134,permit,permit,deterministic_derivation_from_manuscript_summary
benign-3135,permit,permit,deterministic_derivation_from_manuscript_summary
benign-3136,permit,permit,deterministic_derivation_from_manuscript_summary
benign-3137,permit,permit,deterministic_derivation_from_manuscript_summary
benign-3138,permit,permit,deterministic_derivation_from_manuscript_summary
benign-3139,permit,permit,deterministic_derivation_from_manuscript_summary
benign-3140,permit,deny,deterministic_derivation_from_manuscript_summary
benign-3141,permit,permit,deterministic_derivation_from_manuscript_summary
benign-3142,permit,permit,deterministic_derivation_from_manuscript_summary
benign-3143,permit,permit,deterministic_derivation_from_manuscript_summary
benign-3144,permit,permit,deterministic_derivation_from_manuscript_summary
benign-3145,permit,permit,deterministic_derivation_from_manuscript_summary
benign-3146,permit,permit,deterministic_derivation_from_manuscript_summary
benign-3147,permit,permit,deterministic_derivation_from_manuscript_summary
benign-3148,permit,permit,deterministic_derivation_from_manuscript_summary
benign-3149,permit,permit,deterministic_derivation_from_manuscript_summary
benign-3150,permit,permit,deterministic_derivation_from_manuscript_summary
benign-3151,permit,permit,deterministic_derivation_from_manuscript_summary
benign-3152,permit,permit,deterministic_derivation_from_manuscript_summary
benign-3153,permit,deny,deterministic_derivation_from_manuscript_summary
benign-3154,permit,permit,deterministic_derivation_from_manuscript_summary
benign-3155,permit,permit,deterministic_derivation_from_manuscript_summary
benign-3156,permit,permit,deterministic_derivation_from_manuscript_summary
benign-3157,permit,permit,deterministic_derivation_from_manuscript_summary
benign-3158,permit,permit,deterministic_derivation_from_manuscript_summary
benign-3159,permit,permit,deterministic_derivation_from_manuscript_summary
benign-3160,permit,permit,deterministic_derivation_from_manuscript_summary
benign-3161,permit,permit,deterministic_derivation_from_manuscript_summary
benign-3162,permit,permit,deterministic_derivation_from_manuscript_summary
benign-3163,permit,permit,deterministic_derivation_from_manuscript_summary
benign-3164,permit,permit,deterministic_derivation_from_manuscript_summary
benign-3165,permit,permit,deterministic_derivation_from_manuscript_summary
benign-3166,permit,permit,deterministic_derivation_from_manuscript_summary
benign-3167,permit,permit,deterministic_derivation_from_manuscript_summary
benign-3168,permit,permit,deterministic_derivation_from_manuscript_summary
benign-3169,permit,permit,deterministic_derivation_from_manuscript_summary
benign-3170,permit,permit,deterministic_derivation_from_manuscript_summary
benign-3171,permit,permit,deterministic_derivation_from_manuscript_summary
benign-3172,permit,permit,deterministic_derivation_from_manuscript_summary
benign-3173,permit,permit,deterministic_derivation_from_manuscript_summary
benign-3174,permit,permit,deterministic_derivation_from_manuscript_summary
benign-3175,permit,permit,deterministic_derivation_from_manuscript_summary
benign-3176,permit,permit,deterministic_derivation_from_manuscript_summary
benign-3177,permit,permit,deterministic_derivation_from_manuscript_summary
benign-3178,permit,permit,deterministic_derivation_from_manuscript_summary
benign-3179,permit,permit,deterministic_derivation_from_manuscript_summary
benign-3180,permit,permit,deterministic_derivation_from_manuscript_summary
benign-3181,permit,permit,deterministic_derivation_from_manuscript_summary
benign-3182,permit,permit,deterministic_derivation_from_manuscript_summary
benign-3183,permit,permit,deterministic_derivation_from_manuscript_summary
benign-3184,permit,permit,deterministic_derivation_from_manuscript_summary
benign-3185,permit,permit,deterministic_derivation_from_manuscript_summary
benign-3186,permit,permit,deterministic_derivation_from_manuscript_summary
benign-3187,permit,permit,deterministic_derivation_from_manuscript_summary
benign-3188,permit,permit,deterministic_derivation_from_manuscript_summary
benign-3189,permit,permit,deterministic_derivation_from_manuscript_summary
benign-3190,permit,permit,deterministic_derivation_from_manuscript_summary
benign-3191,permit,permit,deterministic_derivation_from_manuscript_summary
benign-3192,permit,permit,deterministic_derivation_from_manuscript_summary
benign-3193,permit,permit,deterministic_derivation_from_manuscript_summary
benign-3194,permit,permit,deterministic_derivation_from_manuscript_summary
benign-3195,permit,permit,deterministic_derivation_from_manuscript_summary
benign-3196,permit,permit,deterministic_derivation_from_manuscript_summary
benign-3197,permit,permit,deterministic_derivation_from_manuscript_summary
benign-3198,permit,permit,deterministic_derivation_from_manuscript_summary
benign-3199,permit,permit,deterministic_derivation_from_manuscript_summary
benign-3200,permit,permit,deterministic_derivation_from_manuscript_summary
benign-3201,permit,permit,deterministic_derivation_from_manuscript_summary
benign-3202,permit,permit,deterministic_derivation_from_manuscript_summary
benign-3203,permit,permit,deterministic_derivation_from_manuscript_summary
benign-3204,permit,permit,deterministic_derivation_from_manuscript_summary
benign-3205,deny,permit,deterministic_derivation_from_manuscript_summary
benign-3206,permit,permit,deterministic_derivation_from_manuscript_summary
benign-3207,permit,permit,deterministic_derivation_from_manuscript_summary
benign-3208,permit,permit,deterministic_derivation_from_manuscript_summary
benign-3209,permit,permit,deterministic_derivation_from_manuscript_summary
benign-3210,permit,permit,deterministic_derivation_from_manuscript_summary
benign-3211,permit,permit,deterministic_derivation_from_manuscript_summary
benign-3212,permit,permit,deterministic_derivation_from_manuscript_summary
benign-3213,permit,permit,deterministic_derivation_from_manuscript_summary
benign-3214,deny,permit,deterministic_derivation_from_manuscript_summary
benign-3215,permit,permit,deterministic_derivation_from_manuscript_summary
benign-3216,permit,permit,deterministic_derivation_from_manuscript_summary
benign-3217,permit,permit,deterministic_derivation_from_manuscript_summary
benign-3218,permit,permit,deterministic_derivation_from_manuscript_summary
benign-3219,permit,permit,deterministic_derivation_from_manuscript_summary
benign-3220,permit,permit,deterministic_derivation_from_manuscript_summary
benign-3221,permit,permit,deterministic_derivation_from_manuscript_summary
benign-3222,permit,permit,deterministic_derivation_from_manuscript_summary
benign-3223,permit,permit,deterministic_derivation_from_manuscript_summary
benign-3224,permit,permit,deterministic_derivation_from_manuscript_summary
benign-3225,deny,permit,deterministic_derivation_from_manuscript_summary
benign-3226,permit,permit,deterministic_derivation_from_manuscript_summary
benign-3227,permit,permit,deterministic_derivation_from_manuscript_summary
benign-3228,permit,permit,deterministic_derivation_from_manuscript_summary
benign-3229,permit,permit,deterministic_derivation_from_manuscript_summary
benign-3230,permit,permit,deterministic_derivation_from_manuscript_summary
benign-3231,permit,permit,deterministic_derivation_from_manuscript_summary
benign-3232,permit,permit,deterministic_derivation_from_manuscript_summary
benign-3233,permit,permit,deterministic_derivation_from_manuscript_summary
benign-3234,permit,permit,deterministic_derivation_from_manuscript_summary
benign-3235,permit,permit,deterministic_derivation_from_manuscript_summary
benign-3236,permit,permit,deterministic_derivation_from_manuscript_summary
benign-3237,permit,permit,deterministic_derivation_from_manuscript_summary
benign-3238,permit,permit,deterministic_derivation_from_manuscript_summary
benign-3239,permit,permit,deterministic_derivation_from_manuscript_summary
benign-3240,permit,permit,deterministic_derivation_from_manuscript_summary
benign-3241,permit,permit,deterministic_derivation_from_manuscript_summary
benign-3242,permit,permit,deterministic_derivation_from_manuscript_summary
benign-3243,permit,permit,deterministic_derivation_from_manuscript_summary
benign-3244,permit,permit,deterministic_derivation_from_manuscript_summary
benign-3245,permit,permit,deterministic_derivation_from_manuscript_summary
benign-3246,permit,permit,deterministic_derivation_from_manuscript_summary
benign-3247,permit,permit,deterministic_derivation_from_manuscript_summary
benign-3248,permit,permit,deterministic_derivation_from_manuscript_summary
benign-3249,permit,permit,deterministic_derivation_from_manuscript_summary
benign-3250,permit,permit,deterministic_derivation_from_manuscript_summary
benign-3251,permit,permit,deterministic_derivation_from_manuscript_summary
benign-3252,permit,permit,deterministic_derivation_from_manuscript_summary
benign-3253,permit,permit,deterministic_derivation_from_manuscript_summary
benign-3254,permit,permit,deterministic_derivation_from_manuscript_summary
benign-3255,permit,permit,deterministic_derivation_from_manuscript_summary
benign-3256,permit,permit,deterministic_derivation_from_manuscript_summary
benign-3257,permit,permit,deterministic_derivation_from_manuscript_summary
benign-3258,permit,permit,deterministic_derivation_from_manuscript_summary
benign-3259,permit,permit,deterministic_derivation_from_manuscript_summary
benign-3260,permit,permit,deterministic_derivation_from_manuscript_summary
benign-3261,permit,permit,deterministic_derivation_from_manuscript_summary
benign-3262,permit,permit,deterministic_derivation_from_manuscript_summary
benign-3263,permit,permit,deterministic_derivation_from_manuscript_summary
benign-3264,permit,permit,deterministic_derivation_from_manuscript_summary
benign-3265,permit,permit,deterministic_derivation_from_manuscript_summary
benign-3266,deny,permit,deterministic_derivation_from_manuscript_summary
benign-3267,permit,deny,deterministic_derivation_from_manuscript_summary
benign-3268,permit,permit,deterministic_derivation_from_manuscript_summary
benign-3269,deny,permit,deterministic_derivation_from_manuscript_summary
benign-3270,deny,permit,deterministic_derivation_from_manuscript_summary
benign-3271,permit,permit,deterministic_derivation_from_manuscript_summary
benign-3272,permit,permit,deterministic_derivation_from_manuscript_summary
benign-3273,permit,permit,deterministic_derivation_from_manuscript_summary
benign-3274,permit,permit,deterministic_derivation_from_manuscript_summary
benign-3275,permit,permit,deterministic_derivation_from_manuscript_summary
benign-3276,permit,permit,deterministic_derivation_from_manuscript_summary
benign-3277,permit,permit,deterministic_derivation_from_manuscript_summary
benign-3278,permit,permit,deterministic_derivation_from_manuscript_summary
benign-3279,permit,permit,deterministic_derivation_from_manuscript_summary
benign-3280,permit,deny,deterministic_derivation_from_manuscript_summary
benign-3281,permit,permit,deterministic_derivation_from_manuscript_summary
benign-3282,deny,permit,deterministic_derivation_from_manuscript_summary
benign-3283,permit,permit,deterministic_derivation_from_manuscript_summary
benign-3284,permit,permit,deterministic_derivation_from_manuscript_summary
benign-3285,permit,permit,deterministic_derivation_from_manuscript_summary
benign-3286,permit,permit,deterministic_derivation_from_manuscript_summary
benign-3287,permit,permit,deterministic_derivation_from_manuscript_summary
benign-3288,permit,permit,deterministic_derivation_from_manuscript_summary
benign-3289,permit,deny,deterministic_derivation_from_manuscript_summary
benign-3290,permit,permit,deterministic_derivation_from_manuscript_summary
benign-3291,permit,permit,deterministic_derivation_from_manuscript_summary
benign-3292,permit,permit,deterministic_derivation_from_manuscript_summary
benign-3293,permit,permit,deterministic_derivation_from_manuscript_summary
benign-3294,permit,permit,deterministic_derivation_from_manuscript_summary
benign-3295,permit,permit,deterministic_derivation_from_manuscript_summary
benign-3296,deny,permit,deterministic_derivation_from_manuscript_summary
benign-3297,permit,permit,deterministic_derivation_from_manuscript_summary
benign-3298,permit,permit,deterministic_derivation_from_manuscript_summary
benign-3299,permit,permit,deterministic_derivation_from_manuscript_summary
benign-3300,permit,permit,deterministic_derivation_from_manuscript_summary
benign-3301,permit,permit,deterministic_derivation_from_manuscript_summary
benign-3302,permit,permit,deterministic_derivation_from_manuscript_summary
benign-3303,permit,permit,deterministic_derivation_from_manuscript_summary
benign-3304,permit,permit,deterministic_derivation_from_manuscript_summary
benign-3305,permit,permit,deterministic_derivation_from_manuscript_summary
benign-3306,permit,permit,deterministic_derivation_from_manuscript_summary
benign-3307,permit,permit,deterministic_derivation_from_manuscript_summary
benign-3308,deny,permit,deterministic_derivation_from_manuscript_summary
benign-3309,permit,permit,deterministic_derivation_from_manuscript_summary
benign-3310,permit,permit,deterministic_derivation_from_manuscript_summary
benign-3311,permit,permit,deterministic_derivation_from_manuscript_summary
benign-3312,permit,permit,deterministic_derivation_from_manuscript_summary
benign-3313,permit,permit,deterministic_derivation_from_manuscript_summary
benign-3314,permit,permit,deterministic_derivation_from_manuscript_summary
benign-3315,permit,permit,deterministic_derivation_from_manuscript_summary
benign-3316,permit,permit,deterministic_derivation_from_manuscript_summary
benign-3317,permit,permit,deterministic_derivation_from_manuscript_summary
benign-3318,permit,permit,deterministic_derivation_from_manuscript_summary
benign-3319,permit,permit,deterministic_derivation_from_manuscript_summary
benign-3320,permit,permit,deterministic_derivation_from_manuscript_summary
benign-3321,permit,permit,deterministic_derivation_from_manuscript_summary
benign-3322,permit,permit,deterministic_derivation_from_manuscript_summary
benign-3323,permit,permit,deterministic_derivation_from_manuscript_summary
benign-3324,deny,permit,deterministic_derivation_from_manuscript_summary
benign-3325,permit,permit,deterministic_derivation_from_manuscript_summary
benign-3326,permit,permit,deterministic_derivation_from_manuscript_summary
benign-3327,permit,permit,deterministic_derivation_from_manuscript_summary
benign-3328,permit,permit,deterministic_derivation_from_manuscript_summary
benign-3329,permit,permit,deterministic_derivation_from_manuscript_summary
benign-3330,permit,permit,deterministic_derivation_from_manuscript_summary
benign-3331,permit,permit,deterministic_derivation_from_manuscript_summary
benign-3332,permit,permit,deterministic_derivation_from_manuscript_summary
benign-3333,permit,permit,deterministic_derivation_from_manuscript_summary
benign-3334,permit,permit,deterministic_derivation_from_manuscript_summary
benign-3335,permit,permit,deterministic_derivation_from_manuscript_summary
benign-3336,permit,permit,deterministic_derivation_from_manuscript_summary
benign-3337,permit,permit,deterministic_derivation_from_manuscript_summary
benign-3338,permit,permit,deterministic_derivation_from_manuscript_summary
benign-3339,permit,permit,deterministic_derivation_from_manuscript_summary
benign-3340,permit,permit,deterministic_derivation_from_manuscript_summary
benign-3341,permit,permit,deterministic_derivation_from_manuscript_summary
benign-3342,permit,permit,deterministic_derivation_from_manuscript_summary
benign-3343,permit,permit,deterministic_derivation_from_manuscript_summary
benign-3344,permit,permit,deterministic_derivation_from_manuscript_summary
benign-3345,permit,permit,deterministic_derivation_from_manuscript_summary
benign-3346,permit,permit,deterministic_derivation_from_manuscript_summary
benign-3347,permit,permit,deterministic_derivation_from_manuscript_summary
benign-3348,deny,permit,deterministic_derivation_from_manuscript_summary
benign-3349,permit,permit,deterministic_derivation_from_manuscript_summary
benign-3350,permit,permit,deterministic_derivation_from_manuscript_summary
benign-3351,permit,permit,deterministic_derivation_from_manuscript_summary
benign-3352,permit,permit,deterministic_derivation_from_manuscript_summary
benign-3353,permit,permit,deterministic_derivation_from_manuscript_summary
benign-3354,permit,deny,deterministic_derivation_from_manuscript_summary
benign-3355,permit,permit,deterministic_derivation_from_manuscript_summary
benign-3356,permit,permit,deterministic_derivation_from_manuscript_summary
benign-3357,permit,permit,deterministic_derivation_from_manuscript_summary
benign-3358,permit,permit,deterministic_derivation_from_manuscript_summary
benign-3359,permit,permit,deterministic_derivation_from_manuscript_summary
benign-3360,permit,permit,deterministic_derivation_from_manuscript_summary
benign-3361,permit,permit,deterministic_derivation_from_manuscript_summary
benign-3362,permit,permit,deterministic_derivation_from_manuscript_summary
benign-3363,permit,permit,deterministic_derivation_from_manuscript_summary
benign-3364,permit,permit,deterministic_derivation_from_manuscript_summary
benign-3365,permit,permit,deterministic_derivation_from_manuscript_summary
benign-3366,permit,permit,deterministic_derivation_from_manuscript_summary
benign-3367,permit,permit,deterministic_derivation_from_manuscript_summary
benign-3368,permit,permit,deterministic_derivation_from_manuscript_summary
benign-3369,permit,permit,deterministic_derivation_from_manuscript_summary
benign-3370,permit,permit,deterministic_derivation_from_manuscript_summary
benign-3371,permit,permit,deterministic_derivation_from_manuscript_summary
benign-3372,permit,permit,deterministic_derivation_from_manuscript_summary
benign-3373,permit,permit,deterministic_derivation_from_manuscript_summary
benign-3374,permit,permit,deterministic_derivation_from_manuscript_summary
benign-3375,permit,permit,deterministic_derivation_from_manuscript_summary
benign-3376,permit,permit,deterministic_derivation_from_manuscript_summary
benign-3377,permit,permit,deterministic_derivation_from_manuscript_summary
benign-3378,permit,permit,deterministic_derivation_from_manuscript_summary
benign-3379,permit,permit,deterministic_derivation_from_manuscript_summary
benign-3380,permit,permit,deterministic_derivation_from_manuscript_summary
benign-3381,permit,permit,deterministic_derivation_from_manuscript_summary
benign-3382,permit,permit,deterministic_derivation_from_manuscript_summary
benign-3383,permit,permit,deterministic_derivation_from_manuscript_summary
benign-3384,permit,permit,deterministic_derivation_from_manuscript_summary
benign-3385,permit,permit,deterministic_derivation_from_manuscript_summary
benign-3386,deny,permit,deterministic_derivation_from_manuscript_summary
benign-3387,permit,permit,deterministic_derivation_from_manuscript_summary
benign-3388,permit,permit,deterministic_derivation_from_manuscript_summary
benign-3389,permit,permit,deterministic_derivation_from_manuscript_summary
benign-3390,permit,permit,deterministic_derivation_from_manuscript_summary
benign-3391,permit,permit,deterministic_derivation_from_manuscript_summary
benign-3392,permit,permit,deterministic_derivation_from_manuscript_summary
benign-3393,permit,permit,deterministic_derivation_from_manuscript_summary
benign-3394,permit,permit,deterministic_derivation_from_manuscript_summary
benign-3395,permit,permit,deterministic_derivation_from_manuscript_summary
benign-3396,permit,permit,deterministic_derivation_from_manuscript_summary
benign-3397,permit,permit,deterministic_derivation_from_manuscript_summary
benign-3398,permit,permit,deterministic_derivation_from_manuscript_summary
benign-3399,permit,permit,deterministic_derivation_from_manuscript_summary
benign-3400,permit,permit,deterministic_derivation_from_manuscript_summary
benign-3401,deny,permit,deterministic_derivation_from_manuscript_summary
benign-3402,permit,permit,deterministic_derivation_from_manuscript_summary
benign-3403,permit,permit,deterministic_derivation_from_manuscript_summary
benign-3404,permit,permit,deterministic_derivation_from_manuscript_summary
benign-3405,permit,permit,deterministic_derivation_from_manuscript_summary
benign-3406,permit,permit,deterministic_derivation_from_manuscript_summary
benign-3407,permit,deny,deterministic_derivation_from_manuscript_summary
benign-3408,permit,permit,deterministic_derivation_from_manuscript_summary
benign-3409,permit,permit,deterministic_derivation_from_manuscript_summary
benign-3410,permit,permit,deterministic_derivation_from_manuscript_summary
benign-3411,deny,permit,deterministic_derivation_from_manuscript_summary
benign-3412,permit,permit,deterministic_derivation_from_manuscript_summary
benign-3413,permit,permit,deterministic_derivation_from_manuscript_summary
benign-3414,permit,permit,deterministic_derivation_from_manuscript_summary
benign-3415,permit,permit,deterministic_derivation_from_manuscript_summary
benign-3416,permit,permit,deterministic_derivation_from_manuscript_summary
benign-3417,permit,permit,deterministic_derivation_from_manuscript_summary
benign-3418,permit,permit,deterministic_derivation_from_manuscript_summary
benign-3419,permit,permit,deterministic_derivation_from_manuscript_summary
benign-3420,permit,permit,deterministic_derivation_from_manuscript_summary
benign-3421,permit,permit,deterministic_derivation_from_manuscript_summary
benign-3422,permit,permit,deterministic_derivation_from_manuscript_summary
benign-3423,permit,permit,deterministic_derivation_from_manuscript_summary
benign-3424,permit,permit,deterministic_derivation_from_manuscript_summary
benign-3425,permit,permit,deterministic_derivation_from_manuscript_summary
benign-3426,permit,permit,deterministic_derivation_from_manuscript_summary
benign-3427,permit,permit,deterministic_derivation_from_manuscript_summary
benign-3428,permit,deny,deterministic_derivation_from_manuscript_summary
benign-3429,deny,permit,deterministic_derivation_from_manuscript_summary
benign-3430,permit,permit,deterministic_derivation_from_manuscript_summary
benign-3431,permit,permit,deterministic_derivation_from_manuscript_summary
benign-3432,permit,permit,deterministic_derivation_from_manuscript_summary
benign-3433,permit,permit,deterministic_derivation_from_manuscript_summary
benign-3434,permit,permit,deterministic_derivation_from_manuscript_summary
benign-3435,permit,permit,deterministic_derivation_from_manuscript_summary
benign-3436,permit,permit,deterministic_derivation_from_manuscript_summary
benign-3437,permit,permit,deterministic_derivation_from_manuscript_summary
benign-3438,permit,permit,deterministic_derivation_from_manuscript_summary
benign-3439,permit,permit,deterministic_derivation_from_manuscript_summary
benign-3440,permit,permit,deterministic_derivation_from_manuscript_summary
benign-3441,permit,permit,deterministic_derivation_from_manuscript_summary
benign-3442,permit,permit,deterministic_derivation_from_manuscript_summary
benign-3443,permit,permit,deterministic_derivation_from_manuscript_summary
benign-3444,permit,permit,deterministic_derivation_from_manuscript_summary
benign-3445,permit,permit,deterministic_derivation_from_manuscript_summary
benign-3446,permit,permit,deterministic_derivation_from_manuscript_summary
benign-3447,permit,permit,deterministic_derivation_from_manuscript_summary
benign-3448,permit,permit,deterministic_derivation_from_manuscript_summary
benign-3449,permit,permit,deterministic_derivation_from_manuscript_summary
benign-3450,permit,permit,deterministic_derivation_from_manuscript_summary
benign-3451,permit,permit,deterministic_derivation_from_manuscript_summary
benign-3452,permit,permit,deterministic_derivation_from_manuscript_summary
benign-3453,permit,permit,deterministic_derivation_from_manuscript_summary
benign-3454,permit,permit,deterministic_derivation_from_manuscript_summary
benign-3455,deny,permit,deterministic_derivation_from_manuscript_summary
benign-3456,permit,permit,deterministic_derivation_from_manuscript_summary
benign-3457,permit,permit,deterministic_derivation_from_manuscript_summary
benign-3458,permit,permit,deterministic_derivation_from_manuscript_summary
benign-3459,permit,permit,deterministic_derivation_from_manuscript_summary
benign-3460,permit,permit,deterministic_derivation_from_manuscript_summary
benign-3461,permit,permit,deterministic_derivation_from_manuscript_summary
benign-3462,permit,permit,deterministic_derivation_from_manuscript_summary
benign-3463,permit,permit,deterministic_derivation_from_manuscript_summary
benign-3464,permit,permit,deterministic_derivation_from_manuscript_summary
benign-3465,permit,permit,deterministic_derivation_from_manuscript_summary
benign-3466,permit,permit,deterministic_derivation_from_manuscript_summary
benign-3467,permit,permit,deterministic_derivation_from_manuscript_summary
benign-3468,permit,permit,deterministic_derivation_from_manuscript_summary
benign-3469,permit,permit,deterministic_derivation_from_manuscript_summary
benign-3470,permit,permit,deterministic_derivation_from_manuscript_summary
benign-3471,permit,permit,deterministic_derivation_from_manuscript_summary
benign-3472,permit,permit,deterministic_derivation_from_manuscript_summary
benign-3473,permit,permit,deterministic_derivation_from_manuscript_summary
benign-3474,permit,permit,deterministic_derivation_from_manuscript_summary
benign-3475,permit,permit,deterministic_derivation_from_manuscript_summary
benign-3476,permit,permit,deterministic_derivation_from_manuscript_summary
benign-3477,permit,permit,deterministic_derivation_from_manuscript_summary
benign-3478,permit,permit,deterministic_derivation_from_manuscript_summary
benign-3479,permit,permit,deterministic_derivation_from_manuscript_summary
benign-3480,permit,permit,deterministic_derivation_from_manuscript_summary
benign-3481,permit,permit,deterministic_derivation_from_manuscript_summary
benign-3482,permit,permit,deterministic_derivation_from_manuscript_summary
benign-3483,permit,permit,deterministic_derivation_from_manuscript_summary
benign-3484,permit,permit,deterministic_derivation_from_manuscript_summary
benign-3485,permit,permit,deterministic_derivation_from_manuscript_summary
benign-3486,permit,permit,deterministic_derivation_from_manuscript_summary
benign-3487,permit,permit,deterministic_derivation_from_manuscript_summary
benign-3488,permit,permit,deterministic_derivation_from_manuscript_summary
benign-3489,permit,permit,deterministic_derivation_from_manuscript_summary
benign-3490,permit,permit,deterministic_derivation_from_manuscript_summary
benign-3491,permit,permit,deterministic_derivation_from_manuscript_summary
benign-3492,permit,permit,deterministic_derivation_from_manuscript_summary
benign-3493,permit,permit,deterministic_derivation_from_manuscript_summary
benign-3494,permit,permit,deterministic_derivation_from_manuscript_summary
benign-3495,permit,permit,deterministic_derivation_from_manuscript_summary
benign-3496,permit,permit,deterministic_derivation_from_manuscript_summary
benign-3497,permit,permit,deterministic_derivation_from_manuscript_summary
benign-3498,permit,permit,deterministic_derivation_from_manuscript_summary
benign-3499,permit,permit,deterministic_derivation_from_manuscript_summary
benign-3500,permit,permit,deterministic_derivation_from_manuscript_summary
benign-3501,permit,permit,deterministic_derivation_from_manuscript_summary
benign-3502,deny,permit,deterministic_derivation_from_manuscript_summary
benign-3503,permit,permit,deterministic_derivation_from_manuscript_summary
benign-3504,permit,permit,deterministic_derivation_from_manuscript_summary
benign-3505,permit,permit,deterministic_derivation_from_manuscript_summary
benign-3506,permit,permit,deterministic_derivation_from_manuscript_summary
benign-3507,permit,permit,deterministic_derivation_from_manuscript_summary
benign-3508,deny,permit,deterministic_derivation_from_manuscript_summary
benign-3509,permit,permit,deterministic_derivation_from_manuscript_summary
benign-3510,permit,permit,deterministic_derivation_from_manuscript_summary
benign-3511,permit,permit,deterministic_derivation_from_manuscript_summary
benign-3512,permit,permit,deterministic_derivation_from_manuscript_summary
benign-3513,permit,permit,deterministic_derivation_from_manuscript_summary
benign-3514,permit,permit,deterministic_derivation_from_manuscript_summary
benign-3515,permit,permit,deterministic_derivation_from_manuscript_summary
benign-3516,permit,permit,deterministic_derivation_from_manuscript_summary
benign-3517,permit,permit,deterministic_derivation_from_manuscript_summary
benign-3518,permit,permit,deterministic_derivation_from_manuscript_summary
benign-3519,permit,permit,deterministic_derivation_from_manuscript_summary
benign-3520,permit,permit,deterministic_derivation_from_manuscript_summary
benign-3521,deny,permit,deterministic_derivation_from_manuscript_summary
benign-3522,permit,permit,deterministic_derivation_from_manuscript_summary
benign-3523,permit,permit,deterministic_derivation_from_manuscript_summary
benign-3524,permit,permit,deterministic_derivation_from_manuscript_summary
benign-3525,permit,permit,deterministic_derivation_from_manuscript_summary
benign-3526,permit,permit,deterministic_derivation_from_manuscript_summary
benign-3527,permit,permit,deterministic_derivation_from_manuscript_summary
benign-3528,permit,permit,deterministic_derivation_from_manuscript_summary
benign-3529,permit,permit,deterministic_derivation_from_manuscript_summary
benign-3530,permit,permit,deterministic_derivation_from_manuscript_summary
benign-3531,permit,permit,deterministic_derivation_from_manuscript_summary
benign-3532,permit,permit,deterministic_derivation_from_manuscript_summary
benign-3533,permit,permit,deterministic_derivation_from_manuscript_summary
benign-3534,permit,permit,deterministic_derivation_from_manuscript_summary
benign-3535,permit,permit,deterministic_derivation_from_manuscript_summary
benign-3536,permit,permit,deterministic_derivation_from_manuscript_summary
benign-3537,permit,permit,deterministic_derivation_from_manuscript_summary
benign-3538,permit,permit,deterministic_derivation_from_manuscript_summary
benign-3539,permit,permit,deterministic_derivation_from_manuscript_summary
benign-3540,permit,permit,deterministic_derivation_from_manuscript_summary
benign-3541,permit,permit,deterministic_derivation_from_manuscript_summary
benign-3542,permit,permit,deterministic_derivation_from_manuscript_summary
benign-3543,permit,permit,deterministic_derivation_from_manuscript_summary
benign-3544,permit,deny,deterministic_derivation_from_manuscript_summary
benign-3545,permit,permit,deterministic_derivation_from_manuscript_summary
benign-3546,permit,permit,deterministic_derivation_from_manuscript_summary
benign-3547,permit,permit,deterministic_derivation_from_manuscript_summary
benign-3548,permit,permit,deterministic_derivation_from_manuscript_summary
benign-3549,permit,permit,deterministic_derivation_from_manuscript_summary
benign-3550,permit,permit,deterministic_derivation_from_manuscript_summary
benign-3551,permit,permit,deterministic_derivation_from_manuscript_summary
benign-3552,permit,permit,deterministic_derivation_from_manuscript_summary
benign-3553,permit,permit,deterministic_derivation_from_manuscript_summary
benign-3554,permit,permit,deterministic_derivation_from_manuscript_summary
benign-3555,permit,permit,deterministic_derivation_from_manuscript_summary
benign-3556,permit,permit,deterministic_derivation_from_manuscript_summary
benign-3557,permit,permit,deterministic_derivation_from_manuscript_summary
benign-3558,permit,permit,deterministic_derivation_from_manuscript_summary
benign-3559,permit,permit,deterministic_derivation_from_manuscript_summary
benign-3560,permit,permit,deterministic_derivation_from_manuscript_summary
benign-3561,permit,permit,deterministic_derivation_from_manuscript_summary
benign-3562,permit,permit,deterministic_derivation_from_manuscript_summary
benign-3563,deny,permit,deterministic_derivation_from_manuscript_summary
benign-3564,permit,permit,deterministic_derivation_from_manuscript_summary
benign-3565,permit,permit,deterministic_derivation_from_manuscript_summary
benign-3566,permit,permit,deterministic_derivation_from_manuscript_summary
benign-3567,deny,permit,deterministic_derivation_from_manuscript_summary
benign-3568,permit,permit,deterministic_derivation_from_manuscript_summary
benign-3569,permit,permit,deterministic_derivation_from_manuscript_summary
benign-3570,permit,permit,deterministic_derivation_from_manuscript_summary
benign-3571,permit,permit,deterministic_derivation_from_manuscript_summary
benign-3572,deny,permit,deterministic_derivation_from_manuscript_summary
benign-3573,permit,permit,deterministic_derivation_from_manuscript_summary
benign-3574,permit,permit,deterministic_derivation_from_manuscript_summary
benign-3575,permit,permit,deterministic_derivation_from_manuscript_summary
benign-3576,permit,permit,deterministic_derivation_from_manuscript_summary
benign-3577,permit,permit,deterministic_derivation_from_manuscript_summary
benign-3578,deny,permit,deterministic_derivation_from_manuscript_summary
benign-3579,permit,permit,deterministic_derivation_from_manuscript_summary
benign-3580,permit,permit,deterministic_derivation_from_manuscript_summary
benign-3581,permit,permit,deterministic_derivation_from_manuscript_summary
benign-3582,permit,permit,deterministic_derivation_from_manuscript_summary
benign-3583,permit,permit,deterministic_derivation_from_manuscript_summary
benign-3584,permit,permit,deterministic_derivation_from_manuscript_summary
benign-3585,deny,permit,deterministic_derivation_from_manuscript_summary
benign-3586,permit,permit,deterministic_derivation_from_manuscript_summary
benign-3587,permit,permit,deterministic_derivation_from_manuscript_summary
benign-3588,permit,permit,deterministic_derivation_from_manuscript_summary
benign-3589,permit,permit,deterministic_derivation_from_manuscript_summary
benign-3590,permit,permit,deterministic_derivation_from_manuscript_summary
benign-3591,permit,permit,deterministic_derivation_from_manuscript_summary
benign-3592,permit,permit,deterministic_derivation_from_manuscript_summary
benign-3593,permit,permit,deterministic_derivation_from_manuscript_summary
benign-3594,permit,permit,deterministic_derivation_from_manuscript_summary
benign-3595,permit,permit,deterministic_derivation_from_manuscript_summary
benign-3596,permit,permit,deterministic_derivation_from_manuscript_summary
benign-3597,permit,permit,deterministic_derivation_from_manuscript_summary
benign-3598,deny,permit,deterministic_derivation_from_manuscript_summary
benign-3599,permit,permit,deterministic_derivation_from_manuscript_summary
benign-3600,permit,permit,deterministic_derivation_from_manuscript_summary
benign-3601,deny,permit,deterministic_derivation_from_manuscript_summary
benign-3602,permit,permit,deterministic_derivation_from_manuscript_summary
benign-3603,permit,permit,deterministic_derivation_from_manuscript_summary
benign-3604,permit,permit,deterministic_derivation_from_manuscript_summary
benign-3605,permit,permit,deterministic_derivation_from_manuscript_summary
benign-3606,permit,permit,deterministic_derivation_from_manuscript_summary
benign-3607,permit,deny,deterministic_derivation_from_manuscript_summary
benign-3608,permit,permit,deterministic_derivation_from_manuscript_summary
benign-3609,permit,permit,deterministic_derivation_from_manuscript_summary
benign-3610,permit,permit,deterministic_derivation_from_manuscript_summary
benign-3611,permit,permit,deterministic_derivation_from_manuscript_summary
benign-3612,permit,permit,deterministic_derivation_from_manuscript_summary
benign-3613,permit,permit,deterministic_derivation_from_manuscript_summary
benign-3614,permit,permit,deterministic_derivation_from_manuscript_summary
benign-3615,permit,permit,deterministic_derivation_from_manuscript_summary
benign-3616,permit,permit,deterministic_derivation_from_manuscript_summary
benign-3617,permit,permit,deterministic_derivation_from_manuscript_summary
benign-3618,deny,permit,deterministic_derivation_from_manuscript_summary
benign-3619,permit,permit,deterministic_derivation_from_manuscript_summary
benign-3620,permit,permit,deterministic_derivation_from_manuscript_summary
benign-3621,permit,permit,deterministic_derivation_from_manuscript_summary
benign-3622,permit,permit,deterministic_derivation_from_manuscript_summary
benign-3623,permit,permit,deterministic_derivation_from_manuscript_summary
benign-3624,permit,permit,deterministic_derivation_from_manuscript_summary
benign-3625,deny,permit,deterministic_derivation_from_manuscript_summary
benign-3626,permit,permit,deterministic_derivation_from_manuscript_summary
benign-3627,permit,permit,deterministic_derivation_from_manuscript_summary
benign-3628,permit,permit,deterministic_derivation_from_manuscript_summary
benign-3629,permit,permit,deterministic_derivation_from_manuscript_summary
benign-3630,permit,permit,deterministic_derivation_from_manuscript_summary
benign-3631,permit,permit,deterministic_derivation_from_manuscript_summary
benign-3632,permit,permit,deterministic_derivation_from_manuscript_summary
benign-3633,permit,permit,deterministic_derivation_from_manuscript_summary
benign-3634,deny,permit,deterministic_derivation_from_manuscript_summary
benign-3635,permit,permit,deterministic_derivation_from_manuscript_summary
benign-3636,permit,permit,deterministic_derivation_from_manuscript_summary
benign-3637,permit,permit,deterministic_derivation_from_manuscript_summary
benign-3638,permit,permit,deterministic_derivation_from_manuscript_summary
benign-3639,permit,permit,deterministic_derivation_from_manuscript_summary
benign-3640,permit,permit,deterministic_derivation_from_manuscript_summary
benign-3641,permit,permit,deterministic_derivation_from_manuscript_summary
benign-3642,permit,permit,deterministic_derivation_from_manuscript_summary
benign-3643,deny,permit,deterministic_derivation_from_manuscript_summary
benign-3644,permit,deny,deterministic_derivation_from_manuscript_summary
benign-3645,permit,permit,deterministic_derivation_from_manuscript_summary
benign-3646,permit,permit,deterministic_derivation_from_manuscript_summary
benign-3647,permit,permit,deterministic_derivation_from_manuscript_summary
benign-3648,deny,permit,deterministic_derivation_from_manuscript_summary
benign-3649,permit,permit,deterministic_derivation_from_manuscript_summary
benign-3650,deny,permit,deterministic_derivation_from_manuscript_summary
benign-3651,permit,permit,deterministic_derivation_from_manuscript_summary
benign-3652,permit,permit,deterministic_derivation_from_manuscript_summary
benign-3653,permit,permit,deterministic_derivation_from_manuscript_summary
benign-3654,permit,permit,deterministic_derivation_from_manuscript_summary
benign-3655,permit,permit,deterministic_derivation_from_manuscript_summary
benign-3656,permit,permit,deterministic_derivation_from_manuscript_summary
benign-3657,permit,deny,deterministic_derivation_from_manuscript_summary
benign-3658,permit,permit,deterministic_derivation_from_manuscript_summary
benign-3659,permit,permit,deterministic_derivation_from_manuscript_summary
benign-3660,permit,permit,deterministic_derivation_from_manuscript_summary
benign-3661,permit,permit,deterministic_derivation_from_manuscript_summary
benign-3662,permit,permit,deterministic_derivation_from_manuscript_summary
benign-3663,permit,permit,deterministic_derivation_from_manuscript_summary
benign-3664,permit,permit,deterministic_derivation_from_manuscript_summary
benign-3665,permit,permit,deterministic_derivation_from_manuscript_summary
benign-3666,deny,permit,deterministic_derivation_from_manuscript_summary
benign-3667,permit,permit,deterministic_derivation_from_manuscript_summary
benign-3668,permit,permit,deterministic_derivation_from_manuscript_summary
benign-3669,permit,permit,deterministic_derivation_from_manuscript_summary
benign-3670,permit,permit,deterministic_derivation_from_manuscript_summary
benign-3671,permit,permit,deterministic_derivation_from_manuscript_summary
benign-3672,permit,permit,deterministic_derivation_from_manuscript_summary
benign-3673,permit,permit,deterministic_derivation_from_manuscript_summary
benign-3674,permit,permit,deterministic_derivation_from_manuscript_summary
benign-3675,permit,permit,deterministic_derivation_from_manuscript_summary
benign-3676,permit,permit,deterministic_derivation_from_manuscript_summary
benign-3677,permit,permit,deterministic_derivation_from_manuscript_summary
benign-3678,permit,permit,deterministic_derivation_from_manuscript_summary
benign-3679,permit,permit,deterministic_derivation_from_manuscript_summary
benign-3680,permit,permit,deterministic_derivation_from_manuscript_summary
benign-3681,permit,permit,deterministic_derivation_from_manuscript_summary
benign-3682,permit,permit,deterministic_derivation_from_manuscript_summary
benign-3683,permit,permit,deterministic_derivation_from_manuscript_summary
benign-3684,permit,permit,deterministic_derivation_from_manuscript_summary
benign-3685,permit,permit,deterministic_derivation_from_manuscript_summary
benign-3686,permit,permit,deterministic_derivation_from_manuscript_summary
benign-3687,permit,permit,deterministic_derivation_from_manuscript_summary
benign-3688,permit,permit,deterministic_derivation_from_manuscript_summary
benign-3689,permit,permit,deterministic_derivation_from_manuscript_summary
benign-3690,permit,permit,deterministic_derivation_from_manuscript_summary
benign-3691,permit,permit,deterministic_derivation_from_manuscript_summary
benign-3692,permit,deny,deterministic_derivation_from_manuscript_summary
benign-3693,permit,permit,deterministic_derivation_from_manuscript_summary
benign-3694,deny,permit,deterministic_derivation_from_manuscript_summary
benign-3695,permit,permit,deterministic_derivation_from_manuscript_summary
benign-3696,permit,permit,deterministic_derivation_from_manuscript_summary
benign-3697,permit,permit,deterministic_derivation_from_manuscript_summary
benign-3698,permit,permit,deterministic_derivation_from_manuscript_summary
benign-3699,deny,permit,deterministic_derivation_from_manuscript_summary
benign-3700,permit,permit,deterministic_derivation_from_manuscript_summary
benign-3701,permit,permit,deterministic_derivation_from_manuscript_summary
benign-3702,permit,permit,deterministic_derivation_from_manuscript_summary
benign-3703,permit,permit,deterministic_derivation_from_manuscript_summary
benign-3704,permit,permit,deterministic_derivation_from_manuscript_summary
benign-3705,permit,permit,deterministic_derivation_from_manuscript_summary
benign-3706,permit,permit,deterministic_derivation_from_manuscript_summary
benign-3707,permit,permit,deterministic_derivation_from_manuscript_summary
benign-3708,permit,permit,deterministic_derivation_from_manuscript_summary
benign-3709,permit,permit,deterministic_derivation_from_manuscript_summary
benign-3710,permit,permit,deterministic_derivation_from_manuscript_summary
benign-3711,permit,permit,deterministic_derivation_from_manuscript_summary
benign-3712,permit,permit,deterministic_derivation_from_manuscript_summary
benign-3713,permit,permit,deterministic_derivation_from_manuscript_summary
benign-3714,permit,permit,deterministic_derivation_from_manuscript_summary
benign-3715,permit,permit,deterministic_derivation_from_manuscript_summary
benign-3716,permit,permit,deterministic_derivation_from_manuscript_summary
benign-3717,permit,permit,deterministic_derivation_from_manuscript_summary
benign-3718,permit,permit,deterministic_derivation_from_manuscript_summary
benign-3719,permit,permit,deterministic_derivation_from_manuscript_summary
benign-3720,permit,permit,deterministic_derivation_from_manuscript_summary
benign-3721,permit,permit,deterministic_derivation_from_manuscript_summary
benign-3722,permit,permit,deterministic_derivation_from_manuscript_summary
benign-3723,permit,permit,deterministic_derivation_from_manuscript_summary
benign-3724,permit,permit,deterministic_derivation_from_manuscript_summary
benign-3725,permit,permit,deterministic_derivation_from_manuscript_summary
benign-3726,permit,permit,deterministic_derivation_from_manuscript_summary
benign-3727,permit,permit,deterministic_derivation_from_manuscript_summary
benign-3728,permit,permit,deterministic_derivation_from_manuscript_summary
benign-3729,permit,permit,deterministic_derivation_from_manuscript_summary
benign-3730,permit,permit,deterministic_derivation_from_manuscript_summary
benign-3731,permit,permit,deterministic_derivation_from_manuscript_summary
benign-3732,permit,permit,deterministic_derivation_from_manuscript_summary
benign-3733,permit,permit,deterministic_derivation_from_manuscript_summary
benign-3734,permit,permit,deterministic_derivation_from_manuscript_summary
benign-3735,permit,permit,deterministic_derivation_from_manuscript_summary
benign-3736,permit,permit,deterministic_derivation_from_manuscript_summary
benign-3737,permit,permit,deterministic_derivation_from_manuscript_summary
benign-3738,permit,permit,deterministic_derivation_from_manuscript_summary
benign-3739,permit,permit,deterministic_derivation_from_manuscript_summary
benign-3740,permit,deny,deterministic_derivation_from_manuscript_summary
benign-3741,permit,permit,deterministic_derivation_from_manuscript_summary
benign-3742,permit,permit,deterministic_derivation_from_manuscript_summary
benign-3743,permit,permit,deterministic_derivation_from_manuscript_summary
benign-3744,permit,permit,deterministic_derivation_from_manuscript_summary
benign-3745,deny,permit,deterministic_derivation_from_manuscript_summary
benign-3746,permit,permit,deterministic_derivation_from_manuscript_summary
benign-3747,permit,permit,deterministic_derivation_from_manuscript_summary
benign-3748,permit,permit,deterministic_derivation_from_manuscript_summary
benign-3749,permit,permit,deterministic_derivation_from_manuscript_summary
benign-3750,permit,permit,deterministic_derivation_from_manuscript_summary
benign-3751,permit,permit,deterministic_derivation_from_manuscript_summary
benign-3752,permit,permit,deterministic_derivation_from_manuscript_summary
benign-3753,permit,permit,deterministic_derivation_from_manuscript_summary
benign-3754,permit,permit,deterministic_derivation_from_manuscript_summary
benign-3755,permit,permit,deterministic_derivation_from_manuscript_summary
benign-3756,permit,permit,deterministic_derivation_from_manuscript_summary
benign-3757,deny,permit,deterministic_derivation_from_manuscript_summary
benign-3758,permit,permit,deterministic_derivation_from_manuscript_summary
benign-3759,deny,permit,deterministic_derivation_from_manuscript_summary
benign-3760,permit,permit,deterministic_derivation_from_manuscript_summary
benign-3761,permit,permit,deterministic_derivation_from_manuscript_summary
benign-3762,permit,permit,deterministic_derivation_from_manuscript_summary
benign-3763,permit,permit,deterministic_derivation_from_manuscript_summary
benign-3764,permit,permit,deterministic_derivation_from_manuscript_summary
benign-3765,permit,permit,deterministic_derivation_from_manuscript_summary
benign-3766,permit,permit,deterministic_derivation_from_manuscript_summary
benign-3767,permit,permit,deterministic_derivation_from_manuscript_summary
benign-3768,permit,permit,deterministic_derivation_from_manuscript_summary
benign-3769,permit,permit,deterministic_derivation_from_manuscript_summary
benign-3770,permit,permit,deterministic_derivation_from_manuscript_summary
benign-3771,permit,permit,deterministic_derivation_from_manuscript_summary
benign-3772,permit,permit,deterministic_derivation_from_manuscript_summary
benign-3773,permit,permit,deterministic_derivation_from_manuscript_summary
benign-3774,permit,permit,deterministic_derivation_from_manuscript_summary
benign-3775,permit,permit,deterministic_derivation_from_manuscript_summary
benign-3776,permit,permit,deterministic_derivation_from_manuscript_summary
benign-3777,permit,permit,deterministic_derivation_from_manuscript_summary
benign-3778,permit,permit,deterministic_derivation_from_manuscript_summary
benign-3779,permit,permit,deterministic_derivation_from_manuscript_summary
benign-3780,permit,permit,deterministic_derivation_from_manuscript_summary
benign-3781,permit,permit,deterministic_derivation_from_manuscript_summary
benign-3782,permit,permit,deterministic_derivation_from_manuscript_summary
benign-3783,permit,permit,deterministic_derivation_from_manuscript_summary
benign-3784,permit,permit,deterministic_derivation_from_manuscript_summary
benign-3785,permit,permit,deterministic_derivation_from_manuscript_summary
benign-3786,permit,permit,deterministic_derivation_from_manuscript_summary
benign-3787,permit,permit,deterministic_derivation_from_manuscript_summary
benign-3788,permit,permit,deterministic_derivation_from_manuscript_summary
benign-3789,permit,permit,deterministic_derivation_from_manuscript_summary
benign-3790,permit,permit,deterministic_derivation_from_manuscript_summary
benign-3791,permit,permit,deterministic_derivation_from_manuscript_summary
benign-3792,permit,permit,deterministic_derivation_from_manuscript_summary
benign-3793,permit,permit,deterministic_derivation_from_manuscript_summary
benign-3794,permit,permit,deterministic_derivation_from_manuscript_summary
benign-3795,permit,permit,deterministic_derivation_from_manuscript_summary
benign-3796,permit,permit,deterministic_derivation_from_manuscript_summary
benign-3797,permit,permit,deterministic_derivation_from_manuscript_summary
benign-3798,permit,permit,deterministic_derivation_from_manuscript_summary
benign-3799,permit,permit,deterministic_derivation_from_manuscript_summary
benign-3800,permit,permit,deterministic_derivation_from_manuscript_summary
benign-3801,permit,permit,deterministic_derivation_from_manuscript_summary
benign-3802,permit,permit,deterministic_derivation_from_manuscript_summary
benign-3803,permit,permit,deterministic_derivation_from_manuscript_summary
benign-3804,permit,permit,deterministic_derivation_from_manuscript_summary
benign-3805,permit,permit,deterministic_derivation_from_manuscript_summary
benign-3806,permit,permit,deterministic_derivation_from_manuscript_summary
benign-3807,permit,permit,deterministic_derivation_from_manuscript_summary
benign-3808,permit,permit,deterministic_derivation_from_manuscript_summary
benign-3809,permit,permit,deterministic_derivation_from_manuscript_summary
benign-3810,permit,permit,deterministic_derivation_from_manuscript_summary
benign-3811,permit,permit,deterministic_derivation_from_manuscript_summary
benign-3812,permit,permit,deterministic_derivation_from_manuscript_summary
benign-3813,permit,permit,deterministic_derivation_from_manuscript_summary
benign-3814,permit,permit,deterministic_derivation_from_manuscript_summary
benign-3815,permit,permit,deterministic_derivation_from_manuscript_summary
benign-3816,permit,permit,deterministic_derivation_from_manuscript_summary
benign-3817,permit,permit,deterministic_derivation_from_manuscript_summary
benign-3818,permit,permit,deterministic_derivation_from_manuscript_summary
benign-3819,permit,permit,deterministic_derivation_from_manuscript_summary
benign-3820,permit,permit,deterministic_derivation_from_manuscript_summary
benign-3821,permit,permit,deterministic_derivation_from_manuscript_summary
benign-3822,permit,permit,deterministic_derivation_from_manuscript_summary
benign-3823,permit,permit,deterministic_derivation_from_manuscript_summary
benign-3824,permit,permit,deterministic_derivation_from_manuscript_summary
benign-3825,permit,permit,deterministic_derivation_from_manuscript_summary
benign-3826,permit,permit,deterministic_derivation_from_manuscript_summary
benign-3827,permit,permit,deterministic_derivation_from_manuscript_summary
benign-3828,deny,permit,deterministic_derivation_from_manuscript_summary
benign-3829,permit,permit,deterministic_derivation_from_manuscript_summary
benign-3830,permit,permit,deterministic_derivation_from_manuscript_summary
benign-3831,permit,permit,deterministic_derivation_from_manuscript_summary
benign-3832,permit,permit,deterministic_derivation_from_manuscript_summary
benign-3833,deny,deny,deterministic_derivation_from_manuscript_summary
benign-3834,permit,permit,deterministic_derivation_from_manuscript_summary
benign-3835,permit,permit,deterministic_derivation_from_manuscript_summary
benign-3836,permit,permit,deterministic_derivation_from_manuscript_summary
benign-3837,permit,permit,deterministic_derivation_from_manuscript_summary
benign-3838,permit,permit,deterministic_derivation_from_manuscript_summary
benign-3839,permit,permit,deterministic_derivation_from_manuscript_summary
benign-3840,permit,permit,deterministic_derivation_from_manuscript_summary
benign-3841,permit,permit,deterministic_derivation_from_manuscript_summary
benign-3842,permit,permit,deterministic_derivation_from_manuscript_summary
benign-3843,permit,permit,deterministic_derivation_from_manuscript_summary
benign-3844,permit,permit,deterministic_derivation_from_manuscript_summary
benign-3845,permit,permit,deterministic_derivation_from_manuscript_summary
benign-3846,deny,permit,deterministic_derivation_from_manuscript_summary
benign-3847,permit,permit,deterministic_derivation_from_manuscript_summary
benign-3848,permit,permit,deterministic_derivation_from_manuscript_summary
benign-3849,permit,permit,deterministic_derivation_from_manuscript_summary
benign-3850,permit,permit,deterministic_derivation_from_manuscript_summary
benign-3851,permit,permit,deterministic_derivation_from_manuscript_summary
benign-3852,permit,permit,deterministic_derivation_from_manuscript_summary
benign-3853,permit,permit,deterministic_derivation_from_manuscript_summary
benign-3854,permit,permit,deterministic_derivation_from_manuscript_summary
benign-3855,permit,permit,deterministic_derivation_from_manuscript_summary
benign-3856,permit,permit,deterministic_derivation_from_manuscript_summary
benign-3857,deny,permit,deterministic_derivation_from_manuscript_summary
benign-3858,permit,permit,deterministic_derivation_from_manuscript_summary
benign-3859,permit,permit,deterministic_derivation_from_manuscript_summary
benign-3860,permit,permit,deterministic_derivation_from_manuscript_summary
benign-3861,permit,permit,deterministic_derivation_from_manuscript_summary
benign-3862,permit,permit,deterministic_derivation_from_manuscript_summary
benign-3863,permit,permit,deterministic_derivation_from_manuscript_summary
benign-3864,permit,permit,deterministic_derivation_from_manuscript_summary
benign-3865,permit,permit,deterministic_derivation_from_manuscript_summary
benign-3866,deny,permit,deterministic_derivation_from_manuscript_summary
benign-3867,deny,permit,deterministic_derivation_from_manuscript_summary
benign-3868,permit,permit,deterministic_derivation_from_manuscript_summary
benign-3869,permit,permit,deterministic_derivation_from_manuscript_summary
benign-3870,permit,permit,deterministic_derivation_from_manuscript_summary
benign-3871,permit,permit,deterministic_derivation_from_manuscript_summary
benign-3872,permit,permit,deterministic_derivation_from_manuscript_summary
benign-3873,permit,permit,deterministic_derivation_from_manuscript_summary
benign-3874,permit,permit,deterministic_derivation_from_manuscript_summary
benign-3875,permit,permit,deterministic_derivation_from_manuscript_summary
benign-3876,permit,permit,deterministic_derivation_from_manuscript_summary
benign-3877,permit,permit,deterministic_derivation_from_manuscript_summary
benign-3878,permit,permit,deterministic_derivation_from_manuscript_summary
benign-3879,permit,permit,deterministic_derivation_from_manuscript_summary
benign-3880,permit,permit,deterministic_derivation_from_manuscript_summary
benign-3881,permit,permit,deterministic_derivation_from_manuscript_summary
benign-3882,permit,permit,deterministic_derivation_from_manuscript_summary
benign-3883,permit,permit,deterministic_derivation_from_manuscript_summary
benign-3884,permit,permit,deterministic_derivation_from_manuscript_summary
benign-3885,permit,permit,deterministic_derivation_from_manuscript_summary
benign-3886,permit,permit,deterministic_derivation_from_manuscript_summary
benign-3887,permit,permit,deterministic_derivation_from_manuscript_summary
benign-3888,permit,permit,deterministic_derivation_from_manuscript_summary
benign-3889,permit,permit,deterministic_derivation_from_manuscript_summary
benign-3890,permit,permit,deterministic_derivation_from_manuscript_summary
benign-3891,deny,permit,deterministic_derivation_from_manuscript_summary
benign-3892,permit,permit,deterministic_derivation_from_manuscript_summary
benign-3893,permit,permit,deterministic_derivation_from_manuscript_summary
benign-3894,deny,permit,deterministic_derivation_from_manuscript_summary
benign-3895,permit,permit,deterministic_derivation_from_manuscript_summary
benign-3896,permit,permit,deterministic_derivation_from_manuscript_summary
benign-3897,permit,permit,deterministic_derivation_from_manuscript_summary
benign-3898,permit,permit,deterministic_derivation_from_manuscript_summary
benign-3899,permit,permit,deterministic_derivation_from_manuscript_summary
benign-3900,permit,permit,deterministic_derivation_from_manuscript_summary
benign-3901,permit,permit,deterministic_derivation_from_manuscript_summary
benign-3902,permit,permit,deterministic_derivation_from_manuscript_summary
benign-3903,permit,permit,deterministic_derivation_from_manuscript_summary
benign-3904,permit,permit,deterministic_derivation_from_manuscript_summary
benign-3905,permit,permit,deterministic_derivation_from_manuscript_summary
benign-3906,permit,permit,deterministic_derivation_from_manuscript_summary
benign-3907,permit,permit,deterministic_derivation_from_manuscript_summary
benign-3908,permit,permit,deterministic_derivation_from_manuscript_summary
benign-3909,deny,permit,deterministic_derivation_from_manuscript_summary
benign-3910,deny,permit,deterministic_derivation_from_manuscript_summary
benign-3911,permit,permit,deterministic_derivation_from_manuscript_summary
benign-3912,permit,permit,deterministic_derivation_from_manuscript_summary
benign-3913,permit,permit,deterministic_derivation_from_manuscript_summary
benign-3914,deny,permit,deterministic_derivation_from_manuscript_summary
benign-3915,permit,permit,deterministic_derivation_from_manuscript_summary
benign-3916,permit,permit,deterministic_derivation_from_manuscript_summary
benign-3917,permit,permit,deterministic_derivation_from_manuscript_summary
benign-3918,permit,permit,deterministic_derivation_from_manuscript_summary
benign-3919,permit,permit,deterministic_derivation_from_manuscript_summary
benign-3920,permit,permit,deterministic_derivation_from_manuscript_summary
benign-3921,permit,permit,deterministic_derivation_from_manuscript_summary
benign-3922,permit,permit,deterministic_derivation_from_manuscript_summary
benign-3923,permit,permit,deterministic_derivation_from_manuscript_summary
benign-3924,permit,permit,deterministic_derivation_from_manuscript_summary
benign-3925,permit,permit,deterministic_derivation_from_manuscript_summary
benign-3926,permit,permit,deterministic_derivation_from_manuscript_summary
benign-3927,permit,permit,deterministic_derivation_from_manuscript_summary
benign-3928,permit,permit,deterministic_derivation_from_manuscript_summary
benign-3929,permit,permit,deterministic_derivation_from_manuscript_summary
benign-3930,permit,permit,deterministic_derivation_from_manuscript_summary
benign-3931,permit,permit,deterministic_derivation_from_manuscript_summary
benign-3932,deny,permit,deterministic_derivation_from_manuscript_summary
benign-3933,permit,permit,deterministic_derivation_from_manuscript_summary
benign-3934,permit,permit,deterministic_derivation_from_manuscript_summary
benign-3935,permit,permit,deterministic_derivation_from_manuscript_summary
benign-3936,permit,permit,deterministic_derivation_from_manuscript_summary
benign-3937,permit,deny,deterministic_derivation_from_manuscript_summary
benign-3938,permit,permit,deterministic_derivation_from_manuscript_summary
benign-3939,permit,permit,deterministic_derivation_from_manuscript_summary
benign-3940,permit,permit,deterministic_derivation_from_manuscript_summary
benign-3941,permit,permit,deterministic_derivation_from_manuscript_summary
benign-3942,permit,permit,deterministic_derivation_from_manuscript_summary
benign-3943,permit,permit,deterministic_derivation_from_manuscript_summary
benign-3944,permit,permit,deterministic_derivation_from_manuscript_summary
benign-3945,permit,permit,deterministic_derivation_from_manuscript_summary
benign-3946,permit,permit,deterministic_derivation_from_manuscript_summary
benign-3947,permit,permit,deterministic_derivation_from_manuscript_summary
benign-3948,permit,permit,deterministic_derivation_from_manuscript_summary
benign-3949,permit,permit,deterministic_derivation_from_manuscript_summary
benign-3950,permit,permit,deterministic_derivation_from_manuscript_summary
benign-3951,permit,permit,deterministic_derivation_from_manuscript_summary
benign-3952,permit,permit,deterministic_derivation_from_manuscript_summary
benign-3953,deny,permit,deterministic_derivation_from_manuscript_summary
benign-3954,permit,permit,deterministic_derivation_from_manuscript_summary
benign-3955,permit,permit,deterministic_derivation_from_manuscript_summary
benign-3956,deny,permit,deterministic_derivation_from_manuscript_summary
benign-3957,permit,permit,deterministic_derivation_from_manuscript_summary
benign-3958,permit,permit,deterministic_derivation_from_manuscript_summary
benign-3959,permit,permit,deterministic_derivation_from_manuscript_summary
benign-3960,permit,permit,deterministic_derivation_from_manuscript_summary
benign-3961,permit,permit,deterministic_derivation_from_manuscript_summary
benign-3962,permit,permit,deterministic_derivation_from_manuscript_summary
benign-3963,permit,permit,deterministic_derivation_from_manuscript_summary
benign-3964,permit,permit,deterministic_derivation_from_manuscript_summary
benign-3965,deny,permit,deterministic_derivation_from_manuscript_summary
benign-3966,permit,permit,deterministic_derivation_from_manuscript_summary
benign-3967,permit,permit,deterministic_derivation_from_manuscript_summary
benign-3968,permit,permit,deterministic_derivation_from_manuscript_summary
benign-3969,permit,deny,deterministic_derivation_from_manuscript_summary
benign-3970,permit,permit,deterministic_derivation_from_manuscript_summary
benign-3971,permit,permit,deterministic_derivation_from_manuscript_summary
benign-3972,permit,permit,deterministic_derivation_from_manuscript_summary
benign-3973,permit,permit,deterministic_derivation_from_manuscript_summary
benign-3974,permit,permit,deterministic_derivation_from_manuscript_summary
benign-3975,permit,permit,deterministic_derivation_from_manuscript_summary
benign-3976,permit,permit,deterministic_derivation_from_manuscript_summary
benign-3977,permit,permit,deterministic_derivation_from_manuscript_summary
benign-3978,permit,deny,deterministic_derivation_from_manuscript_summary
benign-3979,permit,permit,deterministic_derivation_from_manuscript_summary
benign-3980,permit,permit,deterministic_derivation_from_manuscript_summary
benign-3981,deny,permit,deterministic_derivation_from_manuscript_summary
benign-3982,permit,permit,deterministic_derivation_from_manuscript_summary
benign-3983,permit,permit,deterministic_derivation_from_manuscript_summary
benign-3984,permit,permit,deterministic_derivation_from_manuscript_summary
benign-3985,permit,permit,deterministic_derivation_from_manuscript_summary
benign-3986,deny,permit,deterministic_derivation_from_manuscript_summary
benign-3987,permit,permit,deterministic_derivation_from_manuscript_summary
benign-3988,permit,permit,deterministic_derivation_from_manuscript_summary
benign-3989,permit,deny,deterministic_derivation_from_manuscript_summary
benign-3990,permit,permit,deterministic_derivation_from_manuscript_summary
benign-3991,permit,permit,deterministic_derivation_from_manuscript_summary
benign-3992,permit,permit,deterministic_derivation_from_manuscript_summary
benign-3993,permit,permit,deterministic_derivation_from_manuscript_summary
benign-3994,permit,permit,deterministic_derivation_from_manuscript_summary
benign-3995,permit,permit,deterministic_derivation_from_manuscript_summary
benign-3996,permit,permit,deterministic_derivation_from_manuscript_summary
benign-3997,permit,permit,deterministic_derivation_from_manuscript_summary
benign-3998,permit,permit,deterministic_derivation_from_manuscript_summary
benign-3999,permit,permit,deterministic_derivation_from_manuscript_summary
benign-4000,permit,permit,deterministic_derivation_from_manuscript_summary
benign-4001,permit,permit,deterministic_derivation_from_manuscript_summary
benign-4002,permit,permit,deterministic_derivation_from_manuscript_summary
benign-4003,permit,permit,deterministic_derivation_from_manuscript_summary
benign-4004,permit,permit,deterministic_derivation_from_manuscript_summary
benign-4005,permit,permit,deterministic_derivation_from_manuscript_summary
benign-4006,permit,permit,deterministic_derivation_from_manuscript_summary
benign-4007,permit,permit,deterministic_derivation_from_manuscript_summary
benign-4008,permit,permit,deterministic_derivation_from_manuscript_summary
benign-4009,permit,permit,deterministic_derivation_from_manuscript_summary
benign-4010,permit,permit,deterministic_derivation_from_manuscript_summary
benign-4011,permit,permit,deterministic_derivation_from_manuscript_summary
benign-4012,permit,permit,deterministic_derivation_from_manuscript_summary
benign-4013,permit,permit,deterministic_derivation_from_manuscript_summary
benign-4014,permit,permit,deterministic_derivation_from_manuscript_summary
benign-4015,permit,permit,deterministic_derivation_from_manuscript_summary
benign-4016,permit,permit,deterministic_derivation_from_manuscript_summary
benign-4017,permit,permit,deterministic_derivation_from_manuscript_summary
benign-4018,permit,permit,deterministic_derivation_from_manuscript_summary
benign-4019,permit,permit,deterministic_derivation_from_manuscript_summary
benign-4020,permit,permit,deterministic_derivation_from_manuscript_summary
benign-4021,permit,permit,deterministic_derivation_from_manuscript_summary
benign-4022,permit,permit,deterministic_derivation_from_manuscript_summary
benign-4023,permit,permit,deterministic_derivation_from_manuscript_summary
benign-4024,permit,permit,deterministic_derivation_from_manuscript_summary
benign-4025,permit,permit,deterministic_derivation_from_manuscript_summary
benign-4026,permit,permit,deterministic_derivation_from_manuscript_summary
benign-4027,permit,permit,deterministic_derivation_from_manuscript_summary
benign-4028,permit,permit,deterministic_derivation_from_manuscript_summary
benign-4029,permit,permit,deterministic_derivation_from_manuscript_summary
benign-4030,permit,permit,deterministic_derivation_from_manuscript_summary
benign-4031,permit,permit,deterministic_derivation_from_manuscript_summary
benign-4032,permit,permit,deterministic_derivation_from_manuscript_summary
benign-4033,permit,permit,deterministic_derivation_from_manuscript_summary
benign-4034,permit,permit,deterministic_derivation_from_manuscript_summary
benign-4035,permit,permit,deterministic_derivation_from_manuscript_summary
benign-4036,permit,permit,deterministic_derivation_from_manuscript_summary
benign-4037,permit,permit,deterministic_derivation_from_manuscript_summary
benign-4038,permit,permit,deterministic_derivation_from_manuscript_summary
benign-4039,permit,permit,deterministic_derivation_from_manuscript_summary
benign-4040,deny,permit,deterministic_derivation_from_manuscript_summary
benign-4041,permit,permit,deterministic_derivation_from_manuscript_summary
benign-4042,permit,permit,deterministic_derivation_from_manuscript_summary
benign-4043,permit,permit,deterministic_derivation_from_manuscript_summary
benign-4044,deny,permit,deterministic_derivation_from_manuscript_summary
benign-4045,permit,permit,deterministic_derivation_from_manuscript_summary
benign-4046,permit,permit,deterministic_derivation_from_manuscript_summary
benign-4047,permit,permit,deterministic_derivation_from_manuscript_summary
benign-4048,permit,permit,deterministic_derivation_from_manuscript_summary
benign-4049,permit,permit,deterministic_derivation_from_manuscript_summary
benign-4050,permit,permit,deterministic_derivation_from_manuscript_summary
benign-4051,permit,permit,deterministic_derivation_from_manuscript_summary
benign-4052,permit,permit,deterministic_derivation_from_manuscript_summary
benign-4053,permit,permit,deterministic_derivation_from_manuscript_summary
benign-4054,permit,permit,deterministic_derivation_from_manuscript_summary
benign-4055,permit,permit,deterministic_derivation_from_manuscript_summary
benign-4056,permit,permit,deterministic_derivation_from_manuscript_summary
benign-4057,permit,permit,deterministic_derivation_from_manuscript_summary
benign-4058,permit,permit,deterministic_derivation_from_manuscript_summary
benign-4059,permit,permit,deterministic_derivation_from_manuscript_summary
benign-4060,permit,permit,deterministic_derivation_from_manuscript_summary
benign-4061,permit,permit,deterministic_derivation_from_manuscript_summary
benign-4062,permit,permit,deterministic_derivation_from_manuscript_summary
benign-4063,permit,permit,deterministic_derivation_from_manuscript_summary
benign-4064,deny,permit,deterministic_derivation_from_manuscript_summary
benign-4065,permit,permit,deterministic_derivation_from_manuscript_summary
benign-4066,permit,permit,deterministic_derivation_from_manuscript_summary
benign-4067,permit,permit,deterministic_derivation_from_manuscript_summary
benign-4068,permit,permit,deterministic_derivation_from_manuscript_summary
benign-4069,deny,permit,deterministic_derivation_from_manuscript_summary
benign-4070,permit,permit,deterministic_derivation_from_manuscript_summary
benign-4071,permit,permit,deterministic_derivation_from_manuscript_summary
benign-4072,permit,permit,deterministic_derivation_from_manuscript_summary
benign-4073,permit,permit,deterministic_derivation_from_manuscript_summary
benign-4074,permit,permit,deterministic_derivation_from_manuscript_summary
benign-4075,permit,permit,deterministic_derivation_from_manuscript_summary
benign-4076,permit,permit,deterministic_derivation_from_manuscript_summary
benign-4077,permit,permit,deterministic_derivation_from_manuscript_summary
benign-4078,permit,permit,deterministic_derivation_from_manuscript_summary
benign-4079,permit,permit,deterministic_derivation_from_manuscript_summary
benign-4080,permit,permit,deterministic_derivation_from_manuscript_summary
benign-4081,permit,permit,deterministic_derivation_from_manuscript_summary
benign-4082,permit,permit,deterministic_derivation_from_manuscript_summary
benign-4083,permit,permit,deterministic_derivation_from_manuscript_summary
benign-4084,permit,permit,deterministic_derivation_from_manuscript_summary
benign-4085,permit,permit,deterministic_derivation_from_manuscript_summary
benign-4086,permit,permit,deterministic_derivation_from_manuscript_summary
benign-4087,permit,permit,deterministic_derivation_from_manuscript_summary
benign-4088,permit,permit,deterministic_derivation_from_manuscript_summary
benign-4089,permit,permit,deterministic_derivation_from_manuscript_summary
benign-4090,permit,permit,deterministic_derivation_from_manuscript_summary
benign-4091,permit,permit,deterministic_derivation_from_manuscript_summary
benign-4092,permit,permit,deterministic_derivation_from_manuscript_summary
benign-4093,permit,permit,deterministic_derivation_from_manuscript_summary
benign-4094,permit,permit,deterministic_derivation_from_manuscript_summary
benign-4095,permit,permit,deterministic_derivation_from_manuscript_summary
benign-4096,permit,permit,deterministic_derivation_from_manuscript_summary
benign-4097,permit,permit,deterministic_derivation_from_manuscript_summary
benign-4098,permit,permit,deterministic_derivation_from_manuscript_summary
benign-4099,permit,permit,deterministic_derivation_from_manuscript_summary
benign-4100,permit,permit,deterministic_derivation_from_manuscript_summary
benign-4101,permit,permit,deterministic_derivation_from_manuscript_summary
benign-4102,permit,permit,deterministic_derivation_from_manuscript_summary
benign-4103,permit,permit,deterministic_derivation_from_manuscript_summary
benign-4104,permit,permit,deterministic_derivation_from_manuscript_summary
benign-4105,permit,permit,deterministic_derivation_from_manuscript_summary
benign-4106,permit,permit,deterministic_derivation_from_manuscript_summary
benign-4107,permit,permit,deterministic_derivation_from_manuscript_summary
benign-4108,permit,permit,deterministic_derivation_from_manuscript_summary
benign-4109,permit,permit,deterministic_derivation_from_manuscript_summary
benign-4110,deny,permit,deterministic_derivation_from_manuscript_summary
benign-4111,permit,permit,deterministic_derivation_from_manuscript_summary
benign-4112,permit,permit,deterministic_derivation_from_manuscript_summary
benign-4113,permit,permit,deterministic_derivation_from_manuscript_summary
benign-4114,permit,permit,deterministic_derivation_from_manuscript_summary
benign-4115,permit,permit,deterministic_derivation_from_manuscript_summary
benign-4116,permit,permit,deterministic_derivation_from_manuscript_summary
benign-4117,permit,permit,deterministic_derivation_from_manuscript_summary
benign-4118,permit,permit,deterministic_derivation_from_manuscript_summary
benign-4119,permit,permit,deterministic_derivation_from_manuscript_summary
benign-4120,permit,permit,deterministic_derivation_from_manuscript_summary
benign-4121,permit,permit,deterministic_derivation_from_manuscript_summary
benign-4122,permit,permit,deterministic_derivation_from_manuscript_summary
benign-4123,permit,permit,deterministic_derivation_from_manuscript_summary
benign-4124,permit,permit,deterministic_derivation_from_manuscript_summary
benign-4125,permit,permit,deterministic_derivation_from_manuscript_summary
benign-4126,permit,permit,deterministic_derivation_from_manuscript_summary
benign-4127,permit,permit,deterministic_derivation_from_manuscript_summary
benign-4128,permit,permit,deterministic_derivation_from_manuscript_summary
benign-4129,permit,permit,deterministic_derivation_from_manuscript_summary
benign-4130,permit,permit,deterministic_derivation_from_manuscript_summary
benign-4131,permit,permit,deterministic_derivation_from_manuscript_summary
benign-4132,permit,deny,deterministic_derivation_from_manuscript_summary
benign-4133,permit,permit,deterministic_derivation_from_manuscript_summary
benign-4134,permit,permit,deterministic_derivation_from_manuscript_summary
benign-4135,permit,permit,deterministic_derivation_from_manuscript_summary
benign-4136,permit,permit,deterministic_derivation_from_manuscript_summary
benign-4137,permit,permit,deterministic_derivation_from_manuscript_summary
benign-4138,permit,permit,deterministic_derivation_from_manuscript_summary
benign-4139,permit,permit,deterministic_derivation_from_manuscript_summary
benign-4140,permit,permit,deterministic_derivation_from_manuscript_summary
benign-4141,permit,permit,deterministic_derivation_from_manuscript_summary
benign-4142,permit,permit,deterministic_derivation_from_manuscript_summary
benign-4143,deny,permit,deterministic_derivation_from_manuscript_summary
benign-4144,permit,permit,deterministic_derivation_from_manuscript_summary
benign-4145,permit,permit,deterministic_derivation_from_manuscript_summary
benign-4146,permit,permit,deterministic_derivation_from_manuscript_summary
benign-4147,permit,permit,deterministic_derivation_from_manuscript_summary
benign-4148,permit,permit,deterministic_derivation_from_manuscript_summary
benign-4149,permit,permit,deterministic_derivation_from_manuscript_summary
benign-4150,permit,permit,deterministic_derivation_from_manuscript_summary
benign-4151,permit,deny,deterministic_derivation_from_manuscript_summary
benign-4152,permit,permit,deterministic_derivation_from_manuscript_summary
benign-4153,permit,permit,deterministic_derivation_from_manuscript_summary
benign-4154,permit,permit,deterministic_derivation_from_manuscript_summary
benign-4155,permit,permit,deterministic_derivation_from_manuscript_summary
benign-4156,permit,permit,deterministic_derivation_from_manuscript_summary
benign-4157,permit,permit,deterministic_derivation_from_manuscript_summary
benign-4158,permit,permit,deterministic_derivation_from_manuscript_summary
benign-4159,permit,permit,deterministic_derivation_from_manuscript_summary
benign-4160,permit,permit,deterministic_derivation_from_manuscript_summary
benign-4161,permit,permit,deterministic_derivation_from_manuscript_summary
benign-4162,permit,permit,deterministic_derivation_from_manuscript_summary
benign-4163,permit,permit,deterministic_derivation_from_manuscript_summary
benign-4164,permit,permit,deterministic_derivation_from_manuscript_summary
benign-4165,permit,permit,deterministic_derivation_from_manuscript_summary
benign-4166,permit,permit,deterministic_derivation_from_manuscript_summary
benign-4167,permit,permit,deterministic_derivation_from_manuscript_summary
benign-4168,permit,permit,deterministic_derivation_from_manuscript_summary
benign-4169,permit,permit,deterministic_derivation_from_manuscript_summary
benign-4170,permit,permit,deterministic_derivation_from_manuscript_summary
benign-4171,permit,permit,deterministic_derivation_from_manuscript_summary
benign-4172,permit,permit,deterministic_derivation_from_manuscript_summary
benign-4173,permit,permit,deterministic_derivation_from_manuscript_summary
benign-4174,permit,permit,deterministic_derivation_from_manuscript_summary
benign-4175,permit,permit,deterministic_derivation_from_manuscript_summary
benign-4176,permit,permit,deterministic_derivation_from_manuscript_summary
benign-4177,permit,permit,deterministic_derivation_from_manuscript_summary
benign-4178,permit,permit,deterministic_derivation_from_manuscript_summary
benign-4179,permit,permit,deterministic_derivation_from_manuscript_summary
benign-4180,permit,permit,deterministic_derivation_from_manuscript_summary
benign-4181,permit,permit,deterministic_derivation_from_manuscript_summary
benign-4182,permit,permit,deterministic_derivation_from_manuscript_summary
benign-4183,permit,permit,deterministic_derivation_from_manuscript_summary
benign-4184,permit,permit,deterministic_derivation_from_manuscript_summary
benign-4185,permit,permit,deterministic_derivation_from_manuscript_summary
benign-4186,permit,permit,deterministic_derivation_from_manuscript_summary
benign-4187,permit,permit,deterministic_derivation_from_manuscript_summary
benign-4188,permit,permit,deterministic_derivation_from_manuscript_summary
benign-4189,permit,permit,deterministic_derivation_from_manuscript_summary
benign-4190,permit,permit,deterministic_derivation_from_manuscript_summary
benign-4191,permit,permit,deterministic_derivation_from_manuscript_summary
benign-4192,permit,permit,deterministic_derivation_from_manuscript_summary
benign-4193,permit,permit,deterministic_derivation_from_manuscript_summary
benign-4194,permit,permit,deterministic_derivation_from_manuscript_summary
benign-4195,permit,permit,deterministic_derivation_from_manuscript_summary
benign-4196,permit,permit,deterministic_derivation_from_manuscript_summary
benign-4197,permit,permit,deterministic_derivation_from_manuscript_summary
benign-4198,permit,permit,deterministic_derivation_from_manuscript_summary
benign-4199,permit,permit,deterministic_derivation_from_manuscript_summary
benign-4200,deny,permit,deterministic_derivation_from_manuscript_summary
benign-4201,deny,permit,deterministic_derivation_from_manuscript_summary
benign-4202,permit,permit,deterministic_derivation_from_manuscript_summary
benign-4203,permit,permit,deterministic_derivation_from_manuscript_summary
benign-4204,permit,permit,deterministic_derivation_from_manuscript_summary
benign-4205,permit,permit,deterministic_derivation_from_manuscript_summary
benign-4206,permit,permit,deterministic_derivation_from_manuscript_summary
benign-4207,permit,permit,deterministic_derivation_from_manuscript_summary
benign-4208,deny,permit,deterministic_derivation_from_manuscript_summary
benign-4209,permit,permit,deterministic_derivation_from_manuscript_summary
benign-4210,permit,permit,deterministic_derivation_from_manuscript_summary
benign-4211,permit,permit,deterministic_derivation_from_manuscript_summary
benign-4212,permit,permit,deterministic_derivation_from_manuscript_summary
benign-4213,permit,permit,deterministic_derivation_from_manuscript_summary
benign-4214,permit,permit,deterministic_derivation_from_manuscript_summary
benign-4215,permit,permit,deterministic_derivation_from_manuscript_summary
benign-4216,deny,deny,deterministic_derivation_from_manuscript_summary
benign-4217,permit,permit,deterministic_derivation_from_manuscript_summary
benign-4218,permit,permit,deterministic_derivation_from_manuscript_summary
benign-4219,permit,permit,deterministic_derivation_from_manuscript_summary
benign-4220,permit,permit,deterministic_derivation_from_manuscript_summary
benign-4221,permit,permit,deterministic_derivation_from_manuscript_summary
benign-4222,permit,permit,deterministic_derivation_from_manuscript_summary
benign-4223,deny,permit,deterministic_derivation_from_manuscript_summary
benign-4224,permit,permit,deterministic_derivation_from_manuscript_summary
benign-4225,permit,permit,deterministic_derivation_from_manuscript_summary
benign-4226,permit,permit,deterministic_derivation_from_manuscript_summary
benign-4227,permit,permit,deterministic_derivation_from_manuscript_summary
benign-4228,permit,permit,deterministic_derivation_from_manuscript_summary
benign-4229,permit,permit,deterministic_derivation_from_manuscript_summary
benign-4230,permit,permit,deterministic_derivation_from_manuscript_summary
benign-4231,permit,permit,deterministic_derivation_from_manuscript_summary
benign-4232,permit,permit,deterministic_derivation_from_manuscript_summary
benign-4233,permit,permit,deterministic_derivation_from_manuscript_summary
benign-4234,permit,permit,deterministic_derivation_from_manuscript_summary
benign-4235,permit,permit,deterministic_derivation_from_manuscript_summary
benign-4236,permit,permit,deterministic_derivation_from_manuscript_summary
benign-4237,permit,permit,deterministic_derivation_from_manuscript_summary
benign-4238,permit,permit,deterministic_derivation_from_manuscript_summary
benign-4239,permit,permit,deterministic_derivation_from_manuscript_summary
benign-4240,permit,permit,deterministic_derivation_from_manuscript_summary
benign-4241,permit,permit,deterministic_derivation_from_manuscript_summary
benign-4242,permit,permit,deterministic_derivation_from_manuscript_summary
benign-4243,permit,permit,deterministic_derivation_from_manuscript_summary
benign-4244,permit,permit,deterministic_derivation_from_manuscript_summary
benign-4245,permit,permit,deterministic_derivation_from_manuscript_summary
benign-4246,permit,permit,deterministic_derivation_from_manuscript_summary
benign-4247,permit,permit,deterministic_derivation_from_manuscript_summary
benign-4248,permit,permit,deterministic_derivation_from_manuscript_summary
benign-4249,deny,permit,deterministic_derivation_from_manuscript_summary
benign-4250,permit,permit,deterministic_derivation_from_manuscript_summary
benign-4251,permit,permit,deterministic_derivation_from_manuscript_summary
benign-4252,permit,permit,deterministic_derivation_from_manuscript_summary
benign-4253,permit,permit,deterministic_derivation_from_manuscript_summary
benign-4254,permit,permit,deterministic_derivation_from_manuscript_summary
benign-4255,permit,permit,deterministic_derivation_from_manuscript_summary
benign-4256,permit,permit,deterministic_derivation_from_manuscript_summary
benign-4257,permit,permit,deterministic_derivation_from_manuscript_summary
benign-4258,permit,permit,deterministic_derivation_from_manuscript_summary
benign-4259,permit,permit,deterministic_derivation_from_manuscript_summary
benign-4260,permit,permit,deterministic_derivation_from_manuscript_summary
benign-4261,permit,permit,deterministic_derivation_from_manuscript_summary
benign-4262,permit,permit,deterministic_derivation_from_manuscript_summary
benign-4263,permit,permit,deterministic_derivation_from_manuscript_summary
benign-4264,permit,permit,deterministic_derivation_from_manuscript_summary
benign-4265,permit,permit,deterministic_derivation_from_manuscript_summary
benign-4266,permit,permit,deterministic_derivation_from_manuscript_summary
benign-4267,permit,permit,deterministic_derivation_from_manuscript_summary
benign-4268,permit,permit,deterministic_derivation_from_manuscript_summary
benign-4269,permit,permit,deterministic_derivation_from_manuscript_summary
benign-4270,permit,permit,deterministic_derivation_from_manuscript_summary
benign-4271,permit,permit,deterministic_derivation_from_manuscript_summary
benign-4272,permit,permit,deterministic_derivation_from_manuscript_summary
benign-4273,permit,permit,deterministic_derivation_from_manuscript_summary
benign-4274,permit,permit,deterministic_derivation_from_manuscript_summary
benign-4275,permit,permit,deterministic_derivation_from_manuscript_summary
benign-4276,permit,permit,deterministic_derivation_from_manuscript_summary
benign-4277,permit,permit,deterministic_derivation_from_manuscript_summary
benign-4278,permit,permit,deterministic_derivation_from_manuscript_summary
benign-4279,permit,permit,deterministic_derivation_from_manuscript_summary
benign-4280,permit,permit,deterministic_derivation_from_manuscript_summary
benign-4281,permit,permit,deterministic_derivation_from_manuscript_summary
benign-4282,permit,permit,deterministic_derivation_from_manuscript_summary
benign-4283,permit,permit,deterministic_derivation_from_manuscript_summary
benign-4284,permit,permit,deterministic_derivation_from_manuscript_summary
benign-4285,permit,permit,deterministic_derivation_from_manuscript_summary
benign-4286,permit,permit,deterministic_derivation_from_manuscript_summary
benign-4287,permit,permit,deterministic_derivation_from_manuscript_summary
benign-4288,permit,permit,deterministic_derivation_from_manuscript_summary
benign-4289,permit,permit,deterministic_derivation_from_manuscript_summary
benign-4290,permit,permit,deterministic_derivation_from_manuscript_summary
benign-4291,permit,permit,deterministic_derivation_from_manuscript_summary
benign-4292,permit,permit,deterministic_derivation_from_manuscript_summary
benign-4293,deny,permit,deterministic_derivation_from_manuscript_summary
benign-4294,deny,permit,deterministic_derivation_from_manuscript_summary
benign-4295,permit,permit,deterministic_derivation_from_manuscript_summary
benign-4296,permit,permit,deterministic_derivation_from_manuscript_summary
benign-4297,permit,permit,deterministic_derivation_from_manuscript_summary
benign-4298,permit,permit,deterministic_derivation_from_manuscript_summary
benign-4299,permit,permit,deterministic_derivation_from_manuscript_summary
benign-4300,permit,permit,deterministic_derivation_from_manuscript_summary
benign-4301,permit,permit,deterministic_derivation_from_manuscript_summary
benign-4302,permit,deny,deterministic_derivation_from_manuscript_summary
benign-4303,permit,permit,deterministic_derivation_from_manuscript_summary
benign-4304,permit,permit,deterministic_derivation_from_manuscript_summary
benign-4305,permit,permit,deterministic_derivation_from_manuscript_summary
benign-4306,permit,permit,deterministic_derivation_from_manuscript_summary
benign-4307,permit,permit,deterministic_derivation_from_manuscript_summary
benign-4308,permit,permit,deterministic_derivation_from_manuscript_summary
benign-4309,permit,permit,deterministic_derivation_from_manuscript_summary
benign-4310,permit,permit,deterministic_derivation_from_manuscript_summary
benign-4311,permit,permit,deterministic_derivation_from_manuscript_summary
benign-4312,permit,permit,deterministic_derivation_from_manuscript_summary
benign-4313,permit,permit,deterministic_derivation_from_manuscript_summary
benign-4314,permit,permit,deterministic_derivation_from_manuscript_summary
benign-4315,permit,permit,deterministic_derivation_from_manuscript_summary
benign-4316,permit,permit,deterministic_derivation_from_manuscript_summary
benign-4317,permit,permit,deterministic_derivation_from_manuscript_summary
benign-4318,permit,permit,deterministic_derivation_from_manuscript_summary
benign-4319,permit,permit,deterministic_derivation_from_manuscript_summary
benign-4320,permit,permit,deterministic_derivation_from_manuscript_summary
benign-4321,permit,permit,deterministic_derivation_from_manuscript_summary
benign-4322,permit,permit,deterministic_derivation_from_manuscript_summary
benign-4323,permit,permit,deterministic_derivation_from_manuscript_summary
benign-4324,permit,permit,deterministic_derivation_from_manuscript_summary
benign-4325,permit,permit,deterministic_derivation_from_manuscript_summary
benign-4326,permit,permit,deterministic_derivation_from_manuscript_summary
benign-4327,permit,permit,deterministic_derivation_from_manuscript_summary
benign-4328,permit,permit,deterministic_derivation_from_manuscript_summary
benign-4329,permit,permit,deterministic_derivation_from_manuscript_summary
benign-4330,permit,permit,deterministic_derivation_from_manuscript_summary
benign-4331,permit,permit,deterministic_derivation_from_manuscript_summary
benign-4332,permit,permit,deterministic_derivation_from_manuscript_summary
benign-4333,permit,permit,deterministic_derivation_from_manuscript_summary
benign-4334,permit,permit,deterministic_derivation_from_manuscript_summary
benign-4335,permit,permit,deterministic_derivation_from_manuscript_summary
benign-4336,permit,permit,deterministic_derivation_from_manuscript_summary
benign-4337,permit,permit,deterministic_derivation_from_manuscript_summary
benign-4338,permit,permit,deterministic_derivation_from_manuscript_summary
benign-4339,permit,permit,deterministic_derivation_from_manuscript_summary
benign-4340,permit,permit,deterministic_derivation_from_manuscript_summary
benign-4341,permit,permit,deterministic_derivation_from_manuscript_summary
benign-4342,permit,permit,deterministic_derivation_from_manuscript_summary
benign-4343,permit,permit,deterministic_derivation_from_manuscript_summary
benign-4344,permit,permit,deterministic_derivation_from_manuscript_summary
benign-4345,permit,permit,deterministic_derivation_from_manuscript_summary
benign-4346,permit,permit,deterministic_derivation_from_manuscript_summary
benign-4347,permit,permit,deterministic_derivation_from_manuscript_summary
benign-4348,permit,deny,deterministic_derivation_from_manuscript_summary
benign-4349,permit,permit,deterministic_derivation_from_manuscript_summary
benign-4350,permit,permit,deterministic_derivation_from_manuscript_summary
benign-4351,permit,permit,deterministic_derivation_from_manuscript_summary
benign-4352,permit,permit,deterministic_derivation_from_manuscript_summary
benign-4353,deny,permit,deterministic_derivation_from_manuscript_summary
benign-4354,permit,permit,deterministic_derivation_from_manuscript_summary
benign-4355,permit,permit,deterministic_derivation_from_manuscript_summary
benign-4356,permit,permit,deterministic_derivation_from_manuscript_summary
benign-4357,permit,permit,deterministic_derivation_from_manuscript_summary
benign-4358,deny,permit,deterministic_derivation_from_manuscript_summary
benign-4359,permit,permit,deterministic_derivation_from_manuscript_summary
benign-4360,permit,permit,deterministic_derivation_from_manuscript_summary
benign-4361,permit,permit,deterministic_derivation_from_manuscript_summary
benign-4362,permit,permit,deterministic_derivation_from_manuscript_summary
benign-4363,permit,permit,deterministic_derivation_from_manuscript_summary
benign-4364,permit,permit,deterministic_derivation_from_manuscript_summary
benign-4365,permit,permit,deterministic_derivation_from_manuscript_summary
benign-4366,deny,permit,deterministic_derivation_from_manuscript_summary
benign-4367,permit,deny,deterministic_derivation_from_manuscript_summary
benign-4368,permit,permit,deterministic_derivation_from_manuscript_summary
benign-4369,permit,permit,deterministic_derivation_from_manuscript_summary
benign-4370,permit,permit,deterministic_derivation_from_manuscript_summary
benign-4371,permit,permit,deterministic_derivation_from_manuscript_summary
benign-4372,permit,permit,deterministic_derivation_from_manuscript_summary
benign-4373,permit,permit,deterministic_derivation_from_manuscript_summary
benign-4374,permit,permit,deterministic_derivation_from_manuscript_summary
benign-4375,permit,permit,deterministic_derivation_from_manuscript_summary
benign-4376,permit,permit,deterministic_derivation_from_manuscript_summary
benign-4377,permit,permit,deterministic_derivation_from_manuscript_summary
benign-4378,permit,permit,deterministic_derivation_from_manuscript_summary
benign-4379,permit,permit,deterministic_derivation_from_manuscript_summary
benign-4380,permit,permit,deterministic_derivation_from_manuscript_summary
benign-4381,permit,permit,deterministic_derivation_from_manuscript_summary
benign-4382,permit,permit,deterministic_derivation_from_manuscript_summary
benign-4383,permit,permit,deterministic_derivation_from_manuscript_summary
benign-4384,permit,permit,deterministic_derivation_from_manuscript_summary
benign-4385,permit,permit,deterministic_derivation_from_manuscript_summary
benign-4386,permit,permit,deterministic_derivation_from_manuscript_summary
benign-4387,permit,permit,deterministic_derivation_from_manuscript_summary
benign-4388,permit,permit,deterministic_derivation_from_manuscript_summary
benign-4389,permit,permit,deterministic_derivation_from_manuscript_summary
benign-4390,permit,permit,deterministic_derivation_from_manuscript_summary
benign-4391,permit,permit,deterministic_derivation_from_manuscript_summary
benign-4392,permit,permit,deterministic_derivation_from_manuscript_summary
benign-4393,permit,permit,deterministic_derivation_from_manuscript_summary
benign-4394,permit,permit,deterministic_derivation_from_manuscript_summary
benign-4395,permit,permit,deterministic_derivation_from_manuscript_summary
benign-4396,permit,permit,deterministic_derivation_from_manuscript_summary
benign-4397,permit,permit,deterministic_derivation_from_manuscript_summary
benign-4398,permit,permit,deterministic_derivation_from_manuscript_summary
benign-4399,permit,permit,deterministic_derivation_from_manuscript_summary
benign-4400,permit,permit,deterministic_derivation_from_manuscript_summary
benign-4401,permit,permit,deterministic_derivation_from_manuscript_summary
benign-4402,permit,permit,deterministic_derivation_from_manuscript_summary
benign-4403,permit,permit,deterministic_derivation_from_manuscript_summary
benign-4404,permit,permit,deterministic_derivation_from_manuscript_summary
benign-4405,permit,permit,deterministic_derivation_from_manuscript_summary
benign-4406,permit,permit,deterministic_derivation_from_manuscript_summary
benign-4407,permit,permit,deterministic_derivation_from_manuscript_summary
benign-4408,permit,permit,deterministic_derivation_from_manuscript_summary
benign-4409,permit,permit,deterministic_derivation_from_manuscript_summary
benign-4410,permit,permit,deterministic_derivation_from_manuscript_summary
benign-4411,permit,permit,deterministic_derivation_from_manuscript_summary
benign-4412,permit,permit,deterministic_derivation_from_manuscript_summary
benign-4413,permit,permit,deterministic_derivation_from_manuscript_summary
benign-4414,permit,permit,deterministic_derivation_from_manuscript_summary
benign-4415,permit,permit,deterministic_derivation_from_manuscript_summary
benign-4416,permit,permit,deterministic_derivation_from_manuscript_summary
benign-4417,permit,permit,deterministic_derivation_from_manuscript_summary
benign-4418,permit,permit,deterministic_derivation_from_manuscript_summary
benign-4419,permit,permit,deterministic_derivation_from_manuscript_summary
benign-4420,permit,permit,deterministic_derivation_from_manuscript_summary
benign-4421,permit,permit,deterministic_derivation_from_manuscript_summary
benign-4422,permit,permit,deterministic_derivation_from_manuscript_summary
benign-4423,permit,permit,deterministic_derivation_from_manuscript_summary
benign-4424,permit,permit,deterministic_derivation_from_manuscript_summary
benign-4425,permit,permit,deterministic_derivation_from_manuscript_summary
benign-4426,permit,permit,deterministic_derivation_from_manuscript_summary
benign-4427,permit,permit,deterministic_derivation_from_manuscript_summary
benign-4428,permit,permit,deterministic_derivation_from_manuscript_summary
benign-4429,permit,permit,deterministic_derivation_from_manuscript_summary
benign-4430,permit,permit,deterministic_derivation_from_manuscript_summary
benign-4431,permit,permit,deterministic_derivation_from_manuscript_summary
benign-4432,permit,permit,deterministic_derivation_from_manuscript_summary
benign-4433,permit,permit,deterministic_derivation_from_manuscript_summary
benign-4434,permit,permit,deterministic_derivation_from_manuscript_summary
benign-4435,permit,permit,deterministic_derivation_from_manuscript_summary
benign-4436,permit,permit,deterministic_derivation_from_manuscript_summary
benign-4437,permit,permit,deterministic_derivation_from_manuscript_summary
benign-4438,permit,permit,deterministic_derivation_from_manuscript_summary
benign-4439,permit,permit,deterministic_derivation_from_manuscript_summary
benign-4440,deny,permit,deterministic_derivation_from_manuscript_summary
benign-4441,permit,permit,deterministic_derivation_from_manuscript_summary
benign-4442,permit,permit,deterministic_derivation_from_manuscript_summary
benign-4443,permit,permit,deterministic_derivation_from_manuscript_summary
benign-4444,permit,permit,deterministic_derivation_from_manuscript_summary
benign-4445,permit,permit,deterministic_derivation_from_manuscript_summary
benign-4446,permit,permit,deterministic_derivation_from_manuscript_summary
benign-4447,permit,permit,deterministic_derivation_from_manuscript_summary
benign-4448,permit,permit,deterministic_derivation_from_manuscript_summary
benign-4449,permit,permit,deterministic_derivation_from_manuscript_summary
benign-4450,permit,permit,deterministic_derivation_from_manuscript_summary
benign-4451,permit,permit,deterministic_derivation_from_manuscript_summary
benign-4452,permit,permit,deterministic_derivation_from_manuscript_summary
benign-4453,permit,permit,deterministic_derivation_from_manuscript_summary
benign-4454,permit,permit,deterministic_derivation_from_manuscript_summary
benign-4455,permit,permit,deterministic_derivation_from_manuscript_summary
benign-4456,permit,deny,deterministic_derivation_from_manuscript_summary
benign-4457,permit,permit,deterministic_derivation_from_manuscript_summary
benign-4458,permit,permit,deterministic_derivation_from_manuscript_summary
benign-4459,deny,permit,deterministic_derivation_from_manuscript_summary
benign-4460,permit,permit,deterministic_derivation_from_manuscript_summary
benign-4461,permit,permit,deterministic_derivation_from_manuscript_summary
benign-4462,permit,permit,deterministic_derivation_from_manuscript_summary
benign-4463,permit,permit,deterministic_derivation_from_manuscript_summary
benign-4464,permit,permit,deterministic_derivation_from_manuscript_summary
benign-4465,permit,permit,deterministic_derivation_from_manuscript_summary
benign-4466,permit,permit,deterministic_derivation_from_manuscript_summary
benign-4467,deny,permit,deterministic_derivation_from_manuscript_summary
benign-4468,permit,permit,deterministic_derivation_from_manuscript_summary
benign-4469,permit,permit,deterministic_derivation_from_manuscript_summary
benign-4470,permit,permit,deterministic_derivation_from_manuscript_summary
benign-4471,permit,permit,deterministic_derivation_from_manuscript_summary
benign-4472,deny,permit,deterministic_derivation_from_manuscript_summary
benign-4473,permit,permit,deterministic_derivation_from_manuscript_summary
benign-4474,permit,permit,deterministic_derivation_from_manuscript_summary
benign-4475,permit,permit,deterministic_derivation_from_manuscript_summary
benign-4476,permit,permit,deterministic_derivation_from_manuscript_summary
benign-4477,permit,permit,deterministic_derivation_from_manuscript_summary
benign-4478,permit,permit,deterministic_derivation_from_manuscript_summary
benign-4479,permit,permit,deterministic_derivation_from_manuscript_summary
benign-4480,permit,permit,deterministic_derivation_from_manuscript_summary
benign-4481,permit,permit,deterministic_derivation_from_manuscript_summary
benign-4482,permit,permit,deterministic_derivation_from_manuscript_summary
benign-4483,permit,permit,deterministic_derivation_from_manuscript_summary
benign-4484,permit,permit,deterministic_derivation_from_manuscript_summary
benign-4485,permit,permit,deterministic_derivation_from_manuscript_summary
benign-4486,permit,permit,deterministic_derivation_from_manuscript_summary
benign-4487,permit,permit,deterministic_derivation_from_manuscript_summary
benign-4488,permit,permit,deterministic_derivation_from_manuscript_summary
benign-4489,permit,permit,deterministic_derivation_from_manuscript_summary
benign-4490,permit,permit,deterministic_derivation_from_manuscript_summary
benign-4491,permit,permit,deterministic_derivation_from_manuscript_summary
benign-4492,permit,permit,deterministic_derivation_from_manuscript_summary
benign-4493,permit,permit,deterministic_derivation_from_manuscript_summary
benign-4494,permit,permit,deterministic_derivation_from_manuscript_summary
benign-4495,permit,permit,deterministic_derivation_from_manuscript_summary
benign-4496,permit,permit,deterministic_derivation_from_manuscript_summary
benign-4497,permit,permit,deterministic_derivation_from_manuscript_summary
benign-4498,permit,permit,deterministic_derivation_from_manuscript_summary
benign-4499,permit,permit,deterministic_derivation_from_manuscript_summary
benign-4500,permit,permit,deterministic_derivation_from_manuscript_summary
benign-4501,permit,permit,deterministic_derivation_from_manuscript_summary
benign-4502,permit,permit,deterministic_derivation_from_manuscript_summary
benign-4503,permit,permit,deterministic_derivation_from_manuscript_summary
benign-4504,permit,permit,deterministic_derivation_from_manuscript_summary
benign-4505,permit,permit,deterministic_derivation_from_manuscript_summary
benign-4506,permit,permit,deterministic_derivation_from_manuscript_summary
benign-4507,deny,permit,deterministic_derivation_from_manuscript_summary
benign-4508,permit,permit,deterministic_derivation_from_manuscript_summary
benign-4509,permit,permit,deterministic_derivation_from_manuscript_summary
benign-4510,permit,permit,deterministic_derivation_from_manuscript_summary
benign-4511,deny,permit,deterministic_derivation_from_manuscript_summary
benign-4512,permit,permit,deterministic_derivation_from_manuscript_summary
benign-4513,permit,permit,deterministic_derivation_from_manuscript_summary
benign-4514,permit,permit,deterministic_derivation_from_manuscript_summary
benign-4515,permit,permit,deterministic_derivation_from_manuscript_summary
benign-4516,permit,permit,deterministic_derivation_from_manuscript_summary
benign-4517,permit,permit,deterministic_derivation_from_manuscript_summary
benign-4518,permit,permit,deterministic_derivation_from_manuscript_summary
benign-4519,permit,permit,deterministic_derivation_from_manuscript_summary
benign-4520,permit,permit,deterministic_derivation_from_manuscript_summary
benign-4521,permit,permit,deterministic_derivation_from_manuscript_summary
benign-4522,permit,permit,deterministic_derivation_from_manuscript_summary
benign-4523,permit,permit,deterministic_derivation_from_manuscript_summary
benign-4524,permit,permit,deterministic_derivation_from_manuscript_summary
benign-4525,permit,permit,deterministic_derivation_from_manuscript_summary
benign-4526,permit,permit,deterministic_derivation_from_manuscript_summary
benign-4527,permit,permit,deterministic_derivation_from_manuscript_summary
benign-4528,deny,permit,deterministic_derivation_from_manuscript_summary
benign-4529,permit,permit,deterministic_derivation_from_manuscript_summary
benign-4530,permit,permit,deterministic_derivation_from_manuscript_summary
benign-4531,permit,permit,deterministic_derivation_from_manuscript_summary
benign-4532,deny,permit,deterministic_derivation_from_manuscript_summary
benign-4533,permit,permit,deterministic_derivation_from_manuscript_summary
benign-4534,permit,permit,deterministic_derivation_from_manuscript_summary
benign-4535,deny,permit,deterministic_derivation_from_manuscript_summary
benign-4536,permit,permit,deterministic_derivation_from_manuscript_summary
benign-4537,permit,permit,deterministic_derivation_from_manuscript_summary
benign-4538,permit,permit,deterministic_derivation_from_manuscript_summary
benign-4539,permit,permit,deterministic_derivation_from_manuscript_summary
benign-4540,permit,permit,deterministic_derivation_from_manuscript_summary
benign-4541,permit,permit,deterministic_derivation_from_manuscript_summary
benign-4542,permit,permit,deterministic_derivation_from_manuscript_summary
benign-4543,permit,permit,deterministic_derivation_from_manuscript_summary
benign-4544,permit,permit,deterministic_derivation_from_manuscript_summary
benign-4545,permit,permit,deterministic_derivation_from_manuscript_summary
benign-4546,permit,permit,deterministic_derivation_from_manuscript_summary
benign-4547,permit,permit,deterministic_derivation_from_manuscript_summary
benign-4548,deny,permit,deterministic_derivation_from_manuscript_summary
benign-4549,permit,permit,deterministic_derivation_from_manuscript_summary
benign-4550,permit,permit,deterministic_derivation_from_manuscript_summary
benign-4551,permit,permit,deterministic_derivation_from_manuscript_summary
benign-4552,permit,permit,deterministic_derivation_from_manuscript_summary
benign-4553,permit,permit,deterministic_derivation_from_manuscript_summary
benign-4554,permit,permit,deterministic_derivation_from_manuscript_summary
benign-4555,permit,permit,deterministic_derivation_from_manuscript_summary
benign-4556,permit,permit,deterministic_derivation_from_manuscript_summary
benign-4557,permit,permit,deterministic_derivation_from_manuscript_summary
benign-4558,permit,permit,deterministic_derivation_from_manuscript_summary
benign-4559,permit,permit,deterministic_derivation_from_manuscript_summary
benign-4560,permit,permit,deterministic_derivation_from_manuscript_summary
benign-4561,permit,permit,deterministic_derivation_from_manuscript_summary
benign-4562,permit,permit,deterministic_derivation_from_manuscript_summary
benign-4563,permit,permit,deterministic_derivation_from_manuscript_summary
benign-4564,permit,permit,deterministic_derivation_from_manuscript_summary
benign-4565,permit,permit,deterministic_derivation_from_manuscript_summary
benign-4566,permit,permit,deterministic_derivation_from_manuscript_summary
benign-4567,permit,permit,deterministic_derivation_from_manuscript_summary
benign-4568,permit,permit,deterministic_derivation_from_manuscript_summary
benign-4569,permit,permit,deterministic_derivation_from_manuscript_summary
benign-4570,permit,permit,deterministic_derivation_from_manuscript_summary
benign-4571,permit,permit,deterministic_derivation_from_manuscript_summary
benign-4572,permit,permit,deterministic_derivation_from_manuscript_summary
benign-4573,permit,permit,deterministic_derivation_from_manuscript_summary
benign-4574,permit,permit,deterministic_derivation_from_manuscript_summary
benign-4575,permit,permit,deterministic_derivation_from_manuscript_summary
benign-4576,permit,permit,deterministic_derivation_from_manuscript_summary
benign-4577,permit,permit,deterministic_derivation_from_manuscript_summary
benign-4578,permit,permit,deterministic_derivation_from_manuscript_summary
benign-4579,permit,permit,deterministic_derivation_from_manuscript_summary
benign-4580,permit,permit,deterministic_derivation_from_manuscript_summary
benign-4581,permit,permit,deterministic_derivation_from_manuscript_summary
benign-4582,permit,permit,deterministic_derivation_from_manuscript_summary
benign-4583,permit,permit,deterministic_derivation_from_manuscript_summary
benign-4584,permit,permit,deterministic_derivation_from_manuscript_summary
benign-4585,permit,permit,deterministic_derivation_from_manuscript_summary
benign-4586,permit,permit,deterministic_derivation_from_manuscript_summary
benign-4587,permit,permit,deterministic_derivation_from_manuscript_summary
benign-4588,permit,permit,deterministic_derivation_from_manuscript_summary
benign-4589,permit,permit,deterministic_derivation_from_manuscript_summary
benign-4590,permit,permit,deterministic_derivation_from_manuscript_summary
benign-4591,permit,permit,deterministic_derivation_from_manuscript_summary
benign-4592,permit,permit,deterministic_derivation_from_manuscript_summary
benign-4593,permit,permit,deterministic_derivation_from_manuscript_summary
benign-4594,permit,permit,deterministic_derivation_from_manuscript_summary
benign-4595,permit,permit,deterministic_derivation_from_manuscript_summary
benign-4596,permit,permit,deterministic_derivation_from_manuscript_summary
benign-4597,permit,permit,deterministic_derivation_from_manuscript_summary
benign-4598,permit,permit,deterministic_derivation_from_manuscript_summary
benign-4599,permit,permit,deterministic_derivation_from_manuscript_summary
benign-4600,permit,deny,deterministic_derivation_from_manuscript_summary
benign-4601,permit,permit,deterministic_derivation_from_manuscript_summary
benign-4602,permit,permit,deterministic_derivation_from_manuscript_summary
benign-4603,permit,permit,deterministic_derivation_from_manuscript_summary
benign-4604,permit,permit,deterministic_derivation_from_manuscript_summary
benign-4605,permit,permit,deterministic_derivation_from_manuscript_summary
benign-4606,permit,permit,deterministic_derivation_from_manuscript_summary
benign-4607,permit,permit,deterministic_derivation_from_manuscript_summary
benign-4608,permit,permit,deterministic_derivation_from_manuscript_summary
benign-4609,permit,permit,deterministic_derivation_from_manuscript_summary
benign-4610,permit,permit,deterministic_derivation_from_manuscript_summary
benign-4611,deny,deny,deterministic_derivation_from_manuscript_summary
benign-4612,permit,permit,deterministic_derivation_from_manuscript_summary
benign-4613,permit,permit,deterministic_derivation_from_manuscript_summary
benign-4614,permit,permit,deterministic_derivation_from_manuscript_summary
benign-4615,permit,permit,deterministic_derivation_from_manuscript_summary
benign-4616,permit,permit,deterministic_derivation_from_manuscript_summary
benign-4617,permit,permit,deterministic_derivation_from_manuscript_summary
benign-4618,permit,permit,deterministic_derivation_from_manuscript_summary
benign-4619,permit,permit,deterministic_derivation_from_manuscript_summary
benign-4620,permit,permit,deterministic_derivation_from_manuscript_summary
benign-4621,permit,permit,deterministic_derivation_from_manuscript_summary
benign-4622,permit,permit,deterministic_derivation_from_manuscript_summary
benign-4623,permit,permit,deterministic_derivation_from_manuscript_summary
benign-4624,permit,permit,deterministic_derivation_from_manuscript_summary
benign-4625,permit,permit,deterministic_derivation_from_manuscript_summary
benign-4626,permit,permit,deterministic_derivation_from_manuscript_summary
benign-4627,permit,permit,deterministic_derivation_from_manuscript_summary
benign-4628,permit,permit,deterministic_derivation_from_manuscript_summary
benign-4629,permit,permit,deterministic_derivation_from_manuscript_summary
benign-4630,permit,permit,deterministic_derivation_from_manuscript_summary
benign-4631,permit,permit,deterministic_derivation_from_manuscript_summary
benign-4632,permit,permit,deterministic_derivation_from_manuscript_summary
benign-4633,permit,permit,deterministic_derivation_from_manuscript_summary
benign-4634,permit,permit,deterministic_derivation_from_manuscript_summary
benign-4635,permit,permit,deterministic_derivation_from_manuscript_summary
benign-4636,permit,permit,deterministic_derivation_from_manuscript_summary
benign-4637,permit,permit,deterministic_derivation_from_manuscript_summary
benign-4638,permit,permit,deterministic_derivation_from_manuscript_summary
benign-4639,permit,permit,deterministic_derivation_from_manuscript_summary
benign-4640,permit,permit,deterministic_derivation_from_manuscript_summary
benign-4641,permit,permit,deterministic_derivation_from_manuscript_summary
benign-4642,permit,permit,deterministic_derivation_from_manuscript_summary
benign-4643,permit,permit,deterministic_derivation_from_manuscript_summary
benign-4644,permit,permit,deterministic_derivation_from_manuscript_summary
benign-4645,permit,permit,deterministic_derivation_from_manuscript_summary
benign-4646,deny,permit,deterministic_derivation_from_manuscript_summary
benign-4647,permit,permit,deterministic_derivation_from_manuscript_summary
benign-4648,permit,permit,deterministic_derivation_from_manuscript_summary
benign-4649,permit,permit,deterministic_derivation_from_manuscript_summary
benign-4650,permit,permit,deterministic_derivation_from_manuscript_summary
benign-4651,permit,permit,deterministic_derivation_from_manuscript_summary
benign-4652,permit,permit,deterministic_derivation_from_manuscript_summary
benign-4653,permit,permit,deterministic_derivation_from_manuscript_summary
benign-4654,permit,permit,deterministic_derivation_from_manuscript_summary
benign-4655,permit,permit,deterministic_derivation_from_manuscript_summary
benign-4656,permit,permit,deterministic_derivation_from_manuscript_summary
benign-4657,permit,permit,deterministic_derivation_from_manuscript_summary
benign-4658,permit,permit,deterministic_derivation_from_manuscript_summary
benign-4659,permit,permit,deterministic_derivation_from_manuscript_summary
benign-4660,permit,permit,deterministic_derivation_from_manuscript_summary
benign-4661,permit,permit,deterministic_derivation_from_manuscript_summary
benign-4662,permit,permit,deterministic_derivation_from_manuscript_summary
benign-4663,permit,permit,deterministic_derivation_from_manuscript_summary
benign-4664,permit,permit,deterministic_derivation_from_manuscript_summary
benign-4665,permit,permit,deterministic_derivation_from_manuscript_summary
benign-4666,permit,permit,deterministic_derivation_from_manuscript_summary
benign-4667,permit,permit,deterministic_derivation_from_manuscript_summary
benign-4668,permit,permit,deterministic_derivation_from_manuscript_summary
benign-4669,permit,permit,deterministic_derivation_from_manuscript_summary
benign-4670,permit,permit,deterministic_derivation_from_manuscript_summary
benign-4671,permit,permit,deterministic_derivation_from_manuscript_summary
benign-4672,permit,permit,deterministic_derivation_from_manuscript_summary
benign-4673,permit,permit,deterministic_derivation_from_manuscript_summary
benign-4674,permit,permit,deterministic_derivation_from_manuscript_summary
benign-4675,deny,permit,deterministic_derivation_from_manuscript_summary
benign-4676,permit,permit,deterministic_derivation_from_manuscript_summary
benign-4677,permit,permit,deterministic_derivation_from_manuscript_summary
benign-4678,permit,permit,deterministic_derivation_from_manuscript_summary
benign-4679,permit,permit,deterministic_derivation_from_manuscript_summary
benign-4680,permit,permit,deterministic_derivation_from_manuscript_summary
benign-4681,permit,permit,deterministic_derivation_from_manuscript_summary
benign-4682,permit,permit,deterministic_derivation_from_manuscript_summary
benign-4683,permit,permit,deterministic_derivation_from_manuscript_summary
benign-4684,permit,permit,deterministic_derivation_from_manuscript_summary
benign-4685,permit,permit,deterministic_derivation_from_manuscript_summary
benign-4686,permit,permit,deterministic_derivation_from_manuscript_summary
benign-4687,permit,permit,deterministic_derivation_from_manuscript_summary
benign-4688,permit,permit,deterministic_derivation_from_manuscript_summary
benign-4689,permit,permit,deterministic_derivation_from_manuscript_summary
benign-4690,permit,permit,deterministic_derivation_from_manuscript_summary
benign-4691,permit,permit,deterministic_derivation_from_manuscript_summary
benign-4692,permit,permit,deterministic_derivation_from_manuscript_summary
benign-4693,permit,permit,deterministic_derivation_from_manuscript_summary
benign-4694,permit,permit,deterministic_derivation_from_manuscript_summary
benign-4695,permit,permit,deterministic_derivation_from_manuscript_summary
benign-4696,permit,permit,deterministic_derivation_from_manuscript_summary
benign-4697,permit,permit,deterministic_derivation_from_manuscript_summary
benign-4698,permit,permit,deterministic_derivation_from_manuscript_summary
benign-4699,permit,permit,deterministic_derivation_from_manuscript_summary
benign-4700,permit,permit,deterministic_derivation_from_manuscript_summary
benign-4701,permit,permit,deterministic_derivation_from_manuscript_summary
benign-4702,permit,permit,deterministic_derivation_from_manuscript_summary
benign-4703,permit,permit,deterministic_derivation_from_manuscript_summary
benign-4704,deny,permit,deterministic_derivation_from_manuscript_summary
benign-4705,deny,permit,deterministic_derivation_from_manuscript_summary
benign-4706,permit,permit,deterministic_derivation_from_manuscript_summary
benign-4707,permit,permit,deterministic_derivation_from_manuscript_summary
benign-4708,permit,permit,deterministic_derivation_from_manuscript_summary
benign-4709,permit,permit,deterministic_derivation_from_manuscript_summary
benign-4710,permit,permit,deterministic_derivation_from_manuscript_summary
benign-4711,permit,permit,deterministic_derivation_from_manuscript_summary
benign-4712,permit,permit,deterministic_derivation_from_manuscript_summary
benign-4713,permit,permit,deterministic_derivation_from_manuscript_summary
benign-4714,permit,permit,deterministic_derivation_from_manuscript_summary
benign-4715,permit,permit,deterministic_derivation_from_manuscript_summary
benign-4716,permit,permit,deterministic_derivation_from_manuscript_summary
benign-4717,permit,permit,deterministic_derivation_from_manuscript_summary
benign-4718,permit,permit,deterministic_derivation_from_manuscript_summary
benign-4719,permit,permit,deterministic_derivation_from_manuscript_summary
benign-4720,permit,permit,deterministic_derivation_from_manuscript_summary
benign-4721,deny,permit,deterministic_derivation_from_manuscript_summary
benign-4722,permit,permit,deterministic_derivation_from_manuscript_summary
benign-4723,permit,permit,deterministic_derivation_from_manuscript_summary
benign-4724,permit,permit,deterministic_derivation_from_manuscript_summary
benign-4725,permit,permit,deterministic_derivation_from_manuscript_summary
benign-4726,permit,deny,deterministic_derivation_from_manuscript_summary
benign-4727,permit,permit,deterministic_derivation_from_manuscript_summary
benign-4728,permit,permit,deterministic_derivation_from_manuscript_summary
benign-4729,permit,permit,deterministic_derivation_from_manuscript_summary
benign-4730,deny,permit,deterministic_derivation_from_manuscript_summary
benign-4731,permit,permit,deterministic_derivation_from_manuscript_summary
benign-4732,permit,permit,deterministic_derivation_from_manuscript_summary
benign-4733,deny,permit,deterministic_derivation_from_manuscript_summary
benign-4734,permit,permit,deterministic_derivation_from_manuscript_summary
benign-4735,permit,permit,deterministic_derivation_from_manuscript_summary
benign-4736,permit,permit,deterministic_derivation_from_manuscript_summary
benign-4737,permit,permit,deterministic_derivation_from_manuscript_summary
benign-4738,permit,permit,deterministic_derivation_from_manuscript_summary
benign-4739,permit,permit,deterministic_derivation_from_manuscript_summary
benign-4740,permit,permit,deterministic_derivation_from_manuscript_summary
benign-4741,deny,permit,deterministic_derivation_from_manuscript_summary
benign-4742,permit,permit,deterministic_derivation_from_manuscript_summary
benign-4743,permit,permit,deterministic_derivation_from_manuscript_summary
benign-4744,permit,permit,deterministic_derivation_from_manuscript_summary
benign-4745,permit,permit,deterministic_derivation_from_manuscript_summary
benign-4746,permit,permit,deterministic_derivation_from_manuscript_summary
benign-4747,permit,permit,deterministic_derivation_from_manuscript_summary
benign-4748,permit,permit,deterministic_derivation_from_manuscript_summary
benign-4749,deny,permit,deterministic_derivation_from_manuscript_summary
benign-4750,permit,permit,deterministic_derivation_from_manuscript_summary
benign-4751,permit,permit,deterministic_derivation_from_manuscript_summary
benign-4752,permit,permit,deterministic_derivation_from_manuscript_summary
benign-4753,permit,permit,deterministic_derivation_from_manuscript_summary
benign-4754,deny,permit,deterministic_derivation_from_manuscript_summary
benign-4755,permit,permit,deterministic_derivation_from_manuscript_summary
benign-4756,permit,permit,deterministic_derivation_from_manuscript_summary
benign-4757,permit,permit,deterministic_derivation_from_manuscript_summary
benign-4758,permit,permit,deterministic_derivation_from_manuscript_summary
benign-4759,permit,permit,deterministic_derivation_from_manuscript_summary
benign-4760,permit,permit,deterministic_derivation_from_manuscript_summary
benign-4761,permit,permit,deterministic_derivation_from_manuscript_summary
benign-4762,permit,permit,deterministic_derivation_from_manuscript_summary
benign-4763,deny,permit,deterministic_derivation_from_manuscript_summary
benign-4764,permit,permit,deterministic_derivation_from_manuscript_summary
benign-4765,permit,permit,deterministic_derivation_from_manuscript_summary
benign-4766,permit,permit,deterministic_derivation_from_manuscript_summary
benign-4767,permit,permit,deterministic_derivation_from_manuscript_summary
benign-4768,permit,permit,deterministic_derivation_from_manuscript_summary
benign-4769,permit,permit,deterministic_derivation_from_manuscript_summary
benign-4770,permit,permit,deterministic_derivation_from_manuscript_summary
benign-4771,permit,permit,deterministic_derivation_from_manuscript_summary
benign-4772,permit,permit,deterministic_derivation_from_manuscript_summary
benign-4773,permit,permit,deterministic_derivation_from_manuscript_summary
benign-4774,permit,permit,deterministic_derivation_from_manuscript_summary
benign-4775,permit,permit,deterministic_derivation_from_manuscript_summary
benign-4776,permit,permit,deterministic_derivation_from_manuscript_summary
benign-4777,permit,permit,deterministic_derivation_from_manuscript_summary
benign-4778,permit,permit,deterministic_derivation_from_manuscript_summary
benign-4779,permit,permit,deterministic_derivation_from_manuscript_summary
benign-4780,permit,permit,deterministic_derivation_from_manuscript_summary
benign-4781,permit,permit,deterministic_derivation_from_manuscript_summary
benign-4782,permit,permit,deterministic_derivation_from_manuscript_summary
benign-4783,deny,permit,deterministic_derivation_from_manuscript_summary
benign-4784,permit,permit,deterministic_derivation_from_manuscript_summary
benign-4785,permit,permit,deterministic_derivation_from_manuscript_summary
benign-4786,permit,permit,deterministic_derivation_from_manuscript_summary
benign-4787,permit,permit,deterministic_derivation_from_manuscript_summary
benign-4788,permit,permit,deterministic_derivation_from_manuscript_summary
benign-4789,permit,permit,deterministic_derivation_from_manuscript_summary
benign-4790,permit,deny,deterministic_derivation_from_manuscript_summary
benign-4791,permit,permit,deterministic_derivation_from_manuscript_summary
benign-4792,permit,permit,deterministic_derivation_from_manuscript_summary
benign-4793,permit,permit,deterministic_derivation_from_manuscript_summary
benign-4794,permit,permit,deterministic_derivation_from_manuscript_summary
benign-4795,permit,permit,deterministic_derivation_from_manuscript_summary
benign-4796,permit,deny,deterministic_derivation_from_manuscript_summary
benign-4797,permit,permit,deterministic_derivation_from_manuscript_summary
benign-4798,permit,permit,deterministic_derivation_from_manuscript_summary
benign-4799,permit,permit,deterministic_derivation_from_manuscript_summary
benign-4800,permit,permit,deterministic_derivation_from_manuscript_summary
benign-4801,permit,permit,deterministic_derivation_from_manuscript_summary
benign-4802,permit,permit,deterministic_derivation_from_manuscript_summary
benign-4803,permit,permit,deterministic_derivation_from_manuscript_summary
benign-4804,permit,permit,deterministic_derivation_from_manuscript_summary
benign-4805,permit,permit,deterministic_derivation_from_manuscript_summary
benign-4806,permit,permit,deterministic_derivation_from_manuscript_summary
benign-4807,permit,permit,deterministic_derivation_from_manuscript_summary
benign-4808,permit,permit,deterministic_derivation_from_manuscript_summary
benign-4809,permit,permit,deterministic_derivation_from_manuscript_summary
benign-4810,permit,permit,deterministic_derivation_from_manuscript_summary
benign-4811,permit,deny,deterministic_derivation_from_manuscript_summary
benign-4812,permit,permit,deterministic_derivation_from_manuscript_summary
benign-4813,permit,permit,deterministic_derivation_from_manuscript_summary
benign-4814,permit,permit,deterministic_derivation_from_manuscript_summary
benign-4815,permit,permit,deterministic_derivation_from_manuscript_summary
benign-4816,permit,permit,deterministic_derivation_from_manuscript_summary
benign-4817,permit,permit,deterministic_derivation_from_manuscript_summary
benign-4818,permit,permit,deterministic_derivation_from_manuscript_summary
benign-4819,permit,permit,deterministic_derivation_from_manuscript_summary
benign-4820,permit,permit,deterministic_derivation_from_manuscript_summary
benign-4821,permit,permit,deterministic_derivation_from_manuscript_summary
benign-4822,deny,permit,deterministic_derivation_from_manuscript_summary
benign-4823,permit,permit,deterministic_derivation_from_manuscript_summary
benign-4824,permit,permit,deterministic_derivation_from_manuscript_summary
benign-4825,permit,permit,deterministic_derivation_from_manuscript_summary
benign-4826,permit,permit,deterministic_derivation_from_manuscript_summary
benign-4827,deny,permit,deterministic_derivation_from_manuscript_summary
benign-4828,deny,deny,deterministic_derivation_from_manuscript_summary
benign-4829,permit,permit,deterministic_derivation_from_manuscript_summary
benign-4830,permit,permit,deterministic_derivation_from_manuscript_summary
benign-4831,permit,permit,deterministic_derivation_from_manuscript_summary
benign-4832,permit,permit,deterministic_derivation_from_manuscript_summary
benign-4833,permit,permit,deterministic_derivation_from_manuscript_summary
benign-4834,permit,permit,deterministic_derivation_from_manuscript_summary
benign-4835,permit,permit,deterministic_derivation_from_manuscript_summary
benign-4836,permit,permit,deterministic_derivation_from_manuscript_summary
benign-4837,permit,permit,deterministic_derivation_from_manuscript_summary
benign-4838,permit,permit,deterministic_derivation_from_manuscript_summary
benign-4839,permit,permit,deterministic_derivation_from_manuscript_summary
benign-4840,permit,permit,deterministic_derivation_from_manuscript_summary
benign-4841,permit,permit,deterministic_derivation_from_manuscript_summary
benign-4842,permit,permit,deterministic_derivation_from_manuscript_summary
benign-4843,permit,permit,deterministic_derivation_from_manuscript_summary
benign-4844,permit,permit,deterministic_derivation_from_manuscript_summary
benign-4845,permit,permit,deterministic_derivation_from_manuscript_summary
benign-4846,deny,permit,deterministic_derivation_from_manuscript_summary
benign-4847,deny,permit,deterministic_derivation_from_manuscript_summary
benign-4848,deny,permit,deterministic_derivation_from_manuscript_summary
benign-4849,deny,permit,deterministic_derivation_from_manuscript_summary
benign-4850,permit,permit,deterministic_derivation_from_manuscript_summary
benign-4851,permit,permit,deterministic_derivation_from_manuscript_summary
benign-4852,deny,permit,deterministic_derivation_from_manuscript_summary
benign-4853,permit,permit,deterministic_derivation_from_manuscript_summary
benign-4854,permit,permit,deterministic_derivation_from_manuscript_summary
benign-4855,permit,permit,deterministic_derivation_from_manuscript_summary
benign-4856,permit,permit,deterministic_derivation_from_manuscript_summary
benign-4857,permit,permit,deterministic_derivation_from_manuscript_summary
benign-4858,permit,permit,deterministic_derivation_from_manuscript_summary
benign-4859,permit,permit,deterministic_derivation_from_manuscript_summary
benign-4860,permit,permit,deterministic_derivation_from_manuscript_summary
benign-4861,permit,permit,deterministic_derivation_from_manuscript_summary
benign-4862,permit,permit,deterministic_derivation_from_manuscript_summary
benign-4863,permit,permit,deterministic_derivation_from_manuscript_summary
benign-4864,permit,permit,deterministic_derivation_from_manuscript_summary
benign-4865,permit,permit,deterministic_derivation_from_manuscript_summary
benign-4866,permit,permit,deterministic_derivation_from_manuscript_summary
benign-4867,permit,permit,deterministic_derivation_from_manuscript_summary
benign-4868,permit,permit,deterministic_derivation_from_manuscript_summary
benign-4869,permit,permit,deterministic_derivation_from_manuscript_summary
benign-4870,permit,permit,deterministic_derivation_from_manuscript_summary
benign-4871,permit,permit,deterministic_derivation_from_manuscript_summary
benign-4872,permit,permit,deterministic_derivation_from_manuscript_summary
benign-4873,permit,permit,deterministic_derivation_from_manuscript_summary
benign-4874,permit,permit,deterministic_derivation_from_manuscript_summary
benign-4875,permit,permit,deterministic_derivation_from_manuscript_summary
benign-4876,permit,permit,deterministic_derivation_from_manuscript_summary
benign-4877,permit,permit,deterministic_derivation_from_manuscript_summary
benign-4878,permit,permit,deterministic_derivation_from_manuscript_summary
benign-4879,permit,permit,deterministic_derivation_from_manuscript_summary
benign-4880,permit,permit,deterministic_derivation_from_manuscript_summary
benign-4881,permit,permit,deterministic_derivation_from_manuscript_summary
benign-4882,permit,permit,deterministic_derivation_from_manuscript_summary
benign-4883,permit,permit,deterministic_derivation_from_manuscript_summary
benign-4884,permit,permit,deterministic_derivation_from_manuscript_summary
benign-4885,permit,permit,deterministic_derivation_from_manuscript_summary
benign-4886,permit,permit,deterministic_derivation_from_manuscript_summary
benign-4887,permit,permit,deterministic_derivation_from_manuscript_summary
benign-4888,permit,permit,deterministic_derivation_from_manuscript_summary
benign-4889,permit,permit,deterministic_derivation_from_manuscript_summary
benign-4890,permit,permit,deterministic_derivation_from_manuscript_summary
benign-4891,permit,permit,deterministic_derivation_from_manuscript_summary
benign-4892,deny,permit,deterministic_derivation_from_manuscript_summary
benign-4893,permit,permit,deterministic_derivation_from_manuscript_summary
benign-4894,permit,permit,deterministic_derivation_from_manuscript_summary
benign-4895,permit,permit,deterministic_derivation_from_manuscript_summary
benign-4896,permit,permit,deterministic_derivation_from_manuscript_summary
benign-4897,permit,permit,deterministic_derivation_from_manuscript_summary
benign-4898,permit,permit,deterministic_derivation_from_manuscript_summary
benign-4899,permit,permit,deterministic_derivation_from_manuscript_summary
benign-4900,permit,permit,deterministic_derivation_from_manuscript_summary
benign-4901,permit,permit,deterministic_derivation_from_manuscript_summary
benign-4902,permit,permit,deterministic_derivation_from_manuscript_summary
benign-4903,permit,permit,deterministic_derivation_from_manuscript_summary
benign-4904,permit,permit,deterministic_derivation_from_manuscript_summary
benign-4905,permit,permit,deterministic_derivation_from_manuscript_summary
benign-4906,permit,permit,deterministic_derivation_from_manuscript_summary
benign-4907,permit,permit,deterministic_derivation_from_manuscript_summary
benign-4908,permit,permit,deterministic_derivation_from_manuscript_summary
benign-4909,permit,permit,deterministic_derivation_from_manuscript_summary
benign-4910,permit,permit,deterministic_derivation_from_manuscript_summary
benign-4911,permit,permit,deterministic_derivation_from_manuscript_summary
benign-4912,permit,permit,deterministic_derivation_from_manuscript_summary
benign-4913,permit,permit,deterministic_derivation_from_manuscript_summary
benign-4914,permit,permit,deterministic_derivation_from_manuscript_summary
benign-4915,permit,permit,deterministic_derivation_from_manuscript_summary
benign-4916,permit,permit,deterministic_derivation_from_manuscript_summary
benign-4917,permit,permit,deterministic_derivation_from_manuscript_summary
benign-4918,permit,permit,deterministic_derivation_from_manuscript_summary
benign-4919,permit,permit,deterministic_derivation_from_manuscript_summary
benign-4920,permit,permit,deterministic_derivation_from_manuscript_summary
benign-4921,permit,permit,deterministic_derivation_from_manuscript_summary
benign-4922,permit,permit,deterministic_derivation_from_manuscript_summary
benign-4923,permit,permit,deterministic_derivation_from_manuscript_summary
benign-4924,permit,permit,deterministic_derivation_from_manuscript_summary
benign-4925,permit,permit,deterministic_derivation_from_manuscript_summary
benign-4926,permit,permit,deterministic_derivation_from_manuscript_summary
benign-4927,permit,permit,deterministic_derivation_from_manuscript_summary
benign-4928,permit,permit,deterministic_derivation_from_manuscript_summary
benign-4929,permit,permit,deterministic_derivation_from_manuscript_summary
benign-4930,permit,permit,deterministic_derivation_from_manuscript_summary
benign-4931,permit,permit,deterministic_derivation_from_manuscript_summary
benign-4932,permit,permit,deterministic_derivation_from_manuscript_summary
benign-4933,permit,permit,deterministic_derivation_from_manuscript_summary
benign-4934,permit,permit,deterministic_derivation_from_manuscript_summary
benign-4935,permit,permit,deterministic_derivation_from_manuscript_summary
benign-4936,permit,permit,deterministic_derivation_from_manuscript_summary
benign-4937,permit,permit,deterministic_derivation_from_manuscript_summary
benign-4938,permit,permit,deterministic_derivation_from_manuscript_summary
benign-4939,permit,permit,deterministic_derivation_from_manuscript_summary
benign-4940,permit,permit,deterministic_derivation_from_manuscript_summary
benign-4941,permit,permit,deterministic_derivation_from_manuscript_summary
benign-4942,permit,permit,deterministic_derivation_from_manuscript_summary
benign-4943,permit,permit,deterministic_derivation_from_manuscript_summary
benign-4944,permit,permit,deterministic_derivation_from_manuscript_summary
benign-4945,permit,permit,deterministic_derivation_from_manuscript_summary
benign-4946,permit,permit,deterministic_derivation_from_manuscript_summary
benign-4947,permit,permit,deterministic_derivation_from_manuscript_summary
benign-4948,permit,permit,deterministic_derivation_from_manuscript_summary
benign-4949,permit,permit,deterministic_derivation_from_manuscript_summary
benign-4950,permit,permit,deterministic_derivation_from_manuscript_summary
benign-4951,permit,permit,deterministic_derivation_from_manuscript_summary
benign-4952,permit,permit,deterministic_derivation_from_manuscript_summary
benign-4953,permit,permit,deterministic_derivation_from_manuscript_summary
benign-4954,permit,permit,deterministic_derivation_from_manuscript_summary
benign-4955,permit,permit,deterministic_derivation_from_manuscript_summary
benign-4956,permit,permit,deterministic_derivation_from_manuscript_summary
benign-4957,permit,permit,deterministic_derivation_from_manuscript_summary
benign-4958,permit,permit,deterministic_derivation_from_manuscript_summary
benign-4959,permit,permit,deterministic_derivation_from_manuscript_summary
benign-4960,permit,permit,deterministic_derivation_from_manuscript_summary
benign-4961,permit,permit,deterministic_derivation_from_manuscript_summary
benign-4962,permit,permit,deterministic_derivation_from_manuscript_summary
benign-4963,permit,permit,deterministic_derivation_from_manuscript_summary
benign-4964,permit,permit,deterministic_derivation_from_manuscript_summary
benign-4965,permit,permit,deterministic_derivation_from_manuscript_summary
benign-4966,permit,permit,deterministic_derivation_from_manuscript_summary
benign-4967,permit,permit,deterministic_derivation_from_manuscript_summary
benign-4968,permit,permit,deterministic_derivation_from_manuscript_summary
benign-4969,permit,permit,deterministic_derivation_from_manuscript_summary
benign-4970,permit,permit,deterministic_derivation_from_manuscript_summary
benign-4971,permit,permit,deterministic_derivation_from_manuscript_summary
benign-4972,permit,permit,deterministic_derivation_from_manuscript_summary
benign-4973,permit,permit,deterministic_derivation_from_manuscript_summary
benign-4974,permit,permit,deterministic_derivation_from_manuscript_summary
benign-4975,permit,permit,deterministic_derivation_from_manuscript_summary
benign-4976,permit,permit,deterministic_derivation_from_manuscript_summary
benign-4977,permit,permit,deterministic_derivation_from_manuscript_summary
benign-4978,permit,permit,deterministic_derivation_from_manuscript_summary
benign-4979,permit,permit,deterministic_derivation_from_manuscript_summary
benign-4980,permit,permit,deterministic_derivation_from_manuscript_summary
benign-4981,permit,permit,deterministic_derivation_from_manuscript_summary
benign-4982,permit,permit,deterministic_derivation_from_manuscript_summary
benign-4983,permit,permit,deterministic_derivation_from_manuscript_summary
benign-4984,permit,permit,deterministic_derivation_from_manuscript_summary
benign-4985,permit,permit,deterministic_derivation_from_manuscript_summary
benign-4986,permit,permit,deterministic_derivation_from_manuscript_summary
benign-4987,permit,permit,deterministic_derivation_from_manuscript_summary
benign-4988,permit,permit,deterministic_derivation_from_manuscript_summary
benign-4989,permit,permit,deterministic_derivation_from_manuscript_summary
benign-4990,permit,permit,deterministic_derivation_from_manuscript_summary
benign-4991,permit,permit,deterministic_derivation_from_manuscript_summary
benign-4992,permit,permit,deterministic_derivation_from_manuscript_summary
benign-4993,permit,deny,deterministic_derivation_from_manuscript_summary
benign-4994,deny,permit,deterministic_derivation_from_manuscript_summary
benign-4995,permit,permit,deterministic_derivation_from_manuscript_summary
benign-4996,permit,deny,deterministic_derivation_from_manuscript_summary
benign-4997,permit,permit,deterministic_derivation_from_manuscript_summary
benign-4998,permit,permit,deterministic_derivation_from_manuscript_summary
benign-4999,permit,permit,deterministic_derivation_from_manuscript_summary
benign-5000,permit,permit,deterministic_derivation_from_manuscript_summary
benign-5001,permit,permit,deterministic_derivation_from_manuscript_summary
benign-5002,permit,permit,deterministic_derivation_from_manuscript_summary
benign-5003,permit,permit,deterministic_derivation_from_manuscript_summary
benign-5004,permit,permit,deterministic_derivation_from_manuscript_summary
benign-5005,permit,permit,deterministic_derivation_from_manuscript_summary
benign-5006,permit,permit,deterministic_derivation_from_manuscript_summary
benign-5007,deny,permit,deterministic_derivation_from_manuscript_summary
benign-5008,permit,permit,deterministic_derivation_from_manuscript_summary
benign-5009,permit,permit,deterministic_derivation_from_manuscript_summary
benign-5010,permit,permit,deterministic_derivation_from_manuscript_summary
benign-5011,permit,permit,deterministic_derivation_from_manuscript_summary
benign-5012,permit,permit,deterministic_derivation_from_manuscript_summary
benign-5013,permit,permit,deterministic_derivation_from_manuscript_summary
benign-5014,permit,permit,deterministic_derivation_from_manuscript_summary
benign-5015,permit,permit,deterministic_derivation_from_manuscript_summary
benign-5016,permit,permit,deterministic_derivation_from_manuscript_summary
benign-5017,permit,permit,deterministic_derivation_from_manuscript_summary
benign-5018,permit,permit,deterministic_derivation_from_manuscript_summary
benign-5019,permit,permit,deterministic_derivation_from_manuscript_summary
benign-5020,permit,permit,deterministic_derivation_from_manuscript_summary
benign-5021,permit,permit,deterministic_derivation_from_manuscript_summary
benign-5022,permit,permit,deterministic_derivation_from_manuscript_summary
benign-5023,permit,permit,deterministic_derivation_from_manuscript_summary
benign-5024,permit,permit,deterministic_derivation_from_manuscript_summary
benign-5025,permit,permit,deterministic_derivation_from_manuscript_summary
benign-5026,permit,permit,deterministic_derivation_from_manuscript_summary
benign-5027,permit,permit,deterministic_derivation_from_manuscript_summary
benign-5028,permit,deny,deterministic_derivation_from_manuscript_summary
benign-5029,deny,permit,deterministic_derivation_from_manuscript_summary
benign-5030,permit,permit,deterministic_derivation_from_manuscript_summary
benign-5031,permit,permit,deterministic_derivation_from_manuscript_summary
benign-5032,permit,permit,deterministic_derivation_from_manuscript_summary
benign-5033,permit,permit,deterministic_derivation_from_manuscript_summary
benign-5034,permit,permit,deterministic_derivation_from_manuscript_summary
benign-5035,permit,permit,deterministic_derivation_from_manuscript_summary
benign-5036,permit,permit,deterministic_derivation_from_manuscript_summary
benign-5037,permit,permit,deterministic_derivation_from_manuscript_summary
benign-5038,permit,permit,deterministic_derivation_from_manuscript_summary
benign-5039,permit,permit,deterministic_derivation_from_manuscript_summary
benign-5040,permit,permit,deterministic_derivation_from_manuscript_summary
benign-5041,permit,permit,deterministic_derivation_from_manuscript_summary
benign-5042,permit,permit,deterministic_derivation_from_manuscript_summary
benign-5043,permit,permit,deterministic_derivation_from_manuscript_summary
benign-5044,permit,permit,deterministic_derivation_from_manuscript_summary
benign-5045,permit,permit,deterministic_derivation_from_manuscript_summary
benign-5046,deny,permit,deterministic_derivation_from_manuscript_summary
benign-5047,permit,permit,deterministic_derivation_from_manuscript_summary
benign-5048,permit,permit,deterministic_derivation_from_manuscript_summary
benign-5049,permit,permit,deterministic_derivation_from_manuscript_summary
benign-5050,deny,permit,deterministic_derivation_from_manuscript_summary
benign-5051,permit,permit,deterministic_derivation_from_manuscript_summary
benign-5052,permit,permit,deterministic_derivation_from_manuscript_summary
benign-5053,permit,permit,deterministic_derivation_from_manuscript_summary
benign-5054,permit,permit,deterministic_derivation_from_manuscript_summary
benign-5055,permit,permit,deterministic_derivation_from_manuscript_summary
benign-5056,permit,permit,deterministic_derivation_from_manuscript_summary
benign-5057,permit,permit,deterministic_derivation_from_manuscript_summary
benign-5058,deny,permit,deterministic_derivation_from_manuscript_summary
benign-5059,permit,permit,deterministic_derivation_from_manuscript_summary
benign-5060,permit,permit,deterministic_derivation_from_manuscript_summary
benign-5061,permit,deny,deterministic_derivation_from_manuscript_summary
benign-5062,permit,permit,deterministic_derivation_from_manuscript_summary
benign-5063,permit,permit,deterministic_derivation_from_manuscript_summary
benign-5064,permit,permit,deterministic_derivation_from_manuscript_summary
benign-5065,permit,permit,deterministic_derivation_from_manuscript_summary
benign-5066,permit,permit,deterministic_derivation_from_manuscript_summary
benign-5067,permit,permit,deterministic_derivation_from_manuscript_summary
benign-5068,deny,permit,deterministic_derivation_from_manuscript_summary
benign-5069,permit,permit,deterministic_derivation_from_manuscript_summary
benign-5070,permit,permit,deterministic_derivation_from_manuscript_summary
benign-5071,permit,permit,deterministic_derivation_from_manuscript_summary
benign-5072,permit,permit,deterministic_derivation_from_manuscript_summary
benign-5073,permit,permit,deterministic_derivation_from_manuscript_summary
benign-5074,permit,permit,deterministic_derivation_from_manuscript_summary
benign-5075,permit,permit,deterministic_derivation_from_manuscript_summary
benign-5076,permit,permit,deterministic_derivation_from_manuscript_summary
benign-5077,permit,permit,deterministic_derivation_from_manuscript_summary
benign-5078,permit,permit,deterministic_derivation_from_manuscript_summary
benign-5079,permit,permit,deterministic_derivation_from_manuscript_summary
benign-5080,permit,permit,deterministic_derivation_from_manuscript_summary
benign-5081,permit,permit,deterministic_derivation_from_manuscript_summary
benign-5082,permit,permit,deterministic_derivation_from_manuscript_summary
benign-5083,permit,permit,deterministic_derivation_from_manuscript_summary
benign-5084,permit,permit,deterministic_derivation_from_manuscript_summary
benign-5085,permit,permit,deterministic_derivation_from_manuscript_summary
benign-5086,permit,deny,deterministic_derivation_from_manuscript_summary
benign-5087,permit,permit,deterministic_derivation_from_manuscript_summary
benign-5088,permit,permit,deterministic_derivation_from_manuscript_summary
benign-5089,permit,permit,deterministic_derivation_from_manuscript_summary
benign-5090,permit,permit,deterministic_derivation_from_manuscript_summary
benign-5091,permit,permit,deterministic_derivation_from_manuscript_summary
benign-5092,permit,permit,deterministic_derivation_from_manuscript_summary
benign-5093,permit,permit,deterministic_derivation_from_manuscript_summary
benign-5094,permit,permit,deterministic_derivation_from_manuscript_summary
benign-5095,permit,permit,deterministic_derivation_from_manuscript_summary
benign-5096,permit,permit,deterministic_derivation_from_manuscript_summary
benign-5097,permit,permit,deterministic_derivation_from_manuscript_summary
benign-5098,permit,permit,deterministic_derivation_from_manuscript_summary
benign-5099,permit,permit,deterministic_derivation_from_manuscript_summary
benign-5100,permit,permit,deterministic_derivation_from_manuscript_summary
benign-5101,deny,permit,deterministic_derivation_from_manuscript_summary
benign-5102,permit,permit,deterministic_derivation_from_manuscript_summary
benign-5103,permit,permit,deterministic_derivation_from_manuscript_summary
benign-5104,deny,permit,deterministic_derivation_from_manuscript_summary
benign-5105,permit,permit,deterministic_derivation_from_manuscript_summary
benign-5106,permit,permit,deterministic_derivation_from_manuscript_summary
benign-5107,permit,permit,deterministic_derivation_from_manuscript_summary
benign-5108,permit,permit,deterministic_derivation_from_manuscript_summary
benign-5109,permit,permit,deterministic_derivation_from_manuscript_summary
benign-5110,permit,permit,deterministic_derivation_from_manuscript_summary
benign-5111,permit,permit,deterministic_derivation_from_manuscript_summary
benign-5112,permit,permit,deterministic_derivation_from_manuscript_summary
benign-5113,permit,permit,deterministic_derivation_from_manuscript_summary
benign-5114,permit,permit,deterministic_derivation_from_manuscript_summary
benign-5115,permit,permit,deterministic_derivation_from_manuscript_summary
benign-5116,deny,permit,deterministic_derivation_from_manuscript_summary
benign-5117,permit,permit,deterministic_derivation_from_manuscript_summary
benign-5118,permit,permit,deterministic_derivation_from_manuscript_summary
benign-5119,permit,permit,deterministic_derivation_from_manuscript_summary
benign-5120,deny,permit,deterministic_derivation_from_manuscript_summary
benign-5121,permit,permit,deterministic_derivation_from_manuscript_summary
benign-5122,permit,permit,deterministic_derivation_from_manuscript_summary
benign-5123,permit,permit,deterministic_derivation_from_manuscript_summary
benign-5124,permit,permit,deterministic_derivation_from_manuscript_summary
benign-5125,permit,permit,deterministic_derivation_from_manuscript_summary
benign-5126,permit,permit,deterministic_derivation_from_manuscript_summary
benign-5127,permit,permit,deterministic_derivation_from_manuscript_summary
benign-5128,deny,permit,deterministic_derivation_from_manuscript_summary
benign-5129,permit,permit,deterministic_derivation_from_manuscript_summary
benign-5130,permit,permit,deterministic_derivation_from_manuscript_summary
benign-5131,permit,permit,deterministic_derivation_from_manuscript_summary
benign-5132,permit,permit,deterministic_derivation_from_manuscript_summary
benign-5133,permit,permit,deterministic_derivation_from_manuscript_summary
benign-5134,permit,permit,deterministic_derivation_from_manuscript_summary
benign-5135,permit,permit,deterministic_derivation_from_manuscript_summary
benign-5136,permit,permit,deterministic_derivation_from_manuscript_summary
benign-5137,permit,permit,deterministic_derivation_from_manuscript_summary
benign-5138,permit,permit,deterministic_derivation_from_manuscript_summary
benign-5139,permit,permit,deterministic_derivation_from_manuscript_summary
benign-5140,permit,permit,deterministic_derivation_from_manuscript_summary
benign-5141,permit,permit,deterministic_derivation_from_manuscript_summary
benign-5142,deny,permit,deterministic_derivation_from_manuscript_summary
benign-5143,deny,permit,deterministic_derivation_from_manuscript_summary
benign-5144,permit,permit,deterministic_derivation_from_manuscript_summary
benign-5145,permit,permit,deterministic_derivation_from_manuscript_summary
benign-5146,permit,permit,deterministic_derivation_from_manuscript_summary
benign-5147,permit,permit,deterministic_derivation_from_manuscript_summary
benign-5148,permit,permit,deterministic_derivation_from_manuscript_summary
benign-5149,permit,permit,deterministic_derivation_from_manuscript_summary
benign-5150,permit,permit,deterministic_derivation_from_manuscript_summary
benign-5151,permit,permit,deterministic_derivation_from_manuscript_summary
benign-5152,permit,permit,deterministic_derivation_from_manuscript_summary
benign-5153,permit,permit,deterministic_derivation_from_manuscript_summary
benign-5154,permit,permit,deterministic_derivation_from_manuscript_summary
benign-5155,permit,permit,deterministic_derivation_from_manuscript_summary
benign-5156,permit,permit,deterministic_derivation_from_manuscript_summary
benign-5157,permit,permit,deterministic_derivation_from_manuscript_summary
benign-5158,permit,permit,deterministic_derivation_from_manuscript_summary
benign-5159,permit,permit,deterministic_derivation_from_manuscript_summary
benign-5160,permit,permit,deterministic_derivation_from_manuscript_summary
benign-5161,permit,permit,deterministic_derivation_from_manuscript_summary
benign-5162,permit,permit,deterministic_derivation_from_manuscript_summary
benign-5163,permit,permit,deterministic_derivation_from_manuscript_summary
benign-5164,permit,permit,deterministic_derivation_from_manuscript_summary
benign-5165,permit,permit,deterministic_derivation_from_manuscript_summary
benign-5166,permit,permit,deterministic_derivation_from_manuscript_summary
benign-5167,permit,permit,deterministic_derivation_from_manuscript_summary
benign-5168,permit,permit,deterministic_derivation_from_manuscript_summary
benign-5169,permit,permit,deterministic_derivation_from_manuscript_summary
benign-5170,deny,permit,deterministic_derivation_from_manuscript_summary
benign-5171,permit,permit,deterministic_derivation_from_manuscript_summary
benign-5172,permit,permit,deterministic_derivation_from_manuscript_summary
benign-5173,permit,permit,deterministic_derivation_from_manuscript_summary
benign-5174,permit,permit,deterministic_derivation_from_manuscript_summary
benign-5175,permit,permit,deterministic_derivation_from_manuscript_summary
benign-5176,permit,permit,deterministic_derivation_from_manuscript_summary
benign-5177,permit,permit,deterministic_derivation_from_manuscript_summary
benign-5178,permit,permit,deterministic_derivation_from_manuscript_summary
benign-5179,permit,permit,deterministic_derivation_from_manuscript_summary
benign-5180,permit,permit,deterministic_derivation_from_manuscript_summary
benign-5181,permit,permit,deterministic_derivation_from_manuscript_summary
benign-5182,permit,permit,deterministic_derivation_from_manuscript_summary
benign-5183,permit,permit,deterministic_derivation_from_manuscript_summary
benign-5184,permit,permit,deterministic_derivation_from_manuscript_summary
benign-5185,deny,permit,deterministic_derivation_from_manuscript_summary
benign-5186,deny,permit,deterministic_derivation_from_manuscript_summary
benign-5187,permit,permit,deterministic_derivation_from_manuscript_summary
benign-5188,permit,permit,deterministic_derivation_from_manuscript_summary
benign-5189,deny,permit,deterministic_derivation_from_manuscript_summary
benign-5190,permit,permit,deterministic_derivation_from_manuscript_summary
benign-5191,permit,permit,deterministic_derivation_from_manuscript_summary
benign-5192,permit,permit,deterministic_derivation_from_manuscript_summary
benign-5193,permit,permit,deterministic_derivation_from_manuscript_summary
benign-5194,permit,permit,deterministic_derivation_from_manuscript_summary
benign-5195,permit,permit,deterministic_derivation_from_manuscript_summary
benign-5196,permit,permit,deterministic_derivation_from_manuscript_summary
benign-5197,permit,permit,deterministic_derivation_from_manuscript_summary
benign-5198,permit,permit,deterministic_derivation_from_manuscript_summary
benign-5199,permit,permit,deterministic_derivation_from_manuscript_summary
benign-5200,permit,permit,deterministic_derivation_from_manuscript_summary
benign-5201,permit,permit,deterministic_derivation_from_manuscript_summary
benign-5202,permit,permit,deterministic_derivation_from_manuscript_summary
benign-5203,deny,permit,deterministic_derivation_from_manuscript_summary
benign-5204,permit,permit,deterministic_derivation_from_manuscript_summary
benign-5205,permit,permit,deterministic_derivation_from_manuscript_summary
benign-5206,permit,permit,deterministic_derivation_from_manuscript_summary
benign-5207,permit,permit,deterministic_derivation_from_manuscript_summary
benign-5208,permit,permit,deterministic_derivation_from_manuscript_summary
benign-5209,permit,permit,deterministic_derivation_from_manuscript_summary
benign-5210,permit,permit,deterministic_derivation_from_manuscript_summary
benign-5211,permit,permit,deterministic_derivation_from_manuscript_summary
benign-5212,permit,permit,deterministic_derivation_from_manuscript_summary
benign-5213,permit,permit,deterministic_derivation_from_manuscript_summary
benign-5214,permit,permit,deterministic_derivation_from_manuscript_summary
benign-5215,permit,permit,deterministic_derivation_from_manuscript_summary
benign-5216,permit,permit,deterministic_derivation_from_manuscript_summary
benign-5217,deny,permit,deterministic_derivation_from_manuscript_summary
benign-5218,permit,permit,deterministic_derivation_from_manuscript_summary
benign-5219,permit,permit,deterministic_derivation_from_manuscript_summary
benign-5220,permit,permit,deterministic_derivation_from_manuscript_summary
benign-5221,permit,permit,deterministic_derivation_from_manuscript_summary
benign-5222,permit,permit,deterministic_derivation_from_manuscript_summary
benign-5223,permit,permit,deterministic_derivation_from_manuscript_summary
benign-5224,permit,permit,deterministic_derivation_from_manuscript_summary
benign-5225,permit,permit,deterministic_derivation_from_manuscript_summary
benign-5226,permit,permit,deterministic_derivation_from_manuscript_summary
benign-5227,permit,permit,deterministic_derivation_from_manuscript_summary
benign-5228,deny,permit,deterministic_derivation_from_manuscript_summary
benign-5229,permit,permit,deterministic_derivation_from_manuscript_summary
benign-5230,permit,permit,deterministic_derivation_from_manuscript_summary
benign-5231,permit,permit,deterministic_derivation_from_manuscript_summary
benign-5232,permit,permit,deterministic_derivation_from_manuscript_summary
benign-5233,permit,permit,deterministic_derivation_from_manuscript_summary
benign-5234,permit,permit,deterministic_derivation_from_manuscript_summary
benign-5235,permit,permit,deterministic_derivation_from_manuscript_summary
benign-5236,permit,permit,deterministic_derivation_from_manuscript_summary
benign-5237,permit,deny,deterministic_derivation_from_manuscript_summary
benign-5238,permit,permit,deterministic_derivation_from_manuscript_summary
benign-5239,permit,permit,deterministic_derivation_from_manuscript_summary
benign-5240,permit,permit,deterministic_derivation_from_manuscript_summary
benign-5241,permit,permit,deterministic_derivation_from_manuscript_summary
benign-5242,permit,permit,deterministic_derivation_from_manuscript_summary
benign-5243,permit,permit,deterministic_derivation_from_manuscript_summary
benign-5244,permit,permit,deterministic_derivation_from_manuscript_summary
benign-5245,permit,permit,deterministic_derivation_from_manuscript_summary
benign-5246,permit,permit,deterministic_derivation_from_manuscript_summary
benign-5247,permit,permit,deterministic_derivation_from_manuscript_summary
benign-5248,permit,permit,deterministic_derivation_from_manuscript_summary
benign-5249,deny,permit,deterministic_derivation_from_manuscript_summary
benign-5250,permit,deny,deterministic_derivation_from_manuscript_summary
benign-5251,permit,permit,deterministic_derivation_from_manuscript_summary
benign-5252,permit,permit,deterministic_derivation_from_manuscript_summary
benign-5253,permit,permit,deterministic_derivation_from_manuscript_summary
benign-5254,permit,permit,deterministic_derivation_from_manuscript_summary
benign-5255,permit,permit,deterministic_derivation_from_manuscript_summary
benign-5256,permit,permit,deterministic_derivation_from_manuscript_summary
benign-5257,permit,permit,deterministic_derivation_from_manuscript_summary
benign-5258,permit,permit,deterministic_derivation_from_manuscript_summary
benign-5259,permit,permit,deterministic_derivation_from_manuscript_summary
benign-5260,deny,permit,deterministic_derivation_from_manuscript_summary
benign-5261,permit,permit,deterministic_derivation_from_manuscript_summary
benign-5262,permit,permit,deterministic_derivation_from_manuscript_summary
benign-5263,permit,permit,deterministic_derivation_from_manuscript_summary
benign-5264,deny,permit,deterministic_derivation_from_manuscript_summary
benign-5265,permit,permit,deterministic_derivation_from_manuscript_summary
benign-5266,permit,permit,deterministic_derivation_from_manuscript_summary
benign-5267,permit,permit,deterministic_derivation_from_manuscript_summary
benign-5268,permit,permit,deterministic_derivation_from_manuscript_summary
benign-5269,permit,permit,deterministic_derivation_from_manuscript_summary
benign-5270,permit,permit,deterministic_derivation_from_manuscript_summary
benign-5271,permit,permit,deterministic_derivation_from_manuscript_summary
benign-5272,permit,permit,deterministic_derivation_from_manuscript_summary
benign-5273,permit,permit,deterministic_derivation_from_manuscript_summary
benign-5274,permit,permit,deterministic_derivation_from_manuscript_summary
benign-5275,permit,permit,deterministic_derivation_from_manuscript_summary
benign-5276,permit,permit,deterministic_derivation_from_manuscript_summary
benign-5277,deny,permit,deterministic_derivation_from_manuscript_summary
benign-5278,permit,permit,deterministic_derivation_from_manuscript_summary
benign-5279,permit,permit,deterministic_derivation_from_manuscript_summary
benign-5280,deny,permit,deterministic_derivation_from_manuscript_summary
benign-5281,permit,permit,deterministic_derivation_from_manuscript_summary
benign-5282,permit,permit,deterministic_derivation_from_manuscript_summary
benign-5283,permit,permit,deterministic_derivation_from_manuscript_summary
benign-5284,permit,permit,deterministic_derivation_from_manuscript_summary
benign-5285,permit,permit,deterministic_derivation_from_manuscript_summary
benign-5286,permit,permit,deterministic_derivation_from_manuscript_summary
benign-5287,permit,permit,deterministic_derivation_from_manuscript_summary
benign-5288,permit,permit,deterministic_derivation_from_manuscript_summary
benign-5289,permit,permit,deterministic_derivation_from_manuscript_summary
benign-5290,permit,permit,deterministic_derivation_from_manuscript_summary
benign-5291,permit,permit,deterministic_derivation_from_manuscript_summary
benign-5292,permit,permit,deterministic_derivation_from_manuscript_summary
benign-5293,deny,permit,deterministic_derivation_from_manuscript_summary
benign-5294,permit,permit,deterministic_derivation_from_manuscript_summary
benign-5295,permit,permit,deterministic_derivation_from_manuscript_summary
benign-5296,permit,permit,deterministic_derivation_from_manuscript_summary
benign-5297,permit,permit,deterministic_derivation_from_manuscript_summary
benign-5298,permit,permit,deterministic_derivation_from_manuscript_summary
benign-5299,permit,permit,deterministic_derivation_from_manuscript_summary
benign-5300,permit,permit,deterministic_derivation_from_manuscript_summary
benign-5301,permit,permit,deterministic_derivation_from_manuscript_summary
benign-5302,permit,permit,deterministic_derivation_from_manuscript_summary
benign-5303,permit,permit,deterministic_derivation_from_manuscript_summary
benign-5304,permit,permit,deterministic_derivation_from_manuscript_summary
benign-5305,permit,permit,deterministic_derivation_from_manuscript_summary
benign-5306,permit,permit,deterministic_derivation_from_manuscript_summary
benign-5307,permit,permit,deterministic_derivation_from_manuscript_summary
benign-5308,permit,permit,deterministic_derivation_from_manuscript_summary
benign-5309,permit,permit,deterministic_derivation_from_manuscript_summary
benign-5310,deny,permit,deterministic_derivation_from_manuscript_summary
benign-5311,permit,permit,deterministic_derivation_from_manuscript_summary
benign-5312,permit,permit,deterministic_derivation_from_manuscript_summary
benign-5313,permit,permit,deterministic_derivation_from_manuscript_summary
benign-5314,permit,permit,deterministic_derivation_from_manuscript_summary
benign-5315,permit,permit,deterministic_derivation_from_manuscript_summary
benign-5316,permit,permit,deterministic_derivation_from_manuscript_summary
benign-5317,permit,permit,deterministic_derivation_from_manuscript_summary
benign-5318,permit,permit,deterministic_derivation_from_manuscript_summary
benign-5319,permit,permit,deterministic_derivation_from_manuscript_summary
benign-5320,deny,permit,deterministic_derivation_from_manuscript_summary
benign-5321,permit,permit,deterministic_derivation_from_manuscript_summary
benign-5322,permit,permit,deterministic_derivation_from_manuscript_summary
benign-5323,deny,permit,deterministic_derivation_from_manuscript_summary
benign-5324,permit,permit,deterministic_derivation_from_manuscript_summary
benign-5325,permit,permit,deterministic_derivation_from_manuscript_summary
benign-5326,permit,permit,deterministic_derivation_from_manuscript_summary
benign-5327,permit,permit,deterministic_derivation_from_manuscript_summary
benign-5328,permit,permit,deterministic_derivation_from_manuscript_summary
benign-5329,permit,deny,deterministic_derivation_from_manuscript_summary
benign-5330,permit,permit,deterministic_derivation_from_manuscript_summary
benign-5331,permit,permit,deterministic_derivation_from_manuscript_summary
benign-5332,permit,permit,deterministic_derivation_from_manuscript_summary
benign-5333,permit,permit,deterministic_derivation_from_manuscript_summary
benign-5334,permit,permit,deterministic_derivation_from_manuscript_summary
benign-5335,permit,permit,deterministic_derivation_from_manuscript_summary
benign-5336,permit,permit,deterministic_derivation_from_manuscript_summary
benign-5337,permit,permit,deterministic_derivation_from_manuscript_summary
benign-5338,permit,permit,deterministic_derivation_from_manuscript_summary
benign-5339,permit,permit,deterministic_derivation_from_manuscript_summary
benign-5340,permit,permit,deterministic_derivation_from_manuscript_summary
benign-5341,permit,permit,deterministic_derivation_from_manuscript_summary
benign-5342,permit,permit,deterministic_derivation_from_manuscript_summary
benign-5343,permit,permit,deterministic_derivation_from_manuscript_summary
benign-5344,permit,permit,deterministic_derivation_from_manuscript_summary
benign-5345,permit,permit,deterministic_derivation_from_manuscript_summary
benign-5346,permit,permit,deterministic_derivation_from_manuscript_summary
benign-5347,permit,permit,deterministic_derivation_from_manuscript_summary
benign-5348,permit,permit,deterministic_derivation_from_manuscript_summary
benign-5349,permit,permit,deterministic_derivation_from_manuscript_summary
benign-5350,permit,permit,deterministic_derivation_from_manuscript_summary
benign-5351,permit,permit,deterministic_derivation_from_manuscript_summary
benign-5352,permit,permit,deterministic_derivation_from_manuscript_summary
benign-5353,permit,permit,deterministic_derivation_from_manuscript_summary
benign-5354,deny,permit,deterministic_derivation_from_manuscript_summary
benign-5355,permit,permit,deterministic_derivation_from_manuscript_summary
benign-5356,permit,permit,deterministic_derivation_from_manuscript_summary
benign-5357,permit,permit,deterministic_derivation_from_manuscript_summary
benign-5358,permit,permit,deterministic_derivation_from_manuscript_summary
benign-5359,permit,permit,deterministic_derivation_from_manuscript_summary
benign-5360,permit,permit,deterministic_derivation_from_manuscript_summary
benign-5361,deny,permit,deterministic_derivation_from_manuscript_summary
benign-5362,permit,permit,deterministic_derivation_from_manuscript_summary
benign-5363,permit,permit,deterministic_derivation_from_manuscript_summary
benign-5364,permit,permit,deterministic_derivation_from_manuscript_summary
benign-5365,permit,permit,deterministic_derivation_from_manuscript_summary
benign-5366,permit,permit,deterministic_derivation_from_manuscript_summary
benign-5367,permit,permit,deterministic_derivation_from_manuscript_summary
benign-5368,deny,permit,deterministic_derivation_from_manuscript_summary
benign-5369,permit,permit,deterministic_derivation_from_manuscript_summary
benign-5370,permit,permit,deterministic_derivation_from_manuscript_summary
benign-5371,permit,deny,deterministic_derivation_from_manuscript_summary
benign-5372,permit,permit,deterministic_derivation_from_manuscript_summary
benign-5373,permit,permit,deterministic_derivation_from_manuscript_summary
benign-5374,permit,permit,deterministic_derivation_from_manuscript_summary
benign-5375,permit,permit,deterministic_derivation_from_manuscript_summary
benign-5376,permit,permit,deterministic_derivation_from_manuscript_summary
benign-5377,permit,permit,deterministic_derivation_from_manuscript_summary
benign-5378,permit,permit,deterministic_derivation_from_manuscript_summary
benign-5379,permit,permit,deterministic_derivation_from_manuscript_summary
benign-5380,permit,permit,deterministic_derivation_from_manuscript_summary
benign-5381,permit,permit,deterministic_derivation_from_manuscript_summary
benign-5382,permit,permit,deterministic_derivation_from_manuscript_summary
benign-5383,permit,permit,deterministic_derivation_from_manuscript_summary
benign-5384,permit,permit,deterministic_derivation_from_manuscript_summary
benign-5385,deny,permit,deterministic_derivation_from_manuscript_summary
benign-5386,permit,permit,deterministic_derivation_from_manuscript_summary
benign-5387,permit,permit,deterministic_derivation_from_manuscript_summary
benign-5388,permit,permit,deterministic_derivation_from_manuscript_summary
benign-5389,permit,permit,deterministic_derivation_from_manuscript_summary
benign-5390,permit,permit,deterministic_derivation_from_manuscript_summary
benign-5391,permit,permit,deterministic_derivation_from_manuscript_summary
benign-5392,permit,permit,deterministic_derivation_from_manuscript_summary
benign-5393,permit,permit,deterministic_derivation_from_manuscript_summary
benign-5394,permit,deny,deterministic_derivation_from_manuscript_summary
benign-5395,permit,permit,deterministic_derivation_from_manuscript_summary
benign-5396,permit,permit,deterministic_derivation_from_manuscript_summary
benign-5397,permit,permit,deterministic_derivation_from_manuscript_summary
benign-5398,permit,permit,deterministic_derivation_from_manuscript_summary
benign-5399,permit,permit,deterministic_derivation_from_manuscript_summary
benign-5400,permit,permit,deterministic_derivation_from_manuscript_summary
benign-5401,permit,permit,deterministic_derivation_from_manuscript_summary
benign-5402,permit,permit,deterministic_derivation_from_manuscript_summary
benign-5403,permit,permit,deterministic_derivation_from_manuscript_summary
benign-5404,permit,permit,deterministic_derivation_from_manuscript_summary
benign-5405,permit,permit,deterministic_derivation_from_manuscript_summary
benign-5406,permit,permit,deterministic_derivation_from_manuscript_summary
benign-5407,permit,permit,deterministic_derivation_from_manuscript_summary
benign-5408,permit,permit,deterministic_derivation_from_manuscript_summary
benign-5409,permit,permit,deterministic_derivation_from_manuscript_summary
benign-5410,permit,permit,deterministic_derivation_from_manuscript_summary
benign-5411,permit,permit,deterministic_derivation_from_manuscript_summary
benign-5412,permit,permit,deterministic_derivation_from_manuscript_summary
benign-5413,permit,permit,deterministic_derivation_from_manuscript_summary
benign-5414,permit,permit,deterministic_derivation_from_manuscript_summary
benign-5415,deny,deny,deterministic_derivation_from_manuscript_summary
benign-5416,permit,permit,deterministic_derivation_from_manuscript_summary
benign-5417,permit,permit,deterministic_derivation_from_manuscript_summary
benign-5418,permit,permit,deterministic_derivation_from_manuscript_summary
benign-5419,permit,permit,deterministic_derivation_from_manuscript_summary
benign-5420,permit,permit,deterministic_derivation_from_manuscript_summary
benign-5421,permit,permit,deterministic_derivation_from_manuscript_summary
benign-5422,permit,permit,deterministic_derivation_from_manuscript_summary
benign-5423,permit,permit,deterministic_derivation_from_manuscript_summary
benign-5424,permit,permit,deterministic_derivation_from_manuscript_summary
benign-5425,permit,permit,deterministic_derivation_from_manuscript_summary
benign-5426,permit,permit,deterministic_derivation_from_manuscript_summary
benign-5427,permit,permit,deterministic_derivation_from_manuscript_summary
benign-5428,permit,permit,deterministic_derivation_from_manuscript_summary
benign-5429,permit,permit,deterministic_derivation_from_manuscript_summary
benign-5430,permit,deny,deterministic_derivation_from_manuscript_summary
benign-5431,permit,permit,deterministic_derivation_from_manuscript_summary
benign-5432,permit,permit,deterministic_derivation_from_manuscript_summary
benign-5433,permit,permit,deterministic_derivation_from_manuscript_summary
benign-5434,permit,permit,deterministic_derivation_from_manuscript_summary
benign-5435,deny,permit,deterministic_derivation_from_manuscript_summary
benign-5436,permit,permit,deterministic_derivation_from_manuscript_summary
benign-5437,permit,permit,deterministic_derivation_from_manuscript_summary
benign-5438,permit,permit,deterministic_derivation_from_manuscript_summary
benign-5439,permit,permit,deterministic_derivation_from_manuscript_summary
benign-5440,permit,permit,deterministic_derivation_from_manuscript_summary
benign-5441,permit,permit,deterministic_derivation_from_manuscript_summary
benign-5442,permit,permit,deterministic_derivation_from_manuscript_summary
benign-5443,permit,permit,deterministic_derivation_from_manuscript_summary
benign-5444,permit,permit,deterministic_derivation_from_manuscript_summary
benign-5445,permit,permit,deterministic_derivation_from_manuscript_summary
benign-5446,permit,permit,deterministic_derivation_from_manuscript_summary
benign-5447,permit,permit,deterministic_derivation_from_manuscript_summary
benign-5448,permit,permit,deterministic_derivation_from_manuscript_summary
benign-5449,permit,permit,deterministic_derivation_from_manuscript_summary
benign-5450,permit,permit,deterministic_derivation_from_manuscript_summary
benign-5451,permit,permit,deterministic_derivation_from_manuscript_summary
benign-5452,permit,permit,deterministic_derivation_from_manuscript_summary
benign-5453,permit,permit,deterministic_derivation_from_manuscript_summary
benign-5454,permit,permit,deterministic_derivation_from_manuscript_summary
benign-5455,permit,permit,deterministic_derivation_from_manuscript_summary
benign-5456,permit,permit,deterministic_derivation_from_manuscript_summary
benign-5457,permit,permit,deterministic_derivation_from_manuscript_summary
benign-5458,permit,permit,deterministic_derivation_from_manuscript_summary
benign-5459,permit,permit,deterministic_derivation_from_manuscript_summary
benign-5460,permit,permit,deterministic_derivation_from_manuscript_summary
benign-5461,permit,permit,deterministic_derivation_from_manuscript_summary
benign-5462,permit,permit,deterministic_derivation_from_manuscript_summary
benign-5463,permit,permit,deterministic_derivation_from_manuscript_summary
benign-5464,deny,permit,deterministic_derivation_from_manuscript_summary
benign-5465,permit,permit,deterministic_derivation_from_manuscript_summary
benign-5466,permit,permit,deterministic_derivation_from_manuscript_summary
benign-5467,permit,permit,deterministic_derivation_from_manuscript_summary
benign-5468,permit,permit,deterministic_derivation_from_manuscript_summary
benign-5469,permit,permit,deterministic_derivation_from_manuscript_summary
benign-5470,permit,permit,deterministic_derivation_from_manuscript_summary
benign-5471,permit,permit,deterministic_derivation_from_manuscript_summary
benign-5472,permit,permit,deterministic_derivation_from_manuscript_summary
benign-5473,deny,deny,deterministic_derivation_from_manuscript_summary
benign-5474,permit,permit,deterministic_derivation_from_manuscript_summary
benign-5475,permit,permit,deterministic_derivation_from_manuscript_summary
benign-5476,permit,permit,deterministic_derivation_from_manuscript_summary
benign-5477,permit,permit,deterministic_derivation_from_manuscript_summary
benign-5478,permit,permit,deterministic_derivation_from_manuscript_summary
benign-5479,permit,permit,deterministic_derivation_from_manuscript_summary
benign-5480,permit,permit,deterministic_derivation_from_manuscript_summary
benign-5481,permit,permit,deterministic_derivation_from_manuscript_summary
benign-5482,permit,permit,deterministic_derivation_from_manuscript_summary
benign-5483,permit,deny,deterministic_derivation_from_manuscript_summary
benign-5484,deny,permit,deterministic_derivation_from_manuscript_summary
benign-5485,permit,permit,deterministic_derivation_from_manuscript_summary
benign-5486,permit,permit,deterministic_derivation_from_manuscript_summary
benign-5487,permit,permit,deterministic_derivation_from_manuscript_summary
benign-5488,permit,permit,deterministic_derivation_from_manuscript_summary
benign-5489,permit,permit,deterministic_derivation_from_manuscript_summary
benign-5490,permit,permit,deterministic_derivation_from_manuscript_summary
benign-5491,deny,permit,deterministic_derivation_from_manuscript_summary
benign-5492,permit,permit,deterministic_derivation_from_manuscript_summary
benign-5493,permit,permit,deterministic_derivation_from_manuscript_summary
benign-5494,permit,permit,deterministic_derivation_from_manuscript_summary
benign-5495,permit,permit,deterministic_derivation_from_manuscript_summary
benign-5496,permit,permit,deterministic_derivation_from_manuscript_summary
benign-5497,permit,permit,deterministic_derivation_from_manuscript_summary
benign-5498,deny,permit,deterministic_derivation_from_manuscript_summary
benign-5499,permit,permit,deterministic_derivation_from_manuscript_summary
benign-5500,permit,permit,deterministic_derivation_from_manuscript_summary
benign-5501,permit,permit,deterministic_derivation_from_manuscript_summary
benign-5502,permit,permit,deterministic_derivation_from_manuscript_summary
benign-5503,deny,permit,deterministic_derivation_from_manuscript_summary
benign-5504,deny,permit,deterministic_derivation_from_manuscript_summary
benign-5505,permit,permit,deterministic_derivation_from_manuscript_summary
benign-5506,deny,permit,deterministic_derivation_from_manuscript_summary
benign-5507,permit,permit,deterministic_derivation_from_manuscript_summary
benign-5508,permit,permit,deterministic_derivation_from_manuscript_summary
benign-5509,permit,permit,deterministic_derivation_from_manuscript_summary
benign-5510,permit,permit,deterministic_derivation_from_manuscript_summary
benign-5511,permit,permit,deterministic_derivation_from_manuscript_summary
benign-5512,deny,permit,deterministic_derivation_from_manuscript_summary
benign-5513,permit,permit,deterministic_derivation_from_manuscript_summary
benign-5514,permit,permit,deterministic_derivation_from_manuscript_summary
benign-5515,permit,permit,deterministic_derivation_from_manuscript_summary
benign-5516,permit,permit,deterministic_derivation_from_manuscript_summary
benign-5517,permit,permit,deterministic_derivation_from_manuscript_summary
benign-5518,permit,permit,deterministic_derivation_from_manuscript_summary
benign-5519,permit,permit,deterministic_derivation_from_manuscript_summary
benign-5520,permit,permit,deterministic_derivation_from_manuscript_summary
benign-5521,permit,deny,deterministic_derivation_from_manuscript_summary
benign-5522,permit,permit,deterministic_derivation_from_manuscript_summary
benign-5523,permit,permit,deterministic_derivation_from_manuscript_summary
benign-5524,permit,permit,deterministic_derivation_from_manuscript_summary
benign-5525,permit,permit,deterministic_derivation_from_manuscript_summary
benign-5526,permit,permit,deterministic_derivation_from_manuscript_summary
benign-5527,permit,permit,deterministic_derivation_from_manuscript_summary
benign-5528,permit,permit,deterministic_derivation_from_manuscript_summary
benign-5529,permit,permit,deterministic_derivation_from_manuscript_summary
benign-5530,permit,permit,deterministic_derivation_from_manuscript_summary
benign-5531,permit,permit,deterministic_derivation_from_manuscript_summary
benign-5532,permit,permit,deterministic_derivation_from_manuscript_summary
benign-5533,permit,permit,deterministic_derivation_from_manuscript_summary
benign-5534,permit,permit,deterministic_derivation_from_manuscript_summary
benign-5535,permit,permit,deterministic_derivation_from_manuscript_summary
benign-5536,permit,permit,deterministic_derivation_from_manuscript_summary
benign-5537,permit,permit,deterministic_derivation_from_manuscript_summary
benign-5538,permit,permit,deterministic_derivation_from_manuscript_summary
benign-5539,permit,permit,deterministic_derivation_from_manuscript_summary
benign-5540,permit,permit,deterministic_derivation_from_manuscript_summary
benign-5541,permit,permit,deterministic_derivation_from_manuscript_summary
benign-5542,permit,permit,deterministic_derivation_from_manuscript_summary
benign-5543,permit,permit,deterministic_derivation_from_manuscript_summary
benign-5544,permit,permit,deterministic_derivation_from_manuscript_summary
benign-5545,permit,permit,deterministic_derivation_from_manuscript_summary
benign-5546,permit,permit,deterministic_derivation_from_manuscript_summary
benign-5547,permit,permit,deterministic_derivation_from_manuscript_summary
benign-5548,permit,permit,deterministic_derivation_from_manuscript_summary
benign-5549,permit,permit,deterministic_derivation_from_manuscript_summary
benign-5550,permit,permit,deterministic_derivation_from_manuscript_summary
benign-5551,permit,permit,deterministic_derivation_from_manuscript_summary
benign-5552,permit,permit,deterministic_derivation_from_manuscript_summary
benign-5553,permit,deny,deterministic_derivation_from_manuscript_summary
benign-5554,permit,permit,deterministic_derivation_from_manuscript_summary
benign-5555,permit,permit,deterministic_derivation_from_manuscript_summary
benign-5556,permit,permit,deterministic_derivation_from_manuscript_summary
benign-5557,permit,permit,deterministic_derivation_from_manuscript_summary
benign-5558,permit,permit,deterministic_derivation_from_manuscript_summary
benign-5559,permit,permit,deterministic_derivation_from_manuscript_summary
benign-5560,permit,permit,deterministic_derivation_from_manuscript_summary
benign-5561,permit,permit,deterministic_derivation_from_manuscript_summary
benign-5562,permit,permit,deterministic_derivation_from_manuscript_summary
benign-5563,permit,permit,deterministic_derivation_from_manuscript_summary
benign-5564,permit,permit,deterministic_derivation_from_manuscript_summary
benign-5565,permit,permit,deterministic_derivation_from_manuscript_summary
benign-5566,permit,permit,deterministic_derivation_from_manuscript_summary
benign-5567,permit,permit,deterministic_derivation_from_manuscript_summary
benign-5568,permit,permit,deterministic_derivation_from_manuscript_summary
benign-5569,permit,permit,deterministic_derivation_from_manuscript_summary
benign-5570,permit,permit,deterministic_derivation_from_manuscript_summary
benign-5571,permit,permit,deterministic_derivation_from_manuscript_summary
benign-5572,deny,permit,deterministic_derivation_from_manuscript_summary
benign-5573,permit,permit,deterministic_derivation_from_manuscript_summary
benign-5574,permit,permit,deterministic_derivation_from_manuscript_summary
benign-5575,permit,permit,deterministic_derivation_from_manuscript_summary
benign-5576,permit,permit,deterministic_derivation_from_manuscript_summary
benign-5577,permit,permit,deterministic_derivation_from_manuscript_summary
benign-5578,permit,deny,deterministic_derivation_from_manuscript_summary
benign-5579,permit,permit,deterministic_derivation_from_manuscript_summary
benign-5580,permit,permit,deterministic_derivation_from_manuscript_summary
benign-5581,permit,permit,deterministic_derivation_from_manuscript_summary
benign-5582,permit,permit,deterministic_derivation_from_manuscript_summary
benign-5583,permit,permit,deterministic_derivation_from_manuscript_summary
benign-5584,permit,permit,deterministic_derivation_from_manuscript_summary
benign-5585,permit,permit,deterministic_derivation_from_manuscript_summary
benign-5586,permit,permit,deterministic_derivation_from_manuscript_summary
benign-5587,permit,permit,deterministic_derivation_from_manuscript_summary
benign-5588,permit,permit,deterministic_derivation_from_manuscript_summary
benign-5589,permit,permit,deterministic_derivation_from_manuscript_summary
benign-5590,permit,permit,deterministic_derivation_from_manuscript_summary
benign-5591,permit,permit,deterministic_derivation_from_manuscript_summary
benign-5592,permit,permit,deterministic_derivation_from_manuscript_summary
benign-5593,permit,permit,deterministic_derivation_from_manuscript_summary
benign-5594,permit,permit,deterministic_derivation_from_manuscript_summary
benign-5595,permit,permit,deterministic_derivation_from_manuscript_summary
benign-5596,permit,permit,deterministic_derivation_from_manuscript_summary
benign-5597,deny,permit,deterministic_derivation_from_manuscript_summary
benign-5598,permit,permit,deterministic_derivation_from_manuscript_summary
benign-5599,permit,permit,deterministic_derivation_from_manuscript_summary
benign-5600,permit,permit,deterministic_derivation_from_manuscript_summary
benign-5601,permit,permit,deterministic_derivation_from_manuscript_summary
benign-5602,permit,permit,deterministic_derivation_from_manuscript_summary
benign-5603,permit,permit,deterministic_derivation_from_manuscript_summary
benign-5604,permit,permit,deterministic_derivation_from_manuscript_summary
benign-5605,permit,permit,deterministic_derivation_from_manuscript_summary
benign-5606,permit,permit,deterministic_derivation_from_manuscript_summary
benign-5607,permit,permit,deterministic_derivation_from_manuscript_summary
benign-5608,permit,permit,deterministic_derivation_from_manuscript_summary
benign-5609,permit,permit,deterministic_derivation_from_manuscript_summary
benign-5610,permit,permit,deterministic_derivation_from_manuscript_summary
benign-5611,permit,permit,deterministic_derivation_from_manuscript_summary
benign-5612,permit,permit,deterministic_derivation_from_manuscript_summary
benign-5613,permit,permit,deterministic_derivation_from_manuscript_summary
benign-5614,permit,permit,deterministic_derivation_from_manuscript_summary
benign-5615,permit,permit,deterministic_derivation_from_manuscript_summary
benign-5616,permit,permit,deterministic_derivation_from_manuscript_summary
benign-5617,permit,permit,deterministic_derivation_from_manuscript_summary
benign-5618,permit,permit,deterministic_derivation_from_manuscript_summary
benign-5619,permit,permit,deterministic_derivation_from_manuscript_summary
benign-5620,permit,permit,deterministic_derivation_from_manuscript_summary
benign-5621,permit,permit,deterministic_derivation_from_manuscript_summary
benign-5622,permit,permit,deterministic_derivation_from_manuscript_summary
benign-5623,permit,permit,deterministic_derivation_from_manuscript_summary
benign-5624,permit,permit,deterministic_derivation_from_manuscript_summary
benign-5625,permit,permit,deterministic_derivation_from_manuscript_summary
benign-5626,permit,permit,deterministic_derivation_from_manuscript_summary
benign-5627,permit,permit,deterministic_derivation_from_manuscript_summary
benign-5628,permit,permit,deterministic_derivation_from_manuscript_summary
benign-5629,permit,permit,deterministic_derivation_from_manuscript_summary
benign-5630,permit,permit,deterministic_derivation_from_manuscript_summary
benign-5631,permit,permit,deterministic_derivation_from_manuscript_summary
benign-5632,permit,permit,deterministic_derivation_from_manuscript_summary
benign-5633,permit,permit,deterministic_derivation_from_manuscript_summary
benign-5634,permit,permit,deterministic_derivation_from_manuscript_summary
benign-5635,permit,permit,deterministic_derivation_from_manuscript_summary
benign-5636,permit,permit,deterministic_derivation_from_manuscript_summary
benign-5637,permit,permit,deterministic_derivation_from_manuscript_summary
benign-5638,permit,permit,deterministic_derivation_from_manuscript_summary
benign-5639,permit,permit,deterministic_derivation_from_manuscript_summary
benign-5640,permit,permit,deterministic_derivation_from_manuscript_summary
benign-5641,permit,permit,deterministic_derivation_from_manuscript_summary
benign-5642,permit,permit,deterministic_derivation_from_manuscript_summary
benign-5643,permit,permit,deterministic_derivation_from_manuscript_summary
benign-5644,permit,permit,deterministic_derivation_from_manuscript_summary
benign-5645,permit,permit,deterministic_derivation_from_manuscript_summary
benign-5646,permit,permit,deterministic_derivation_from_manuscript_summary
benign-5647,permit,permit,deterministic_derivation_from_manuscript_summary
benign-5648,permit,permit,deterministic_derivation_from_manuscript_summary
benign-5649,permit,permit,deterministic_derivation_from_manuscript_summary
benign-5650,permit,permit,deterministic_derivation_from_manuscript_summary
benign-5651,permit,permit,deterministic_derivation_from_manuscript_summary
benign-5652,permit,permit,deterministic_derivation_from_manuscript_summary
benign-5653,permit,permit,deterministic_derivation_from_manuscript_summary
benign-5654,permit,permit,deterministic_derivation_from_manuscript_summary
benign-5655,permit,permit,deterministic_derivation_from_manuscript_summary
benign-5656,permit,permit,deterministic_derivation_from_manuscript_summary
benign-5657,permit,permit,deterministic_derivation_from_manuscript_summary
benign-5658,permit,permit,deterministic_derivation_from_manuscript_summary
benign-5659,permit,permit,deterministic_derivation_from_manuscript_summary
benign-5660,permit,permit,deterministic_derivation_from_manuscript_summary
benign-5661,permit,permit,deterministic_derivation_from_manuscript_summary
benign-5662,permit,permit,deterministic_derivation_from_manuscript_summary
benign-5663,permit,permit,deterministic_derivation_from_manuscript_summary
benign-5664,permit,permit,deterministic_derivation_from_manuscript_summary
benign-5665,permit,permit,deterministic_derivation_from_manuscript_summary
benign-5666,permit,permit,deterministic_derivation_from_manuscript_summary
benign-5667,permit,permit,deterministic_derivation_from_manuscript_summary
benign-5668,permit,permit,deterministic_derivation_from_manuscript_summary
benign-5669,permit,permit,deterministic_derivation_from_manuscript_summary
benign-5670,permit,permit,deterministic_derivation_from_manuscript_summary
benign-5671,permit,permit,deterministic_derivation_from_manuscript_summary
benign-5672,permit,permit,deterministic_derivation_from_manuscript_summary
benign-5673,permit,permit,deterministic_derivation_from_manuscript_summary
benign-5674,permit,permit,deterministic_derivation_from_manuscript_summary
benign-5675,permit,permit,deterministic_derivation_from_manuscript_summary
benign-5676,permit,permit,deterministic_derivation_from_manuscript_summary
benign-5677,permit,permit,deterministic_derivation_from_manuscript_summary
benign-5678,permit,permit,deterministic_derivation_from_manuscript_summary
benign-5679,permit,permit,deterministic_derivation_from_manuscript_summary
benign-5680,permit,permit,deterministic_derivation_from_manuscript_summary
benign-5681,permit,deny,deterministic_derivation_from_manuscript_summary
benign-5682,permit,permit,deterministic_derivation_from_manuscript_summary
benign-5683,permit,permit,deterministic_derivation_from_manuscript_summary
benign-5684,permit,permit,deterministic_derivation_from_manuscript_summary
benign-5685,permit,permit,deterministic_derivation_from_manuscript_summary
benign-5686,permit,permit,deterministic_derivation_from_manuscript_summary
benign-5687,permit,permit,deterministic_derivation_from_manuscript_summary
benign-5688,permit,permit,deterministic_derivation_from_manuscript_summary
benign-5689,permit,permit,deterministic_derivation_from_manuscript_summary
benign-5690,permit,permit,deterministic_derivation_from_manuscript_summary
benign-5691,permit,permit,deterministic_derivation_from_manuscript_summary
benign-5692,permit,permit,deterministic_derivation_from_manuscript_summary
benign-5693,permit,permit,deterministic_derivation_from_manuscript_summary
benign-5694,permit,permit,deterministic_derivation_from_manuscript_summary
benign-5695,permit,permit,deterministic_derivation_from_manuscript_summary
benign-5696,permit,permit,deterministic_derivation_from_manuscript_summary
benign-5697,permit,permit,deterministic_derivation_from_manuscript_summary
benign-5698,permit,permit,deterministic_derivation_from_manuscript_summary
benign-5699,permit,permit,deterministic_derivation_from_manuscript_summary
benign-5700,permit,permit,deterministic_derivation_from_manuscript_summary
benign-5701,permit,permit,deterministic_derivation_from_manuscript_summary
benign-5702,permit,permit,deterministic_derivation_from_manuscript_summary
benign-5703,permit,deny,deterministic_derivation_from_manuscript_summary
benign-5704,permit,permit,deterministic_derivation_from_manuscript_summary
benign-5705,permit,permit,deterministic_derivation_from_manuscript_summary
benign-5706,permit,permit,deterministic_derivation_from_manuscript_summary
benign-5707,permit,permit,deterministic_derivation_from_manuscript_summary
benign-5708,deny,permit,deterministic_derivation_from_manuscript_summary
benign-5709,permit,permit,deterministic_derivation_from_manuscript_summary
benign-5710,permit,permit,deterministic_derivation_from_manuscript_summary
benign-5711,permit,permit,deterministic_derivation_from_manuscript_summary
benign-5712,permit,permit,deterministic_derivation_from_manuscript_summary
benign-5713,permit,permit,deterministic_derivation_from_manuscript_summary
benign-5714,permit,permit,deterministic_derivation_from_manuscript_summary
benign-5715,permit,permit,deterministic_derivation_from_manuscript_summary
benign-5716,permit,permit,deterministic_derivation_from_manuscript_summary
benign-5717,permit,permit,deterministic_derivation_from_manuscript_summary
benign-5718,permit,permit,deterministic_derivation_from_manuscript_summary
benign-5719,permit,permit,deterministic_derivation_from_manuscript_summary
benign-5720,permit,permit,deterministic_derivation_from_manuscript_summary
benign-5721,permit,permit,deterministic_derivation_from_manuscript_summary
benign-5722,permit,permit,deterministic_derivation_from_manuscript_summary
benign-5723,permit,permit,deterministic_derivation_from_manuscript_summary
benign-5724,permit,permit,deterministic_derivation_from_manuscript_summary
benign-5725,permit,permit,deterministic_derivation_from_manuscript_summary
benign-5726,permit,permit,deterministic_derivation_from_manuscript_summary
benign-5727,permit,permit,deterministic_derivation_from_manuscript_summary
benign-5728,permit,permit,deterministic_derivation_from_manuscript_summary
benign-5729,permit,permit,deterministic_derivation_from_manuscript_summary
benign-5730,permit,permit,deterministic_derivation_from_manuscript_summary
benign-5731,permit,permit,deterministic_derivation_from_manuscript_summary
benign-5732,deny,permit,deterministic_derivation_from_manuscript_summary
benign-5733,permit,permit,deterministic_derivation_from_manuscript_summary
benign-5734,permit,permit,deterministic_derivation_from_manuscript_summary
benign-5735,permit,permit,deterministic_derivation_from_manuscript_summary
benign-5736,permit,permit,deterministic_derivation_from_manuscript_summary
benign-5737,deny,permit,deterministic_derivation_from_manuscript_summary
benign-5738,permit,permit,deterministic_derivation_from_manuscript_summary
benign-5739,permit,permit,deterministic_derivation_from_manuscript_summary
benign-5740,permit,permit,deterministic_derivation_from_manuscript_summary
benign-5741,permit,permit,deterministic_derivation_from_manuscript_summary
benign-5742,permit,permit,deterministic_derivation_from_manuscript_summary
benign-5743,permit,permit,deterministic_derivation_from_manuscript_summary
benign-5744,permit,permit,deterministic_derivation_from_manuscript_summary
benign-5745,permit,permit,deterministic_derivation_from_manuscript_summary
benign-5746,permit,permit,deterministic_derivation_from_manuscript_summary
benign-5747,permit,permit,deterministic_derivation_from_manuscript_summary
benign-5748,permit,permit,deterministic_derivation_from_manuscript_summary
benign-5749,permit,permit,deterministic_derivation_from_manuscript_summary
benign-5750,permit,permit,deterministic_derivation_from_manuscript_summary
benign-5751,permit,permit,deterministic_derivation_from_manuscript_summary
benign-5752,permit,permit,deterministic_derivation_from_manuscript_summary
benign-5753,permit,permit,deterministic_derivation_from_manuscript_summary
benign-5754,permit,permit,deterministic_derivation_from_manuscript_summary
benign-5755,permit,permit,deterministic_derivation_from_manuscript_summary
benign-5756,permit,permit,deterministic_derivation_from_manuscript_summary
benign-5757,permit,permit,deterministic_derivation_from_manuscript_summary
benign-5758,permit,permit,deterministic_derivation_from_manuscript_summary
benign-5759,permit,permit,deterministic_derivation_from_manuscript_summary
benign-5760,permit,permit,deterministic_derivation_from_manuscript_summary
benign-5761,permit,permit,deterministic_derivation_from_manuscript_summary
benign-5762,permit,permit,deterministic_derivation_from_manuscript_summary
benign-5763,permit,permit,deterministic_derivation_from_manuscript_summary
benign-5764,permit,permit,deterministic_derivation_from_manuscript_summary
benign-5765,permit,permit,deterministic_derivation_from_manuscript_summary
benign-5766,permit,permit,deterministic_derivation_from_manuscript_summary
benign-5767,permit,permit,deterministic_derivation_from_manuscript_summary
benign-5768,permit,deny,deterministic_derivation_from_manuscript_summary
benign-5769,permit,permit,deterministic_derivation_from_manuscript_summary
benign-5770,permit,permit,deterministic_derivation_from_manuscript_summary
benign-5771,permit,permit,deterministic_derivation_from_manuscript_summary
benign-5772,permit,permit,deterministic_derivation_from_manuscript_summary
benign-5773,permit,permit,deterministic_derivation_from_manuscript_summary
benign-5774,permit,permit,deterministic_derivation_from_manuscript_summary
benign-5775,permit,permit,deterministic_derivation_from_manuscript_summary
benign-5776,permit,permit,deterministic_derivation_from_manuscript_summary
benign-5777,permit,permit,deterministic_derivation_from_manuscript_summary
benign-5778,permit,permit,deterministic_derivation_from_manuscript_summary
benign-5779,permit,permit,deterministic_derivation_from_manuscript_summary
benign-5780,permit,permit,deterministic_derivation_from_manuscript_summary
benign-5781,permit,permit,deterministic_derivation_from_manuscript_summary
benign-5782,permit,permit,deterministic_derivation_from_manuscript_summary
benign-5783,permit,permit,deterministic_derivation_from_manuscript_summary
benign-5784,permit,permit,deterministic_derivation_from_manuscript_summary
benign-5785,permit,permit,deterministic_derivation_from_manuscript_summary
benign-5786,permit,permit,deterministic_derivation_from_manuscript_summary
benign-5787,permit,permit,deterministic_derivation_from_manuscript_summary
benign-5788,permit,permit,deterministic_derivation_from_manuscript_summary
benign-5789,permit,permit,deterministic_derivation_from_manuscript_summary
benign-5790,permit,permit,deterministic_derivation_from_manuscript_summary
benign-5791,permit,permit,deterministic_derivation_from_manuscript_summary
benign-5792,permit,permit,deterministic_derivation_from_manuscript_summary
benign-5793,permit,permit,deterministic_derivation_from_manuscript_summary
benign-5794,permit,permit,deterministic_derivation_from_manuscript_summary
benign-5795,permit,permit,deterministic_derivation_from_manuscript_summary
benign-5796,deny,permit,deterministic_derivation_from_manuscript_summary
benign-5797,permit,permit,deterministic_derivation_from_manuscript_summary
benign-5798,permit,permit,deterministic_derivation_from_manuscript_summary
benign-5799,permit,permit,deterministic_derivation_from_manuscript_summary
benign-5800,permit,permit,deterministic_derivation_from_manuscript_summary
benign-5801,permit,permit,deterministic_derivation_from_manuscript_summary
benign-5802,permit,permit,deterministic_derivation_from_manuscript_summary
benign-5803,permit,permit,deterministic_derivation_from_manuscript_summary
benign-5804,permit,permit,deterministic_derivation_from_manuscript_summary
benign-5805,permit,permit,deterministic_derivation_from_manuscript_summary
benign-5806,permit,permit,deterministic_derivation_from_manuscript_summary
benign-5807,permit,permit,deterministic_derivation_from_manuscript_summary
benign-5808,permit,permit,deterministic_derivation_from_manuscript_summary
benign-5809,permit,permit,deterministic_derivation_from_manuscript_summary
benign-5810,permit,permit,deterministic_derivation_from_manuscript_summary
benign-5811,permit,deny,deterministic_derivation_from_manuscript_summary
benign-5812,permit,permit,deterministic_derivation_from_manuscript_summary
benign-5813,permit,permit,deterministic_derivation_from_manuscript_summary
benign-5814,permit,permit,deterministic_derivation_from_manuscript_summary
benign-5815,permit,permit,deterministic_derivation_from_manuscript_summary
benign-5816,permit,permit,deterministic_derivation_from_manuscript_summary
benign-5817,permit,permit,deterministic_derivation_from_manuscript_summary
benign-5818,permit,permit,deterministic_derivation_from_manuscript_summary
benign-5819,permit,permit,deterministic_derivation_from_manuscript_summary
benign-5820,permit,permit,deterministic_derivation_from_manuscript_summary
benign-5821,deny,permit,deterministic_derivation_from_manuscript_summary
benign-5822,permit,permit,deterministic_derivation_from_manuscript_summary
benign-5823,permit,permit,deterministic_derivation_from_manuscript_summary
benign-5824,permit,permit,deterministic_derivation_from_manuscript_summary
benign-5825,permit,deny,deterministic_derivation_from_manuscript_summary
benign-5826,permit,permit,deterministic_derivation_from_manuscript_summary
benign-5827,permit,permit,deterministic_derivation_from_manuscript_summary
benign-5828,permit,permit,deterministic_derivation_from_manuscript_summary
benign-5829,permit,permit,deterministic_derivation_from_manuscript_summary
benign-5830,permit,permit,deterministic_derivation_from_manuscript_summary
benign-5831,permit,permit,deterministic_derivation_from_manuscript_summary
benign-5832,permit,permit,deterministic_derivation_from_manuscript_summary
benign-5833,permit,permit,deterministic_derivation_from_manuscript_summary
benign-5834,permit,permit,deterministic_derivation_from_manuscript_summary
benign-5835,permit,permit,deterministic_derivation_from_manuscript_summary
benign-5836,permit,permit,deterministic_derivation_from_manuscript_summary
benign-5837,permit,permit,deterministic_derivation_from_manuscript_summary
benign-5838,permit,permit,deterministic_derivation_from_manuscript_summary
benign-5839,permit,permit,deterministic_derivation_from_manuscript_summary
benign-5840,permit,permit,deterministic_derivation_from_manuscript_summary
benign-5841,permit,permit,deterministic_derivation_from_manuscript_summary
benign-5842,permit,permit,deterministic_derivation_from_manuscript_summary
benign-5843,permit,permit,deterministic_derivation_from_manuscript_summary
benign-5844,permit,permit,deterministic_derivation_from_manuscript_summary
benign-5845,permit,permit,deterministic_derivation_from_manuscript_summary
benign-5846,permit,permit,deterministic_derivation_from_manuscript_summary
benign-5847,deny,permit,deterministic_derivation_from_manuscript_summary
benign-5848,permit,permit,deterministic_derivation_from_manuscript_summary
benign-5849,permit,permit,deterministic_derivation_from_manuscript_summary
benign-5850,permit,permit,deterministic_derivation_from_manuscript_summary
benign-5851,permit,permit,deterministic_derivation_from_manuscript_summary
benign-5852,permit,permit,deterministic_derivation_from_manuscript_summary
benign-5853,permit,permit,deterministic_derivation_from_manuscript_summary
benign-5854,permit,permit,deterministic_derivation_from_manuscript_summary
benign-5855,permit,permit,deterministic_derivation_from_manuscript_summary
benign-5856,permit,permit,deterministic_derivation_from_manuscript_summary
benign-5857,permit,permit,deterministic_derivation_from_manuscript_summary
benign-5858,permit,permit,deterministic_derivation_from_manuscript_summary
benign-5859,permit,permit,deterministic_derivation_from_manuscript_summary
benign-5860,permit,permit,deterministic_derivation_from_manuscript_summary
benign-5861,permit,permit,deterministic_derivation_from_manuscript_summary
benign-5862,permit,permit,deterministic_derivation_from_manuscript_summary
benign-5863,permit,permit,deterministic_derivation_from_manuscript_summary
benign-5864,permit,permit,deterministic_derivation_from_manuscript_summary
benign-5865,permit,permit,deterministic_derivation_from_manuscript_summary
benign-5866,permit,permit,deterministic_derivation_from_manuscript_summary
benign-5867,permit,permit,deterministic_derivation_from_manuscript_summary
benign-5868,permit,permit,deterministic_derivation_from_manuscript_summary
benign-5869,permit,permit,deterministic_derivation_from_manuscript_summary
benign-5870,permit,permit,deterministic_derivation_from_manuscript_summary
benign-5871,permit,permit,deterministic_derivation_from_manuscript_summary
benign-5872,permit,permit,deterministic_derivation_from_manuscript_summary
benign-5873,permit,permit,deterministic_derivation_from_manuscript_summary
benign-5874,permit,permit,deterministic_derivation_from_manuscript_summary
benign-5875,permit,permit,deterministic_derivation_from_manuscript_summary
benign-5876,deny,permit,deterministic_derivation_from_manuscript_summary
benign-5877,permit,permit,deterministic_derivation_from_manuscript_summary
benign-5878,permit,permit,deterministic_derivation_from_manuscript_summary
benign-5879,permit,permit,deterministic_derivation_from_manuscript_summary
benign-5880,permit,permit,deterministic_derivation_from_manuscript_summary
benign-5881,permit,permit,deterministic_derivation_from_manuscript_summary
benign-5882,permit,permit,deterministic_derivation_from_manuscript_summary
benign-5883,permit,permit,deterministic_derivation_from_manuscript_summary
benign-5884,permit,permit,deterministic_derivation_from_manuscript_summary
benign-5885,permit,permit,deterministic_derivation_from_manuscript_summary
benign-5886,permit,permit,deterministic_derivation_from_manuscript_summary
benign-5887,permit,permit,deterministic_derivation_from_manuscript_summary
benign-5888,permit,permit,deterministic_derivation_from_manuscript_summary
benign-5889,permit,permit,deterministic_derivation_from_manuscript_summary
benign-5890,permit,permit,deterministic_derivation_from_manuscript_summary
benign-5891,permit,permit,deterministic_derivation_from_manuscript_summary
benign-5892,permit,permit,deterministic_derivation_from_manuscript_summary
benign-5893,permit,permit,deterministic_derivation_from_manuscript_summary
benign-5894,permit,permit,deterministic_derivation_from_manuscript_summary
benign-5895,permit,permit,deterministic_derivation_from_manuscript_summary
benign-5896,permit,permit,deterministic_derivation_from_manuscript_summary
benign-5897,permit,permit,deterministic_derivation_from_manuscript_summary
benign-5898,permit,permit,deterministic_derivation_from_manuscript_summary
benign-5899,permit,permit,deterministic_derivation_from_manuscript_summary
benign-5900,deny,permit,deterministic_derivation_from_manuscript_summary
benign-5901,permit,permit,deterministic_derivation_from_manuscript_summary
benign-5902,permit,permit,deterministic_derivation_from_manuscript_summary
benign-5903,permit,permit,deterministic_derivation_from_manuscript_summary
benign-5904,permit,permit,deterministic_derivation_from_manuscript_summary
benign-5905,permit,permit,deterministic_derivation_from_manuscript_summary
benign-5906,permit,permit,deterministic_derivation_from_manuscript_summary
benign-5907,permit,permit,deterministic_derivation_from_manuscript_summary
benign-5908,permit,permit,deterministic_derivation_from_manuscript_summary
benign-5909,permit,permit,deterministic_derivation_from_manuscript_summary
benign-5910,permit,permit,deterministic_derivation_from_manuscript_summary
benign-5911,permit,deny,deterministic_derivation_from_manuscript_summary
benign-5912,permit,permit,deterministic_derivation_from_manuscript_summary
benign-5913,permit,permit,deterministic_derivation_from_manuscript_summary
benign-5914,permit,permit,deterministic_derivation_from_manuscript_summary
benign-5915,permit,permit,deterministic_derivation_from_manuscript_summary
benign-5916,permit,permit,deterministic_derivation_from_manuscript_summary
benign-5917,permit,permit,deterministic_derivation_from_manuscript_summary
benign-5918,permit,permit,deterministic_derivation_from_manuscript_summary
benign-5919,permit,permit,deterministic_derivation_from_manuscript_summary
benign-5920,permit,permit,deterministic_derivation_from_manuscript_summary
benign-5921,permit,permit,deterministic_derivation_from_manuscript_summary
benign-5922,permit,permit,deterministic_derivation_from_manuscript_summary
benign-5923,permit,permit,deterministic_derivation_from_manuscript_summary
benign-5924,permit,permit,deterministic_derivation_from_manuscript_summary
benign-5925,permit,permit,deterministic_derivation_from_manuscript_summary
benign-5926,deny,permit,deterministic_derivation_from_manuscript_summary
benign-5927,permit,permit,deterministic_derivation_from_manuscript_summary
benign-5928,permit,permit,deterministic_derivation_from_manuscript_summary
benign-5929,permit,permit,deterministic_derivation_from_manuscript_summary
benign-5930,permit,permit,deterministic_derivation_from_manuscript_summary
benign-5931,permit,permit,deterministic_derivation_from_manuscript_summary
benign-5932,permit,permit,deterministic_derivation_from_manuscript_summary
benign-5933,permit,permit,deterministic_derivation_from_manuscript_summary
benign-5934,permit,permit,deterministic_derivation_from_manuscript_summary
benign-5935,permit,permit,deterministic_derivation_from_manuscript_summary
benign-5936,permit,permit,deterministic_derivation_from_manuscript_summary
benign-5937,deny,permit,deterministic_derivation_from_manuscript_summary
benign-5938,permit,permit,deterministic_derivation_from_manuscript_summary
benign-5939,permit,permit,deterministic_derivation_from_manuscript_summary
benign-5940,permit,permit,deterministic_derivation_from_manuscript_summary
benign-5941,permit,permit,deterministic_derivation_from_manuscript_summary
benign-5942,permit,permit,deterministic_derivation_from_manuscript_summary
benign-5943,permit,permit,deterministic_derivation_from_manuscript_summary
benign-5944,permit,permit,deterministic_derivation_from_manuscript_summary
benign-5945,permit,deny,deterministic_derivation_from_manuscript_summary
benign-5946,permit,permit,deterministic_derivation_from_manuscript_summary
benign-5947,permit,permit,deterministic_derivation_from_manuscript_summary
benign-5948,permit,permit,deterministic_derivation_from_manuscript_summary
benign-5949,permit,permit,deterministic_derivation_from_manuscript_summary
benign-5950,permit,permit,deterministic_derivation_from_manuscript_summary
benign-5951,permit,permit,deterministic_derivation_from_manuscript_summary
benign-5952,permit,permit,deterministic_derivation_from_manuscript_summary
benign-5953,permit,permit,deterministic_derivation_from_manuscript_summary
benign-5954,permit,permit,deterministic_derivation_from_manuscript_summary
benign-5955,permit,permit,deterministic_derivation_from_manuscript_summary
benign-5956,permit,permit,deterministic_derivation_from_manuscript_summary
benign-5957,permit,permit,deterministic_derivation_from_manuscript_summary
benign-5958,deny,permit,deterministic_derivation_from_manuscript_summary
benign-5959,permit,permit,deterministic_derivation_from_manuscript_summary
benign-5960,permit,permit,deterministic_derivation_from_manuscript_summary
benign-5961,permit,permit,deterministic_derivation_from_manuscript_summary
benign-5962,permit,permit,deterministic_derivation_from_manuscript_summary
benign-5963,deny,permit,deterministic_derivation_from_manuscript_summary
benign-5964,permit,permit,deterministic_derivation_from_manuscript_summary
benign-5965,permit,permit,deterministic_derivation_from_manuscript_summary
benign-5966,permit,permit,deterministic_derivation_from_manuscript_summary
benign-5967,permit,permit,deterministic_derivation_from_manuscript_summary
benign-5968,permit,permit,deterministic_derivation_from_manuscript_summary
benign-5969,permit,permit,deterministic_derivation_from_manuscript_summary
benign-5970,permit,permit,deterministic_derivation_from_manuscript_summary
benign-5971,permit,permit,deterministic_derivation_from_manuscript_summary
benign-5972,permit,permit,deterministic_derivation_from_manuscript_summary
benign-5973,permit,permit,deterministic_derivation_from_manuscript_summary
benign-5974,permit,deny,deterministic_derivation_from_manuscript_summary
benign-5975,permit,permit,deterministic_derivation_from_manuscript_summary
benign-5976,permit,permit,deterministic_derivation_from_manuscript_summary
benign-5977,permit,permit,deterministic_derivation_from_manuscript_summary
benign-5978,permit,permit,deterministic_derivation_from_manuscript_summary
benign-5979,permit,permit,deterministic_derivation_from_manuscript_summary
benign-5980,permit,permit,deterministic_derivation_from_manuscript_summary
benign-5981,permit,permit,deterministic_derivation_from_manuscript_summary
benign-5982,deny,permit,deterministic_derivation_from_manuscript_summary
benign-5983,permit,deny,deterministic_derivation_from_manuscript_summary
benign-5984,permit,permit,deterministic_derivation_from_manuscript_summary
benign-5985,permit,permit,deterministic_derivation_from_manuscript_summary
benign-5986,permit,permit,deterministic_derivation_from_manuscript_summary
benign-5987,permit,permit,deterministic_derivation_from_manuscript_summary
benign-5988,permit,permit,deterministic_derivation_from_manuscript_summary
benign-5989,permit,permit,deterministic_derivation_from_manuscript_summary
benign-5990,permit,permit,deterministic_derivation_from_manuscript_summary
benign-5991,permit,permit,deterministic_derivation_from_manuscript_summary
benign-5992,permit,permit,deterministic_derivation_from_manuscript_summary
benign-5993,permit,permit,deterministic_derivation_from_manuscript_summary
benign-5994,permit,permit,deterministic_derivation_from_manuscript_summary
benign-5995,permit,permit,deterministic_derivation_from_manuscript_summary
benign-5996,permit,permit,deterministic_derivation_from_manuscript_summary
benign-5997,permit,permit,deterministic_derivation_from_manuscript_summary
benign-5998,permit,permit,deterministic_derivation_from_manuscript_summary
benign-5999,permit,permit,deterministic_derivation_from_manuscript_summary
benign-6000,permit,permit,deterministic_derivation_from_manuscript_summary
benign-6001,deny,permit,deterministic_derivation_from_manuscript_summary
benign-6002,permit,permit,deterministic_derivation_from_manuscript_summary
benign-6003,permit,permit,deterministic_derivation_from_manuscript_summary
benign-6004,permit,permit,deterministic_derivation_from_manuscript_summary
benign-6005,permit,permit,deterministic_derivation_from_manuscript_summary
benign-6006,permit,permit,deterministic_derivation_from_manuscript_summary
benign-6007,permit,permit,deterministic_derivation_from_manuscript_summary
benign-6008,permit,deny,deterministic_derivation_from_manuscript_summary
benign-6009,permit,permit,deterministic_derivation_from_manuscript_summary
benign-6010,permit,permit,deterministic_derivation_from_manuscript_summary
benign-6011,permit,permit,deterministic_derivation_from_manuscript_summary
benign-6012,permit,deny,deterministic_derivation_from_manuscript_summary
benign-6013,permit,permit,deterministic_derivation_from_manuscript_summary
benign-6014,permit,permit,deterministic_derivation_from_manuscript_summary
benign-6015,permit,permit,deterministic_derivation_from_manuscript_summary
benign-6016,permit,permit,deterministic_derivation_from_manuscript_summary
benign-6017,permit,permit,deterministic_derivation_from_manuscript_summary
benign-6018,permit,permit,deterministic_derivation_from_manuscript_summary
benign-6019,permit,permit,deterministic_derivation_from_manuscript_summary
benign-6020,permit,permit,deterministic_derivation_from_manuscript_summary
benign-6021,permit,permit,deterministic_derivation_from_manuscript_summary
benign-6022,permit,permit,deterministic_derivation_from_manuscript_summary
benign-6023,permit,permit,deterministic_derivation_from_manuscript_summary
benign-6024,permit,permit,deterministic_derivation_from_manuscript_summary
benign-6025,permit,permit,deterministic_derivation_from_manuscript_summary
benign-6026,permit,permit,deterministic_derivation_from_manuscript_summary
benign-6027,deny,permit,deterministic_derivation_from_manuscript_summary
benign-6028,permit,permit,deterministic_derivation_from_manuscript_summary
benign-6029,permit,permit,deterministic_derivation_from_manuscript_summary
benign-6030,permit,permit,deterministic_derivation_from_manuscript_summary
benign-6031,permit,permit,deterministic_derivation_from_manuscript_summary
benign-6032,permit,permit,deterministic_derivation_from_manuscript_summary
benign-6033,permit,permit,deterministic_derivation_from_manuscript_summary
benign-6034,permit,permit,deterministic_derivation_from_manuscript_summary
benign-6035,permit,permit,deterministic_derivation_from_manuscript_summary
benign-6036,deny,permit,deterministic_derivation_from_manuscript_summary
benign-6037,deny,permit,deterministic_derivation_from_manuscript_summary
benign-6038,permit,permit,deterministic_derivation_from_manuscript_summary
benign-6039,permit,permit,deterministic_derivation_from_manuscript_summary
benign-6040,permit,permit,deterministic_derivation_from_manuscript_summary
benign-6041,permit,permit,deterministic_derivation_from_manuscript_summary
benign-6042,deny,permit,deterministic_derivation_from_manuscript_summary
benign-6043,permit,permit,deterministic_derivation_from_manuscript_summary
benign-6044,permit,permit,deterministic_derivation_from_manuscript_summary
benign-6045,permit,permit,deterministic_derivation_from_manuscript_summary
benign-6046,permit,permit,deterministic_derivation_from_manuscript_summary
benign-6047,permit,permit,deterministic_derivation_from_manuscript_summary
benign-6048,permit,permit,deterministic_derivation_from_manuscript_summary
benign-6049,permit,permit,deterministic_derivation_from_manuscript_summary
benign-6050,permit,permit,deterministic_derivation_from_manuscript_summary
benign-6051,permit,permit,deterministic_derivation_from_manuscript_summary
benign-6052,permit,permit,deterministic_derivation_from_manuscript_summary
benign-6053,deny,permit,deterministic_derivation_from_manuscript_summary
benign-6054,permit,permit,deterministic_derivation_from_manuscript_summary
benign-6055,permit,permit,deterministic_derivation_from_manuscript_summary
benign-6056,permit,permit,deterministic_derivation_from_manuscript_summary
benign-6057,permit,permit,deterministic_derivation_from_manuscript_summary
benign-6058,permit,permit,deterministic_derivation_from_manuscript_summary
benign-6059,permit,permit,deterministic_derivation_from_manuscript_summary
benign-6060,permit,permit,deterministic_derivation_from_manuscript_summary
benign-6061,permit,permit,deterministic_derivation_from_manuscript_summary
benign-6062,permit,permit,deterministic_derivation_from_manuscript_summary
benign-6063,permit,permit,deterministic_derivation_from_manuscript_summary
benign-6064,permit,permit,deterministic_derivation_from_manuscript_summary
benign-6065,permit,permit,deterministic_derivation_from_manuscript_summary
benign-6066,permit,permit,deterministic_derivation_from_manuscript_summary
benign-6067,permit,permit,deterministic_derivation_from_manuscript_summary
benign-6068,permit,permit,deterministic_derivation_from_manuscript_summary
benign-6069,deny,permit,deterministic_derivation_from_manuscript_summary
benign-6070,permit,permit,deterministic_derivation_from_manuscript_summary
benign-6071,permit,permit,deterministic_derivation_from_manuscript_summary
benign-6072,permit,permit,deterministic_derivation_from_manuscript_summary
benign-6073,permit,permit,deterministic_derivation_from_manuscript_summary
benign-6074,permit,permit,deterministic_derivation_from_manuscript_summary
benign-6075,permit,permit,deterministic_derivation_from_manuscript_summary
benign-6076,permit,permit,deterministic_derivation_from_manuscript_summary
benign-6077,permit,permit,deterministic_derivation_from_manuscript_summary
benign-6078,permit,permit,deterministic_derivation_from_manuscript_summary
benign-6079,deny,permit,deterministic_derivation_from_manuscript_summary
benign-6080,permit,permit,deterministic_derivation_from_manuscript_summary
benign-6081,permit,permit,deterministic_derivation_from_manuscript_summary
benign-6082,permit,permit,deterministic_derivation_from_manuscript_summary
benign-6083,permit,permit,deterministic_derivation_from_manuscript_summary
benign-6084,permit,permit,deterministic_derivation_from_manuscript_summary
benign-6085,permit,permit,deterministic_derivation_from_manuscript_summary
benign-6086,permit,permit,deterministic_derivation_from_manuscript_summary
benign-6087,permit,permit,deterministic_derivation_from_manuscript_summary
benign-6088,permit,permit,deterministic_derivation_from_manuscript_summary
benign-6089,permit,permit,deterministic_derivation_from_manuscript_summary
benign-6090,permit,permit,deterministic_derivation_from_manuscript_summary
benign-6091,permit,permit,deterministic_derivation_from_manuscript_summary
benign-6092,permit,permit,deterministic_derivation_from_manuscript_summary
benign-6093,permit,permit,deterministic_derivation_from_manuscript_summary
benign-6094,permit,permit,deterministic_derivation_from_manuscript_summary
benign-6095,permit,permit,deterministic_derivation_from_manuscript_summary
benign-6096,permit,permit,deterministic_derivation_from_manuscript_summary
benign-6097,permit,deny,deterministic_derivation_from_manuscript_summary
benign-6098,permit,permit,deterministic_derivation_from_manuscript_summary
benign-6099,permit,permit,deterministic_derivation_from_manuscript_summary
benign-6100,permit,permit,deterministic_derivation_from_manuscript_summary
benign-6101,permit,permit,deterministic_derivation_from_manuscript_summary
benign-6102,permit,permit,deterministic_derivation_from_manuscript_summary
benign-6103,permit,permit,deterministic_derivation_from_manuscript_summary
benign-6104,permit,permit,deterministic_derivation_from_manuscript_summary
benign-6105,permit,permit,deterministic_derivation_from_manuscript_summary
benign-6106,permit,permit,deterministic_derivation_from_manuscript_summary
benign-6107,permit,permit,deterministic_derivation_from_manuscript_summary
benign-6108,permit,permit,deterministic_derivation_from_manuscript_summary
benign-6109,permit,permit,deterministic_derivation_from_manuscript_summary
benign-6110,permit,permit,deterministic_derivation_from_manuscript_summary
benign-6111,permit,permit,deterministic_derivation_from_manuscript_summary
benign-6112,permit,permit,deterministic_derivation_from_manuscript_summary
benign-6113,deny,permit,deterministic_derivation_from_manuscript_summary
benign-6114,permit,permit,deterministic_derivation_from_manuscript_summary
benign-6115,permit,permit,deterministic_derivation_from_manuscript_summary
benign-6116,permit,permit,deterministic_derivation_from_manuscript_summary
benign-6117,deny,permit,deterministic_derivation_from_manuscript_summary
benign-6118,permit,permit,deterministic_derivation_from_manuscript_summary
benign-6119,permit,permit,deterministic_derivation_from_manuscript_summary
benign-6120,permit,permit,deterministic_derivation_from_manuscript_summary
benign-6121,permit,permit,deterministic_derivation_from_manuscript_summary
benign-6122,permit,permit,deterministic_derivation_from_manuscript_summary
benign-6123,permit,permit,deterministic_derivation_from_manuscript_summary
benign-6124,permit,permit,deterministic_derivation_from_manuscript_summary
benign-6125,permit,permit,deterministic_derivation_from_manuscript_summary
benign-6126,permit,permit,deterministic_derivation_from_manuscript_summary
benign-6127,permit,permit,deterministic_derivation_from_manuscript_summary
benign-6128,permit,permit,deterministic_derivation_from_manuscript_summary
benign-6129,permit,permit,deterministic_derivation_from_manuscript_summary
benign-6130,permit,permit,deterministic_derivation_from_manuscript_summary
benign-6131,permit,permit,deterministic_derivation_from_manuscript_summary
benign-6132,permit,permit,deterministic_derivation_from_manuscript_summary
benign-6133,permit,permit,deterministic_derivation_from_manuscript_summary
benign-6134,permit,permit,deterministic_derivation_from_manuscript_summary
benign-6135,permit,permit,deterministic_derivation_from_manuscript_summary
benign-6136,permit,permit,deterministic_derivation_from_manuscript_summary
benign-6137,permit,permit,deterministic_derivation_from_manuscript_summary
benign-6138,deny,permit,deterministic_derivation_from_manuscript_summary
benign-6139,permit,permit,deterministic_derivation_from_manuscript_summary
benign-6140,permit,permit,deterministic_derivation_from_manuscript_summary
benign-6141,permit,permit,deterministic_derivation_from_manuscript_summary
benign-6142,permit,permit,deterministic_derivation_from_manuscript_summary
benign-6143,permit,permit,deterministic_derivation_from_manuscript_summary
benign-6144,permit,permit,deterministic_derivation_from_manuscript_summary
benign-6145,permit,permit,deterministic_derivation_from_manuscript_summary
benign-6146,permit,permit,deterministic_derivation_from_manuscript_summary
benign-6147,permit,permit,deterministic_derivation_from_manuscript_summary
benign-6148,permit,permit,deterministic_derivation_from_manuscript_summary
benign-6149,permit,permit,deterministic_derivation_from_manuscript_summary
benign-6150,permit,permit,deterministic_derivation_from_manuscript_summary
benign-6151,permit,permit,deterministic_derivation_from_manuscript_summary
benign-6152,permit,permit,deterministic_derivation_from_manuscript_summary
benign-6153,permit,permit,deterministic_derivation_from_manuscript_summary
benign-6154,permit,permit,deterministic_derivation_from_manuscript_summary
benign-6155,permit,permit,deterministic_derivation_from_manuscript_summary
benign-6156,permit,permit,deterministic_derivation_from_manuscript_summary
benign-6157,permit,permit,deterministic_derivation_from_manuscript_summary
benign-6158,permit,permit,deterministic_derivation_from_manuscript_summary
benign-6159,permit,permit,deterministic_derivation_from_manuscript_summary
benign-6160,permit,permit,deterministic_derivation_from_manuscript_summary
benign-6161,permit,permit,deterministic_derivation_from_manuscript_summary
benign-6162,permit,permit,deterministic_derivation_from_manuscript_summary
benign-6163,permit,permit,deterministic_derivation_from_manuscript_summary
benign-6164,deny,permit,deterministic_derivation_from_manuscript_summary
benign-6165,permit,permit,deterministic_derivation_from_manuscript_summary
benign-6166,permit,permit,deterministic_derivation_from_manuscript_summary
benign-6167,permit,permit,deterministic_derivation_from_manuscript_summary
benign-6168,permit,permit,deterministic_derivation_from_manuscript_summary
benign-6169,deny,permit,deterministic_derivation_from_manuscript_summary
benign-6170,permit,permit,deterministic_derivation_from_manuscript_summary
benign-6171,permit,permit,deterministic_derivation_from_manuscript_summary
benign-6172,permit,deny,deterministic_derivation_from_manuscript_summary
benign-6173,permit,permit,deterministic_derivation_from_manuscript_summary
benign-6174,permit,permit,deterministic_derivation_from_manuscript_summary
benign-6175,permit,permit,deterministic_derivation_from_manuscript_summary
benign-6176,permit,permit,deterministic_derivation_from_manuscript_summary
benign-6177,permit,permit,deterministic_derivation_from_manuscript_summary
benign-6178,permit,permit,deterministic_derivation_from_manuscript_summary
benign-6179,permit,permit,deterministic_derivation_from_manuscript_summary
benign-6180,permit,permit,deterministic_derivation_from_manuscript_summary
benign-6181,permit,permit,deterministic_derivation_from_manuscript_summary
benign-6182,permit,permit,deterministic_derivation_from_manuscript_summary
benign-6183,permit,permit,deterministic_derivation_from_manuscript_summary
benign-6184,permit,permit,deterministic_derivation_from_manuscript_summary
benign-6185,permit,permit,deterministic_derivation_from_manuscript_summary
benign-6186,permit,permit,deterministic_derivation_from_manuscript_summary
benign-6187,permit,permit,deterministic_derivation_from_manuscript_summary
benign-6188,permit,permit,deterministic_derivation_from_manuscript_summary
benign-6189,permit,permit,deterministic_derivation_from_manuscript_summary
benign-6190,permit,permit,deterministic_derivation_from_manuscript_summary
benign-6191,permit,permit,deterministic_derivation_from_manuscript_summary
benign-6192,permit,permit,deterministic_derivation_from_manuscript_summary
benign-6193,permit,permit,deterministic_derivation_from_manuscript_summary
benign-6194,permit,permit,deterministic_derivation_from_manuscript_summary
benign-6195,permit,deny,deterministic_derivation_from_manuscript_summary
benign-6196,permit,permit,deterministic_derivation_from_manuscript_summary
benign-6197,permit,permit,deterministic_derivation_from_manuscript_summary
benign-6198,permit,permit,deterministic_derivation_from_manuscript_summary
benign-6199,permit,permit,deterministic_derivation_from_manuscript_summary
benign-6200,permit,permit,deterministic_derivation_from_manuscript_summary
benign-6201,permit,permit,deterministic_derivation_from_manuscript_summary
benign-6202,permit,permit,deterministic_derivation_from_manuscript_summary
benign-6203,deny,permit,deterministic_derivation_from_manuscript_summary
benign-6204,permit,deny,deterministic_derivation_from_manuscript_summary
benign-6205,deny,permit,deterministic_derivation_from_manuscript_summary
benign-6206,permit,permit,deterministic_derivation_from_manuscript_summary
benign-6207,permit,permit,deterministic_derivation_from_manuscript_summary
benign-6208,permit,permit,deterministic_derivation_from_manuscript_summary
benign-6209,permit,permit,deterministic_derivation_from_manuscript_summary
benign-6210,permit,permit,deterministic_derivation_from_manuscript_summary
benign-6211,permit,permit,deterministic_derivation_from_manuscript_summary
benign-6212,permit,permit,deterministic_derivation_from_manuscript_summary
benign-6213,permit,permit,deterministic_derivation_from_manuscript_summary
benign-6214,permit,permit,deterministic_derivation_from_manuscript_summary
benign-6215,permit,permit,deterministic_derivation_from_manuscript_summary
benign-6216,permit,permit,deterministic_derivation_from_manuscript_summary
benign-6217,permit,permit,deterministic_derivation_from_manuscript_summary
benign-6218,permit,permit,deterministic_derivation_from_manuscript_summary
benign-6219,permit,permit,deterministic_derivation_from_manuscript_summary
benign-6220,permit,permit,deterministic_derivation_from_manuscript_summary
benign-6221,permit,permit,deterministic_derivation_from_manuscript_summary
benign-6222,permit,permit,deterministic_derivation_from_manuscript_summary
benign-6223,permit,permit,deterministic_derivation_from_manuscript_summary
benign-6224,permit,permit,deterministic_derivation_from_manuscript_summary
benign-6225,permit,permit,deterministic_derivation_from_manuscript_summary
benign-6226,permit,permit,deterministic_derivation_from_manuscript_summary
benign-6227,permit,permit,deterministic_derivation_from_manuscript_summary
benign-6228,permit,permit,deterministic_derivation_from_manuscript_summary
benign-6229,deny,permit,deterministic_derivation_from_manuscript_summary
benign-6230,permit,permit,deterministic_derivation_from_manuscript_summary
benign-6231,permit,permit,deterministic_derivation_from_manuscript_summary
benign-6232,permit,permit,deterministic_derivation_from_manuscript_summary
benign-6233,permit,permit,deterministic_derivation_from_manuscript_summary
benign-6234,permit,permit,deterministic_derivation_from_manuscript_summary
benign-6235,deny,deny,deterministic_derivation_from_manuscript_summary
benign-6236,permit,permit,deterministic_derivation_from_manuscript_summary
benign-6237,permit,permit,deterministic_derivation_from_manuscript_summary
benign-6238,permit,permit,deterministic_derivation_from_manuscript_summary
benign-6239,permit,permit,deterministic_derivation_from_manuscript_summary
benign-6240,permit,permit,deterministic_derivation_from_manuscript_summary
benign-6241,permit,permit,deterministic_derivation_from_manuscript_summary
benign-6242,permit,permit,deterministic_derivation_from_manuscript_summary
benign-6243,permit,permit,deterministic_derivation_from_manuscript_summary
benign-6244,deny,permit,deterministic_derivation_from_manuscript_summary
benign-6245,permit,permit,deterministic_derivation_from_manuscript_summary
benign-6246,permit,permit,deterministic_derivation_from_manuscript_summary
benign-6247,permit,permit,deterministic_derivation_from_manuscript_summary
benign-6248,permit,permit,deterministic_derivation_from_manuscript_summary
benign-6249,permit,permit,deterministic_derivation_from_manuscript_summary
benign-6250,permit,permit,deterministic_derivation_from_manuscript_summary
benign-6251,permit,permit,deterministic_derivation_from_manuscript_summary
benign-6252,permit,permit,deterministic_derivation_from_manuscript_summary
benign-6253,permit,permit,deterministic_derivation_from_manuscript_summary
benign-6254,permit,permit,deterministic_derivation_from_manuscript_summary
benign-6255,permit,permit,deterministic_derivation_from_manuscript_summary
benign-6256,permit,permit,deterministic_derivation_from_manuscript_summary
benign-6257,permit,permit,deterministic_derivation_from_manuscript_summary
benign-6258,permit,permit,deterministic_derivation_from_manuscript_summary
benign-6259,permit,permit,deterministic_derivation_from_manuscript_summary
benign-6260,permit,permit,deterministic_derivation_from_manuscript_summary
benign-6261,permit,permit,deterministic_derivation_from_manuscript_summary
benign-6262,deny,permit,deterministic_derivation_from_manuscript_summary
benign-6263,permit,permit,deterministic_derivation_from_manuscript_summary
benign-6264,permit,permit,deterministic_derivation_from_manuscript_summary
benign-6265,permit,permit,deterministic_derivation_from_manuscript_summary
benign-6266,permit,permit,deterministic_derivation_from_manuscript_summary
benign-6267,permit,permit,deterministic_derivation_from_manuscript_summary
benign-6268,deny,permit,deterministic_derivation_from_manuscript_summary
benign-6269,permit,permit,deterministic_derivation_from_manuscript_summary
benign-6270,permit,permit,deterministic_derivation_from_manuscript_summary
benign-6271,permit,permit,deterministic_derivation_from_manuscript_summary
benign-6272,permit,permit,deterministic_derivation_from_manuscript_summary
benign-6273,permit,permit,deterministic_derivation_from_manuscript_summary
benign-6274,permit,permit,deterministic_derivation_from_manuscript_summary
benign-6275,permit,permit,deterministic_derivation_from_manuscript_summary
benign-6276,permit,permit,deterministic_derivation_from_manuscript_summary
benign-6277,permit,permit,deterministic_derivation_from_manuscript_summary
benign-6278,permit,permit,deterministic_derivation_from_manuscript_summary
benign-6279,permit,permit,deterministic_derivation_from_manuscript_summary
benign-6280,permit,permit,deterministic_derivation_from_manuscript_summary
benign-6281,permit,permit,deterministic_derivation_from_manuscript_summary
benign-6282,permit,permit,deterministic_derivation_from_manuscript_summary
benign-6283,permit,permit,deterministic_derivation_from_manuscript_summary
benign-6284,permit,permit,deterministic_derivation_from_manuscript_summary
benign-6285,permit,permit,deterministic_derivation_from_manuscript_summary
benign-6286,permit,permit,deterministic_derivation_from_manuscript_summary
benign-6287,deny,permit,deterministic_derivation_from_manuscript_summary
benign-6288,permit,permit,deterministic_derivation_from_manuscript_summary
benign-6289,permit,permit,deterministic_derivation_from_manuscript_summary
benign-6290,permit,permit,deterministic_derivation_from_manuscript_summary
benign-6291,permit,permit,deterministic_derivation_from_manuscript_summary
benign-6292,permit,permit,deterministic_derivation_from_manuscript_summary
benign-6293,permit,permit,deterministic_derivation_from_manuscript_summary
benign-6294,permit,permit,deterministic_derivation_from_manuscript_summary
benign-6295,permit,permit,deterministic_derivation_from_manuscript_summary
benign-6296,permit,permit,deterministic_derivation_from_manuscript_summary
benign-6297,deny,permit,deterministic_derivation_from_manuscript_summary
benign-6298,permit,permit,deterministic_derivation_from_manuscript_summary
benign-6299,deny,permit,deterministic_derivation_from_manuscript_summary
benign-6300,permit,permit,deterministic_derivation_from_manuscript_summary
benign-6301,permit,permit,deterministic_derivation_from_manuscript_summary
benign-6302,permit,permit,deterministic_derivation_from_manuscript_summary
benign-6303,permit,permit,deterministic_derivation_from_manuscript_summary
benign-6304,permit,permit,deterministic_derivation_from_manuscript_summary
benign-6305,permit,permit,deterministic_derivation_from_manuscript_summary
benign-6306,permit,permit,deterministic_derivation_from_manuscript_summary
benign-6307,permit,permit,deterministic_derivation_from_manuscript_summary
benign-6308,permit,permit,deterministic_derivation_from_manuscript_summary
benign-6309,permit,permit,deterministic_derivation_from_manuscript_summary
benign-6310,permit,permit,deterministic_derivation_from_manuscript_summary
benign-6311,permit,permit,deterministic_derivation_from_manuscript_summary
benign-6312,deny,permit,deterministic_derivation_from_manuscript_summary
benign-6313,permit,permit,deterministic_derivation_from_manuscript_summary
benign-6314,permit,permit,deterministic_derivation_from_manuscript_summary
benign-6315,deny,deny,deterministic_derivation_from_manuscript_summary
benign-6316,permit,permit,deterministic_derivation_from_manuscript_summary
benign-6317,permit,permit,deterministic_derivation_from_manuscript_summary
benign-6318,permit,permit,deterministic_derivation_from_manuscript_summary
benign-6319,permit,permit,deterministic_derivation_from_manuscript_summary
benign-6320,permit,permit,deterministic_derivation_from_manuscript_summary
benign-6321,permit,permit,deterministic_derivation_from_manuscript_summary
benign-6322,permit,permit,deterministic_derivation_from_manuscript_summary
benign-6323,deny,permit,deterministic_derivation_from_manuscript_summary
benign-6324,permit,permit,deterministic_derivation_from_manuscript_summary
benign-6325,permit,permit,deterministic_derivation_from_manuscript_summary
benign-6326,permit,permit,deterministic_derivation_from_manuscript_summary
benign-6327,permit,permit,deterministic_derivation_from_manuscript_summary
benign-6328,deny,permit,deterministic_derivation_from_manuscript_summary
benign-6329,permit,permit,deterministic_derivation_from_manuscript_summary
benign-6330,permit,permit,deterministic_derivation_from_manuscript_summary
benign-6331,permit,permit,deterministic_derivation_from_manuscript_summary
benign-6332,permit,permit,deterministic_derivation_from_manuscript_summary
benign-6333,permit,permit,deterministic_derivation_from_manuscript_summary
benign-6334,permit,permit,deterministic_derivation_from_manuscript_summary
benign-6335,permit,permit,deterministic_derivation_from_manuscript_summary
benign-6336,permit,permit,deterministic_derivation_from_manuscript_summary
benign-6337,permit,permit,deterministic_derivation_from_manuscript_summary
benign-6338,permit,permit,deterministic_derivation_from_manuscript_summary
benign-6339,deny,permit,deterministic_derivation_from_manuscript_summary
benign-6340,permit,permit,deterministic_derivation_from_manuscript_summary
benign-6341,permit,permit,deterministic_derivation_from_manuscript_summary
benign-6342,permit,permit,deterministic_derivation_from_manuscript_summary
benign-6343,permit,permit,deterministic_derivation_from_manuscript_summary
benign-6344,permit,permit,deterministic_derivation_from_manuscript_summary
benign-6345,deny,permit,deterministic_derivation_from_manuscript_summary
benign-6346,permit,permit,deterministic_derivation_from_manuscript_summary
benign-6347,permit,permit,deterministic_derivation_from_manuscript_summary
benign-6348,permit,permit,deterministic_derivation_from_manuscript_summary
benign-6349,permit,permit,deterministic_derivation_from_manuscript_summary
benign-6350,permit,permit,deterministic_derivation_from_manuscript_summary
benign-6351,permit,permit,deterministic_derivation_from_manuscript_summary
benign-6352,permit,permit,deterministic_derivation_from_manuscript_summary
benign-6353,permit,permit,deterministic_derivation_from_manuscript_summary
benign-6354,permit,permit,deterministic_derivation_from_manuscript_summary
benign-6355,permit,permit,deterministic_derivation_from_manuscript_summary
benign-6356,deny,permit,deterministic_derivation_from_manuscript_summary
benign-6357,permit,permit,deterministic_derivation_from_manuscript_summary
benign-6358,permit,permit,deterministic_derivation_from_manuscript_summary
benign-6359,permit,permit,deterministic_derivation_from_manuscript_summary
benign-6360,permit,permit,deterministic_derivation_from_manuscript_summary
benign-6361,permit,permit,deterministic_derivation_from_manuscript_summary
benign-6362,permit,permit,deterministic_derivation_from_manuscript_summary
benign-6363,permit,permit,deterministic_derivation_from_manuscript_summary
benign-6364,permit,permit,deterministic_derivation_from_manuscript_summary
benign-6365,permit,permit,deterministic_derivation_from_manuscript_summary
benign-6366,permit,permit,deterministic_derivation_from_manuscript_summary
benign-6367,permit,permit,deterministic_derivation_from_manuscript_summary
benign-6368,permit,permit,deterministic_derivation_from_manuscript_summary
benign-6369,permit,permit,deterministic_derivation_from_manuscript_summary
benign-6370,permit,permit,deterministic_derivation_from_manuscript_summary
benign-6371,permit,permit,deterministic_derivation_from_manuscript_summary
benign-6372,permit,permit,deterministic_derivation_from_manuscript_summary
benign-6373,deny,permit,deterministic_derivation_from_manuscript_summary
benign-6374,permit,permit,deterministic_derivation_from_manuscript_summary
benign-6375,permit,permit,deterministic_derivation_from_manuscript_summary
benign-6376,permit,permit,deterministic_derivation_from_manuscript_summary
benign-6377,permit,permit,deterministic_derivation_from_manuscript_summary
benign-6378,permit,permit,deterministic_derivation_from_manuscript_summary
benign-6379,permit,permit,deterministic_derivation_from_manuscript_summary
benign-6380,permit,permit,deterministic_derivation_from_manuscript_summary
benign-6381,permit,permit,deterministic_derivation_from_manuscript_summary
benign-6382,deny,permit,deterministic_derivation_from_manuscript_summary
benign-6383,permit,permit,deterministic_derivation_from_manuscript_summary
benign-6384,permit,permit,deterministic_derivation_from_manuscript_summary
benign-6385,permit,permit,deterministic_derivation_from_manuscript_summary
benign-6386,permit,permit,deterministic_derivation_from_manuscript_summary
benign-6387,permit,permit,deterministic_derivation_from_manuscript_summary
benign-6388,permit,permit,deterministic_derivation_from_manuscript_summary
benign-6389,permit,permit,deterministic_derivation_from_manuscript_summary
benign-6390,permit,permit,deterministic_derivation_from_manuscript_summary
benign-6391,permit,permit,deterministic_derivation_from_manuscript_summary
benign-6392,permit,permit,deterministic_derivation_from_manuscript_summary
benign-6393,permit,permit,deterministic_derivation_from_manuscript_summary
benign-6394,permit,permit,deterministic_derivation_from_manuscript_summary
benign-6395,permit,permit,deterministic_derivation_from_manuscript_summary
benign-6396,permit,permit,deterministic_derivation_from_manuscript_summary
benign-6397,permit,permit,deterministic_derivation_from_manuscript_summary
benign-6398,permit,permit,deterministic_derivation_from_manuscript_summary
benign-6399,permit,permit,deterministic_derivation_from_manuscript_summary
benign-6400,permit,permit,deterministic_derivation_from_manuscript_summary
benign-6401,permit,permit,deterministic_derivation_from_manuscript_summary
benign-6402,permit,permit,deterministic_derivation_from_manuscript_summary
benign-6403,permit,permit,deterministic_derivation_from_manuscript_summary
benign-6404,permit,permit,deterministic_derivation_from_manuscript_summary
benign-6405,permit,permit,deterministic_derivation_from_manuscript_summary
benign-6406,permit,permit,deterministic_derivation_from_manuscript_summary
benign-6407,permit,permit,deterministic_derivation_from_manuscript_summary
benign-6408,permit,permit,deterministic_derivation_from_manuscript_summary
benign-6409,permit,permit,deterministic_derivation_from_manuscript_summary
benign-6410,deny,permit,deterministic_derivation_from_manuscript_summary
benign-6411,permit,permit,deterministic_derivation_from_manuscript_summary
benign-6412,permit,permit,deterministic_derivation_from_manuscript_summary
benign-6413,permit,permit,deterministic_derivation_from_manuscript_summary
benign-6414,permit,permit,deterministic_derivation_from_manuscript_summary
benign-6415,permit,permit,deterministic_derivation_from_manuscript_summary
benign-6416,permit,permit,deterministic_derivation_from_manuscript_summary
benign-6417,permit,permit,deterministic_derivation_from_manuscript_summary
benign-6418,deny,permit,deterministic_derivation_from_manuscript_summary
benign-6419,permit,permit,deterministic_derivation_from_manuscript_summary
benign-6420,deny,permit,deterministic_derivation_from_manuscript_summary
benign-6421,permit,permit,deterministic_derivation_from_manuscript_summary
benign-6422,permit,permit,deterministic_derivation_from_manuscript_summary
benign-6423,permit,permit,deterministic_derivation_from_manuscript_summary
benign-6424,permit,permit,deterministic_derivation_from_manuscript_summary
benign-6425,permit,permit,deterministic_derivation_from_manuscript_summary
benign-6426,permit,permit,deterministic_derivation_from_manuscript_summary
benign-6427,permit,permit,deterministic_derivation_from_manuscript_summary
benign-6428,permit,permit,deterministic_derivation_from_manuscript_summary
benign-6429,deny,permit,deterministic_derivation_from_manuscript_summary
benign-6430,permit,permit,deterministic_derivation_from_manuscript_summary
benign-6431,permit,permit,deterministic_derivation_from_manuscript_summary
benign-6432,permit,permit,deterministic_derivation_from_manuscript_summary
benign-6433,permit,permit,deterministic_derivation_from_manuscript_summary
benign-6434,permit,permit,deterministic_derivation_from_manuscript_summary
benign-6435,permit,permit,deterministic_derivation_from_manuscript_summary
benign-6436,permit,permit,deterministic_derivation_from_manuscript_summary
benign-6437,permit,permit,deterministic_derivation_from_manuscript_summary
benign-6438,permit,permit,deterministic_derivation_from_manuscript_summary
benign-6439,permit,permit,deterministic_derivation_from_manuscript_summary
benign-6440,permit,permit,deterministic_derivation_from_manuscript_summary
benign-6441,permit,permit,deterministic_derivation_from_manuscript_summary
benign-6442,permit,permit,deterministic_derivation_from_manuscript_summary
benign-6443,permit,permit,deterministic_derivation_from_manuscript_summary
benign-6444,permit,permit,deterministic_derivation_from_manuscript_summary
benign-6445,permit,permit,deterministic_derivation_from_manuscript_summary
benign-6446,permit,permit,deterministic_derivation_from_manuscript_summary
benign-6447,permit,permit,deterministic_derivation_from_manuscript_summary
benign-6448,permit,permit,deterministic_derivation_from_manuscript_summary
benign-6449,permit,permit,deterministic_derivation_from_manuscript_summary
benign-6450,permit,permit,deterministic_derivation_from_manuscript_summary
benign-6451,permit,permit,deterministic_derivation_from_manuscript_summary
benign-6452,permit,permit,deterministic_derivation_from_manuscript_summary
benign-6453,permit,permit,deterministic_derivation_from_manuscript_summary
benign-6454,permit,permit,deterministic_derivation_from_manuscript_summary
benign-6455,permit,permit,deterministic_derivation_from_manuscript_summary
benign-6456,permit,permit,deterministic_derivation_from_manuscript_summary
benign-6457,permit,permit,deterministic_derivation_from_manuscript_summary
benign-6458,permit,permit,deterministic_derivation_from_manuscript_summary
benign-6459,permit,permit,deterministic_derivation_from_manuscript_summary
benign-6460,permit,permit,deterministic_derivation_from_manuscript_summary
benign-6461,deny,permit,deterministic_derivation_from_manuscript_summary
benign-6462,permit,permit,deterministic_derivation_from_manuscript_summary
benign-6463,permit,permit,deterministic_derivation_from_manuscript_summary
benign-6464,permit,permit,deterministic_derivation_from_manuscript_summary
benign-6465,permit,permit,deterministic_derivation_from_manuscript_summary
benign-6466,permit,permit,deterministic_derivation_from_manuscript_summary
benign-6467,permit,permit,deterministic_derivation_from_manuscript_summary
benign-6468,permit,permit,deterministic_derivation_from_manuscript_summary
benign-6469,permit,permit,deterministic_derivation_from_manuscript_summary
benign-6470,permit,permit,deterministic_derivation_from_manuscript_summary
benign-6471,permit,permit,deterministic_derivation_from_manuscript_summary
benign-6472,permit,permit,deterministic_derivation_from_manuscript_summary
benign-6473,permit,permit,deterministic_derivation_from_manuscript_summary
benign-6474,deny,permit,deterministic_derivation_from_manuscript_summary
benign-6475,permit,permit,deterministic_derivation_from_manuscript_summary
benign-6476,deny,permit,deterministic_derivation_from_manuscript_summary
benign-6477,permit,permit,deterministic_derivation_from_manuscript_summary
benign-6478,permit,permit,deterministic_derivation_from_manuscript_summary
benign-6479,permit,permit,deterministic_derivation_from_manuscript_summary
benign-6480,permit,permit,deterministic_derivation_from_manuscript_summary
benign-6481,permit,permit,deterministic_derivation_from_manuscript_summary
benign-6482,permit,permit,deterministic_derivation_from_manuscript_summary
benign-6483,permit,permit,deterministic_derivation_from_manuscript_summary
benign-6484,permit,permit,deterministic_derivation_from_manuscript_summary
benign-6485,permit,permit,deterministic_derivation_from_manuscript_summary
benign-6486,permit,permit,deterministic_derivation_from_manuscript_summary
benign-6487,permit,permit,deterministic_derivation_from_manuscript_summary
benign-6488,permit,permit,deterministic_derivation_from_manuscript_summary
benign-6489,permit,permit,deterministic_derivation_from_manuscript_summary
benign-6490,deny,permit,deterministic_derivation_from_manuscript_summary
benign-6491,permit,permit,deterministic_derivation_from_manuscript_summary
benign-6492,permit,permit,deterministic_derivation_from_manuscript_summary
benign-6493,permit,permit,deterministic_derivation_from_manuscript_summary
benign-6494,permit,permit,deterministic_derivation_from_manuscript_summary
benign-6495,permit,permit,deterministic_derivation_from_manuscript_summary
benign-6496,permit,permit,deterministic_derivation_from_manuscript_summary
benign-6497,permit,permit,deterministic_derivation_from_manuscript_summary
benign-6498,permit,permit,deterministic_derivation_from_manuscript_summary
benign-6499,permit,permit,deterministic_derivation_from_manuscript_summary
benign-6500,permit,permit,deterministic_derivation_from_manuscript_summary
